[2026-06-24 00:31:23] local.INFO: Gateway API - Request Received {"amount":"2500","source_user_id":1,"fullname":"merve aksoy"} 
[2026-06-24 00:31:23] local.INFO: Gateway API - Existing User Found/Updated {"user_id":1889} 
[2026-06-24 00:31:23] local.INFO: Gateway API - Sending request to Extra Cuzdan {"referenceno":"ref-1889-1782250283-3148","data":{"referenceno":"ref-1889-1782250283-3148","player_un":"kubraaricsifo997","player_id":"1889","player_name":"merve aksoy","player_identityno":55467030404,"player_telephone":"5554262860","player_email":"info@smsonaylatr.com","player_birthdate":"1990-01-01"}} 
[2026-06-24 00:31:23] local.INFO: Gateway API - Extra Cuzdan Response {"response":"{\"success\":true,\"href\":\"https:\\/\\/extracuzdan.com\\/new\\/B9DjxEdFTx20260624003123\"}"} 
[2026-06-24 00:31:23] local.INFO: Gateway API - Pending Deposit Created {"id":428,"islemno":"ref-1889-1782250283-3148","source_user_id":1} 
[2026-06-24 02:11:30] local.INFO: Gateway API - Request Received {"amount":"2500","source_user_id":1,"fullname":"emre küçükarabacı"} 
[2026-06-24 02:11:30] local.INFO: Gateway API - Existing User Found/Updated {"user_id":1889} 
[2026-06-24 02:11:30] local.INFO: Gateway API - Sending request to Extra Cuzdan {"referenceno":"ref-1889-1782256290-7207","data":{"referenceno":"ref-1889-1782256290-7207","player_un":"kubraaricsifo997","player_id":"1889","player_name":"emre küçükarabacı","player_identityno":55467030404,"player_telephone":"5554262860","player_email":"info@smsonaylatr.com","player_birthdate":"1990-01-01"}} 
[2026-06-24 02:11:30] local.INFO: Gateway API - Extra Cuzdan Response {"response":"{\"success\":true,\"href\":\"https:\\/\\/extracuzdan.com\\/new\\/BFSmGBYeLo20260624021130\"}"} 
[2026-06-24 02:11:30] local.INFO: Gateway API - Pending Deposit Created {"id":429,"islemno":"ref-1889-1782256290-7207","source_user_id":1} 
[2026-06-24 04:02:57] local.INFO: Gateway API - Request Received {"amount":"1000","source_user_id":35678,"fullname":"Eren erten"} 
[2026-06-24 04:02:57] local.INFO: Gateway API - New User Created {"user_id":1892,"username":"erenerten355"} 
[2026-06-24 04:02:57] local.INFO: Gateway API - Sending request to Extra Cuzdan {"referenceno":"ref-1892-1782262977-7952","data":{"referenceno":"ref-1892-1782262977-7952","player_un":"erenerten35678","player_id":"1892","player_name":"Eren erten","player_identityno":49499555066,"player_telephone":"5557814686","player_email":"ern.ertnn@gmail.com","player_birthdate":"1990-01-01"}} 
[2026-06-24 04:02:58] local.INFO: Gateway API - Extra Cuzdan Response {"response":"{\"success\":true,\"href\":\"https:\\/\\/extracuzdan.com\\/new\\/xPTwgepm1X20260624040258\"}"} 
[2026-06-24 04:02:58] local.INFO: Gateway API - Pending Deposit Created {"id":430,"islemno":"ref-1892-1782262977-7952","source_user_id":35678} 
[2026-06-24 04:15:00] local.INFO: Login attempt for: betsapi  
[2026-06-24 04:15:00] local.INFO: Yonetici found: Yes  
[2026-06-24 04:15:00] local.INFO: Yonetici password check: Match  
[2026-06-24 04:15:00] local.INFO: Yonetici login successful - redirecting to admin panel  
[2026-06-24 04:38:00] local.INFO: Gateway API - Request Received {"amount":"1200","source_user_id":1,"fullname":"Aslan Doğan"} 
[2026-06-24 04:38:00] local.INFO: Gateway API - New User Created {"user_id":1893,"username":"aslandogan286"} 
[2026-06-24 04:38:00] local.INFO: Gateway API - Sending request to Extra Cuzdan {"referenceno":"ref-1893-1782265080-2346","data":{"referenceno":"ref-1893-1782265080-2346","player_un":"doganaslan433","player_id":"150936","player_name":"Aslan Doğan","player_identityno":91226570002,"player_telephone":"5529160440","player_email":"doganaslan433@outlook.com","player_birthdate":"1983-10-23"}} 
[2026-06-24 04:38:00] local.INFO: Gateway API - Extra Cuzdan Response {"response":"{\"success\":true,\"href\":\"https:\\/\\/extracuzdan.com\\/new\\/YcSCewQydS20260624043800\"}"} 
[2026-06-24 04:38:00] local.INFO: Gateway API - Pending Deposit Created {"id":1,"islemno":"ref-1893-1782265080-2346","source_user_id":1} 
[2026-06-24 04:43:13] local.INFO: Gateway API - Request Received {"amount":"1500","source_user_id":60402,"fullname":"derya kılıç"} 
[2026-06-24 04:43:13] local.INFO: Gateway API - New User Created {"user_id":1894,"username":"deryakilic599"} 
[2026-06-24 04:43:13] local.INFO: Gateway API - Sending request to Extra Cuzdan {"referenceno":"ref-1894-1782265393-7658","data":{"amount":"1500","referenceno":"ref-1894-1782265393-7658","player_un":"derya.kilic174","player_id":"128507","player_name":"derya kılıç","player_identityno":20318159740,"player_telephone":"5550252123","player_email":"deryakilic174@gmail.com","player_birthdate":"1970-12-10"}} 
[2026-06-24 04:43:13] local.INFO: Gateway API - Extra Cuzdan Response {"response":"{\"success\":true,\"href\":\"https:\\/\\/extracuzdan.com\\/new\\/Aej62BWhNg20260624044313\"}"} 
[2026-06-24 04:43:13] local.INFO: Gateway API - Pending Deposit Created {"id":2,"islemno":"ref-1894-1782265393-7658","source_user_id":60402} 
[2026-06-24 05:01:01] local.INFO: Gateway API - Request Received {"amount":"2000","source_user_id":60404,"fullname":"makbule geçer"} 
[2026-06-24 05:01:01] local.INFO: Gateway API - New User Created {"user_id":1895,"username":"makbulegecer735"} 
[2026-06-24 05:01:01] local.INFO: Gateway API - Sending request to Extra Cuzdan {"referenceno":"ref-1895-1782266461-2080","data":{"amount":"2000","referenceno":"ref-1895-1782266461-2080","player_un":"gecermakbule627","player_id":"138101","player_name":"makbule geçer","player_identityno":45934531824,"player_telephone":"5557509205","player_email":"gecermakbule627@yahoo.com","player_birthdate":"1978-07-25"}} 
[2026-06-24 05:01:01] local.INFO: Gateway API - Extra Cuzdan Response {"response":"{\"success\":true,\"href\":\"https:\\/\\/extracuzdan.com\\/new\\/z6UiA2RWeo20260624050101\"}"} 
[2026-06-24 05:01:01] local.INFO: Gateway API - Pending Deposit Created {"id":3,"islemno":"ref-1895-1782266461-2080","source_user_id":60404} 
[2026-06-24 05:16:28] local.INFO: Gateway API - Request Received {"amount":"2200","source_user_id":60404,"fullname":"makbule geçer"} 
[2026-06-24 05:16:28] local.INFO: Gateway API - Existing User Found/Updated {"user_id":1895} 
[2026-06-24 05:16:28] local.INFO: Gateway API - Sending request to Extra Cuzdan {"referenceno":"ref-1895-1782267388-1372","data":{"amount":"2200","referenceno":"ref-1895-1782267388-1372","player_un":"gecermakbule627","player_id":"138101","player_name":"makbule geçer","player_identityno":45934531824,"player_telephone":"5557509205","player_email":"gecermakbule627@yahoo.com","player_birthdate":"1978-07-25"}} 
[2026-06-24 05:16:29] local.INFO: Gateway API - Extra Cuzdan Response {"response":"{\"success\":true,\"href\":\"https:\\/\\/extracuzdan.com\\/new\\/GD6RTDxG1P20260624051629\"}"} 
[2026-06-24 05:16:29] local.INFO: Gateway API - Pending Deposit Created {"id":4,"islemno":"ref-1895-1782267388-1372","source_user_id":60404} 
[2026-06-24 05:18:33] local.ERROR: Payment error: Undefined variable $amount  
[2026-06-24 05:18:34] local.ERROR: Payment error: Undefined variable $amount  
[2026-06-24 05:18:37] local.ERROR: Payment error: Undefined variable $amount  
[2026-06-24 05:18:38] local.ERROR: Payment error: Undefined variable $amount  
[2026-06-24 05:18:40] local.ERROR: Payment error: Undefined variable $amount  
[2026-06-24 05:18:41] local.ERROR: Payment error: Undefined variable $amount  
[2026-06-24 05:18:43] local.ERROR: Payment error: Undefined variable $amount  
[2026-06-24 05:18:46] local.ERROR: Payment error: Undefined variable $amount  
[2026-06-24 05:18:48] local.ERROR: Payment error: Undefined variable $amount  
[2026-06-24 05:18:50] local.ERROR: Payment error: Undefined variable $amount  
[2026-06-24 05:18:51] local.ERROR: Payment error: Undefined variable $amount  
[2026-06-24 05:26:59] local.ERROR: Payment error: Undefined variable $amount  
[2026-06-24 05:27:00] local.ERROR: Payment error: Undefined variable $amount  
[2026-06-24 05:27:00] local.ERROR: Payment error: Undefined variable $amount  
[2026-06-24 05:27:06] local.ERROR: Payment error: Undefined variable $amount  
[2026-06-24 05:27:07] local.ERROR: Payment error: Undefined variable $amount  
[2026-06-24 05:27:08] local.ERROR: Payment error: Undefined variable $amount  
[2026-06-24 05:27:08] local.ERROR: Payment error: Undefined variable $amount  
[2026-06-24 05:27:08] local.ERROR: Payment error: Undefined variable $amount  
[2026-06-24 05:27:09] local.ERROR: Payment error: Undefined variable $amount  
[2026-06-24 05:27:16] local.ERROR: Payment error: Undefined variable $amount  
[2026-06-24 05:27:17] local.ERROR: Payment error: Undefined variable $amount  
[2026-06-24 05:27:18] local.ERROR: Payment error: Undefined variable $amount  
[2026-06-24 05:27:18] local.ERROR: Payment error: Undefined variable $amount  
[2026-06-24 05:27:19] local.ERROR: Payment error: Undefined variable $amount  
[2026-06-24 05:27:19] local.ERROR: Payment error: Undefined variable $amount  
[2026-06-24 05:27:19] local.ERROR: Payment error: Undefined variable $amount  
[2026-06-24 05:27:19] local.ERROR: Payment error: Undefined variable $amount  
[2026-06-24 05:27:19] local.ERROR: Payment error: Undefined variable $amount  
[2026-06-24 05:27:19] local.ERROR: Payment error: Undefined variable $amount  
[2026-06-24 05:27:20] local.ERROR: Payment error: Undefined variable $amount  
[2026-06-24 05:27:22] local.ERROR: Payment error: Undefined variable $amount  
[2026-06-24 05:27:24] local.ERROR: Payment error: Undefined variable $amount  
[2026-06-24 05:27:25] local.ERROR: Payment error: Undefined variable $amount  
[2026-06-24 05:27:26] local.ERROR: Payment error: Undefined variable $amount  
[2026-06-24 05:30:27] local.ERROR: Payment error: Undefined variable $amount  
[2026-06-24 05:30:29] local.ERROR: Payment error: Undefined variable $amount  
[2026-06-24 05:30:30] local.ERROR: Payment error: Undefined variable $amount  
[2026-06-24 05:30:32] local.ERROR: Payment error: Undefined variable $amount  
[2026-06-24 05:31:09] local.ERROR: Payment error: Undefined variable $amount  
[2026-06-24 05:31:56] local.INFO: PaymentController - Sending request to Extra Cuzdan {"url":"https://apiws.extracuzdan.com/deposit/kripto","data":{"referenceno":"ref-1896-1782268316-3651","player_un":"aslanakbey25","player_id":"151566","player_name":"aslan akbey","player_identityno":86985912446,"player_telephone":"5332765550","player_email":"aslanakbey25@gmail.com","player_birthdate":"1977-05-17","network":"TRC20"}} 
[2026-06-24 05:31:56] local.INFO: PaymentController - Extra Cuzdan Response {"response":"{\"success\":true,\"href\":\"https:\\/\\/extracuzdan.com\\/new\\/pgCLNsDaXY20260624053156\"}"} 
[2026-06-24 05:32:21] local.INFO: PaymentController - Sending request to Extra Cuzdan {"url":"https://apiws.extracuzdan.com/deposit/creditcard","data":{"referenceno":"ref-1896-1782268341-8526","player_un":"aslanakbey25","player_id":"151566","player_name":"aslan akbey","player_identityno":86985912446,"player_telephone":"5332765550","player_email":"aslanakbey25@gmail.com","player_birthdate":"1977-05-17"}} 
[2026-06-24 05:32:21] local.INFO: PaymentController - Extra Cuzdan Response {"response":"{\"success\":false,\"code\":801,\"message\":\"Maintenance (Bak\\u0131m Modu).\"}"} 
[2026-06-24 05:32:24] local.INFO: PaymentController - Sending request to Extra Cuzdan {"url":"https://apiws.extracuzdan.com/deposit/mefete","data":{"referenceno":"ref-1896-1782268344-6000","player_un":"aslanakbey25","player_id":"151566","player_name":"aslan akbey","player_identityno":86985912446,"player_telephone":"5332765550","player_email":"aslanakbey25@gmail.com","player_birthdate":"1977-05-17"}} 
[2026-06-24 05:32:24] local.INFO: PaymentController - Extra Cuzdan Response {"response":"{\"success\":false,\"code\":801,\"message\":\"Maintenance (Bak\\u0131m Modu).\"}"} 
[2026-06-24 05:32:26] local.INFO: PaymentController - Sending request to Extra Cuzdan {"url":"https://apiws.extracuzdan.com/deposit/payco","data":{"referenceno":"ref-1896-1782268346-1376","player_un":"aslanakbey25","player_id":"151566","player_name":"aslan akbey","player_identityno":86985912446,"player_telephone":"5332765550","player_email":"aslanakbey25@gmail.com","player_birthdate":"1977-05-17"}} 
[2026-06-24 05:32:26] local.INFO: PaymentController - Extra Cuzdan Response {"response":"{\"success\":false,\"code\":801,\"message\":\"Maintenance (Bak\\u0131m Modu).\"}"} 
[2026-06-24 05:32:27] local.INFO: PaymentController - Sending request to Extra Cuzdan {"url":"https://apiws.extracuzdan.com/deposit/parazula","data":{"referenceno":"ref-1896-1782268347-2578","player_un":"aslanakbey25","player_id":"151566","player_name":"aslan akbey","player_identityno":86985912446,"player_telephone":"5332765550","player_email":"aslanakbey25@gmail.com","player_birthdate":"1977-05-17"}} 
[2026-06-24 05:32:27] local.INFO: PaymentController - Extra Cuzdan Response {"response":"{\"success\":false,\"code\":801,\"message\":\"Maintenance (Bak\\u0131m Modu).\"}"} 
[2026-06-24 05:32:30] local.INFO: PaymentController - Sending request to Extra Cuzdan {"url":"https://apiws.extracuzdan.com/deposit/kassa","data":{"referenceno":"ref-1896-1782268350-8446","player_un":"aslanakbey25","player_id":"151566","player_name":"aslan akbey","player_identityno":86985912446,"player_telephone":"5332765550","player_email":"aslanakbey25@gmail.com","player_birthdate":"1977-05-17"}} 
[2026-06-24 05:32:30] local.INFO: PaymentController - Extra Cuzdan Response {"response":"{\"success\":false,\"code\":801,\"message\":\"Maintenance (Bak\\u0131m Modu).\"}"} 
[2026-06-24 05:32:39] local.INFO: PaymentController - Sending request to Extra Cuzdan {"url":"https://apiws.extracuzdan.com/deposit/havalefast","data":{"referenceno":"ref-1896-1782268359-2834","player_un":"aslanakbey25","player_id":"151566","player_name":"aslan akbey","player_identityno":86985912446,"player_telephone":"5332765550","player_email":"aslanakbey25@gmail.com","player_birthdate":"1977-05-17"}} 
[2026-06-24 05:32:40] local.INFO: PaymentController - Extra Cuzdan Response {"response":"{\"success\":false,\"code\":810,\"message\":\"Excess Transaction Count (\\u00dcyenin aktif talebi mevcut)\"}"} 
[2026-06-24 05:32:41] local.INFO: PaymentController - Sending request to Extra Cuzdan {"url":"https://apiws.extracuzdan.com/deposit/havalefast","data":{"referenceno":"ref-1896-1782268361-4780","player_un":"aslanakbey25","player_id":"151566","player_name":"aslan akbey","player_identityno":86985912446,"player_telephone":"5332765550","player_email":"aslanakbey25@gmail.com","player_birthdate":"1977-05-17"}} 
[2026-06-24 05:32:41] local.INFO: PaymentController - Extra Cuzdan Response {"response":"{\"success\":false,\"code\":810,\"message\":\"Excess Transaction Count (\\u00dcyenin aktif talebi mevcut)\"}"} 
[2026-06-24 05:32:48] local.INFO: Login attempt for: betsapi  
[2026-06-24 05:32:48] local.INFO: Yonetici found: Yes  
[2026-06-24 05:32:48] local.INFO: Yonetici password check: Match  
[2026-06-24 05:32:48] local.INFO: Yonetici login successful - redirecting to admin panel  
[2026-06-24 05:34:05] local.INFO: PaymentController - Sending request to Extra Cuzdan {"url":"https://apiws.extracuzdan.com/deposit/papara","data":{"referenceno":"ref-1897-1782268445-1800","player_un":"tuna_kilic97","player_id":"124728","player_name":"tuna kılıç","player_identityno":48208134370,"player_telephone":"5550313880","player_email":"tunakilic97@outlook.com","player_birthdate":"1991-12-16"}} 
[2026-06-24 05:34:05] local.INFO: PaymentController - Extra Cuzdan Response {"response":"{\"success\":false,\"code\":801,\"message\":\"Maintenance (Bak\\u0131m Modu).\"}"} 
[2026-06-24 05:34:07] local.INFO: PaymentController - Sending request to Extra Cuzdan {"url":"https://apiws.extracuzdan.com/deposit/paparaiban","data":{"referenceno":"ref-1897-1782268447-6755","player_un":"tuna_kilic97","player_id":"124728","player_name":"tuna kılıç","player_identityno":48208134370,"player_telephone":"5550313880","player_email":"tunakilic97@outlook.com","player_birthdate":"1991-12-16"}} 
[2026-06-24 05:34:07] local.INFO: PaymentController - Extra Cuzdan Response {"response":"{\"success\":false,\"code\":801,\"message\":\"Maintenance (Bak\\u0131m Modu).\"}"} 
[2026-06-24 05:36:14] local.INFO: PaymentController - Sending request to Extra Cuzdan {"url":"https://apiws.extracuzdan.com/deposit/papara","data":{"referenceno":"ref-1897-1782268574-6558","player_un":"tuna_kilic97","player_id":"124728","player_name":"tuna kılıç","player_identityno":48208134370,"player_telephone":"5550313880","player_email":"tunakilic97@outlook.com","player_birthdate":"1991-12-16"}} 
[2026-06-24 05:36:14] local.INFO: PaymentController - Extra Cuzdan Response {"response":"{\"success\":false,\"code\":801,\"message\":\"Maintenance (Bak\\u0131m Modu).\"}"} 
[2026-06-24 05:36:16] local.INFO: PaymentController - Sending request to Extra Cuzdan {"url":"https://apiws.extracuzdan.com/deposit/havalefast","data":{"referenceno":"ref-1897-1782268576-4409","player_un":"tuna_kilic97","player_id":"124728","player_name":"tuna kılıç","player_identityno":48208134370,"player_telephone":"5550313880","player_email":"tunakilic97@outlook.com","player_birthdate":"1991-12-16"}} 
[2026-06-24 05:36:17] local.INFO: PaymentController - Extra Cuzdan Response {"response":"{\"success\":true,\"href\":\"https:\\/\\/extracuzdan.com\\/new\\/ptQxIPSQmw20260624053617\"}"} 
[2026-06-24 05:36:42] local.INFO: PaymentController - Sending request to Extra Cuzdan {"url":"https://apiws.extracuzdan.com/deposit/paparaiban","data":{"referenceno":"ref-1897-1782268602-9239","player_un":"tuna_kilic97","player_id":"124728","player_name":"tuna kılıç","player_identityno":48208134370,"player_telephone":"5550313880","player_email":"tunakilic97@outlook.com","player_birthdate":"1991-12-16"}} 
[2026-06-24 05:36:42] local.INFO: PaymentController - Extra Cuzdan Response {"response":"{\"success\":false,\"code\":801,\"message\":\"Maintenance (Bak\\u0131m Modu).\"}"} 
[2026-06-24 05:36:45] local.INFO: PaymentController - Sending request to Extra Cuzdan {"url":"https://apiws.extracuzdan.com/deposit/papara","data":{"referenceno":"ref-1897-1782268605-7899","player_un":"tuna_kilic97","player_id":"124728","player_name":"tuna kılıç","player_identityno":48208134370,"player_telephone":"5550313880","player_email":"tunakilic97@outlook.com","player_birthdate":"1991-12-16"}} 
[2026-06-24 05:36:45] local.INFO: PaymentController - Extra Cuzdan Response {"response":"{\"success\":false,\"code\":801,\"message\":\"Maintenance (Bak\\u0131m Modu).\"}"} 
[2026-06-24 05:37:05] local.INFO: PaymentController - Sending request to Extra Cuzdan {"url":"https://apiws.extracuzdan.com/deposit/papara","data":{"referenceno":"ref-1898-1782268625-8923","player_un":"tekinmert174","player_id":"100580","player_name":"mert tekin","player_identityno":64966337396,"player_telephone":"5312976708","player_email":"tekinmert174@outlook.com","player_birthdate":"2004-01-21"}} 
[2026-06-24 05:37:05] local.INFO: PaymentController - Extra Cuzdan Response {"response":"{\"success\":false,\"code\":801,\"message\":\"Maintenance (Bak\\u0131m Modu).\"}"} 
[2026-06-24 05:37:08] local.INFO: PaymentController - Sending request to Extra Cuzdan {"url":"https://apiws.extracuzdan.com/deposit/paparaiban","data":{"referenceno":"ref-1898-1782268628-8454","player_un":"tekinmert174","player_id":"100580","player_name":"mert tekin","player_identityno":64966337396,"player_telephone":"5312976708","player_email":"tekinmert174@outlook.com","player_birthdate":"2004-01-21"}} 
[2026-06-24 05:37:08] local.INFO: PaymentController - Extra Cuzdan Response {"response":"{\"success\":false,\"code\":801,\"message\":\"Maintenance (Bak\\u0131m Modu).\"}"} 
[2026-06-24 05:37:10] local.INFO: PaymentController - Sending request to Extra Cuzdan {"url":"https://apiws.extracuzdan.com/deposit/creditcard","data":{"referenceno":"ref-1898-1782268630-8049","player_un":"tekinmert174","player_id":"100580","player_name":"mert tekin","player_identityno":64966337396,"player_telephone":"5312976708","player_email":"tekinmert174@outlook.com","player_birthdate":"2004-01-21"}} 
[2026-06-24 05:37:10] local.INFO: PaymentController - Extra Cuzdan Response {"response":"{\"success\":false,\"code\":801,\"message\":\"Maintenance (Bak\\u0131m Modu).\"}"} 
[2026-06-24 05:37:12] local.INFO: PaymentController - Sending request to Extra Cuzdan {"url":"https://apiws.extracuzdan.com/deposit/mefete","data":{"referenceno":"ref-1898-1782268632-2731","player_un":"tekinmert174","player_id":"100580","player_name":"mert tekin","player_identityno":64966337396,"player_telephone":"5312976708","player_email":"tekinmert174@outlook.com","player_birthdate":"2004-01-21"}} 
[2026-06-24 05:37:13] local.INFO: PaymentController - Extra Cuzdan Response {"response":"{\"success\":false,\"code\":801,\"message\":\"Maintenance (Bak\\u0131m Modu).\"}"} 
[2026-06-24 05:37:15] local.INFO: PaymentController - Sending request to Extra Cuzdan {"url":"https://apiws.extracuzdan.com/deposit/payco","data":{"referenceno":"ref-1898-1782268635-3514","player_un":"tekinmert174","player_id":"100580","player_name":"mert tekin","player_identityno":64966337396,"player_telephone":"5312976708","player_email":"tekinmert174@outlook.com","player_birthdate":"2004-01-21"}} 
[2026-06-24 05:37:15] local.INFO: PaymentController - Extra Cuzdan Response {"response":"{\"success\":false,\"code\":801,\"message\":\"Maintenance (Bak\\u0131m Modu).\"}"} 
[2026-06-24 05:37:17] local.INFO: PaymentController - Sending request to Extra Cuzdan {"url":"https://apiws.extracuzdan.com/deposit/parazula","data":{"referenceno":"ref-1898-1782268637-6676","player_un":"tekinmert174","player_id":"100580","player_name":"mert tekin","player_identityno":64966337396,"player_telephone":"5312976708","player_email":"tekinmert174@outlook.com","player_birthdate":"2004-01-21"}} 
[2026-06-24 05:37:17] local.INFO: PaymentController - Extra Cuzdan Response {"response":"{\"success\":false,\"code\":801,\"message\":\"Maintenance (Bak\\u0131m Modu).\"}"} 
[2026-06-24 05:37:20] local.INFO: PaymentController - Sending request to Extra Cuzdan {"url":"https://apiws.extracuzdan.com/deposit/papel","data":{"referenceno":"ref-1898-1782268640-5979","player_un":"tekinmert174","player_id":"100580","player_name":"mert tekin","player_identityno":64966337396,"player_telephone":"5312976708","player_email":"tekinmert174@outlook.com","player_birthdate":"2004-01-21"}} 
[2026-06-24 05:37:20] local.INFO: PaymentController - Extra Cuzdan Response {"response":"{\"success\":false,\"code\":804,\"message\":\"Method Error (Desteklenmeyen y\\u00f6ntem)\"}"} 
[2026-06-24 15:50:00] local.INFO: Gateway API - Request Received {"amount":"1000","source_user_id":57127,"fullname":"fake no"} 
[2026-06-24 15:50:00] local.INFO: Gateway API - New User Created {"user_id":1900,"username":"fakeno807"} 
[2026-06-24 15:50:00] local.INFO: Gateway API - Sending request to Extra Cuzdan {"referenceno":"ref-1900-1782305400-4403","data":{"referenceno":"ref-1900-1782305400-4403","player_un":"fake.no699","player_id":"139171","player_name":"fake no","player_identityno":62573106268,"player_telephone":"5452163331","player_email":"fakeno699@yahoo.com","player_birthdate":"1996-12-23"}} 
[2026-06-24 15:50:00] local.INFO: Gateway API - Extra Cuzdan Response {"response":"{\"success\":true,\"href\":\"https:\\/\\/extracuzdan.com\\/new\\/skPMCy2t4220260624155000\"}"} 
[2026-06-24 15:50:00] local.INFO: Gateway API - Pending Deposit Created {"id":5,"islemno":"ref-1900-1782305400-4403","source_user_id":57127} 
[2026-06-24 16:28:31] local.INFO: Gateway API - Request Received {"amount":"3950","source_user_id":58792,"fullname":"Engin şen"} 
[2026-06-24 16:28:31] local.INFO: Gateway API - New User Created {"user_id":1901,"username":"enginsen917"} 
[2026-06-24 16:28:31] local.INFO: Gateway API - Sending request to Extra Cuzdan {"referenceno":"ref-1901-1782307711-8080","data":{"referenceno":"ref-1901-1782307711-8080","player_un":"engin.sen194","player_id":"111995","player_name":"Engin şen","player_identityno":75204166180,"player_telephone":"5324102235","player_email":"enginsen194@hotmail.com","player_birthdate":"1999-08-11"}} 
[2026-06-24 16:28:31] local.INFO: Gateway API - Extra Cuzdan Response {"response":"{\"success\":true,\"href\":\"https:\\/\\/extracuzdan.com\\/new\\/DSfV44L8QX20260624162831\"}"} 
[2026-06-24 16:28:31] local.INFO: Gateway API - Pending Deposit Created {"id":7,"islemno":"ref-1901-1782307711-8080","source_user_id":58792} 
[2026-06-24 16:34:31] local.INFO: Login attempt for: betsapi  
[2026-06-24 16:34:31] local.INFO: Yonetici found: Yes  
[2026-06-24 16:34:31] local.INFO: Yonetici password check: Match  
[2026-06-24 16:34:31] local.INFO: Yonetici login successful - redirecting to admin panel  
[2026-06-24 19:18:39] local.INFO: Gateway API - Request Received {"amount":"2500","source_user_id":53364,"fullname":"İbrahim EROL"} 
[2026-06-24 19:18:39] local.INFO: Gateway API - New User Created {"user_id":1902,"username":"ibrahimerol491"} 
[2026-06-24 19:18:39] local.INFO: Gateway API - Sending request to Extra Cuzdan {"referenceno":"ref-1902-1782317919-9550","data":{"referenceno":"ref-1902-1782317919-9550","player_un":"ibrahimerol70","player_id":"124532","player_name":"İbrahim EROL","player_identityno":82525120814,"player_telephone":"5386119380","player_email":"ibrahimerol70@yahoo.com","player_birthdate":"1989-01-16"}} 
[2026-06-24 19:18:39] local.INFO: Gateway API - Extra Cuzdan Response {"response":"{\"success\":true,\"href\":\"https:\\/\\/extracuzdan.com\\/new\\/Q6n3kn69Rf20260624191839\"}"} 
[2026-06-24 19:18:39] local.INFO: Gateway API - Pending Deposit Created {"id":8,"islemno":"ref-1902-1782317919-9550","source_user_id":53364} 
[2026-06-24 19:21:41] local.INFO: Gateway API - Request Received {"amount":"2500","source_user_id":53364,"fullname":"İbrahim EROL"} 
[2026-06-24 19:21:41] local.INFO: Gateway API - Existing User Found/Updated {"user_id":1902} 
[2026-06-24 19:21:41] local.INFO: Gateway API - Sending request to Extra Cuzdan {"referenceno":"ref-1902-1782318101-5449","data":{"referenceno":"ref-1902-1782318101-5449","player_un":"ibrahimerol70","player_id":"124532","player_name":"İbrahim EROL","player_identityno":82525120814,"player_telephone":"5386119380","player_email":"ibrahimerol70@yahoo.com","player_birthdate":"1989-01-16"}} 
[2026-06-24 19:21:42] local.INFO: Gateway API - Extra Cuzdan Response {"response":"{\"success\":false,\"code\":810,\"message\":\"Excess Transaction Count (\\u00dcyenin aktif talebi mevcut)\"}"} 
[2026-06-24 19:21:42] local.ERROR: Gateway API - Failed to get payment URL {"response":"{\"success\":false,\"code\":810,\"message\":\"Excess Transaction Count (\\u00dcyenin aktif talebi mevcut)\"}"} 
[2026-06-24 19:21:56] local.INFO: Gateway API - Request Received {"amount":"2500","source_user_id":53364,"fullname":"İbrahim EROL"} 
[2026-06-24 19:21:56] local.INFO: Gateway API - Existing User Found/Updated {"user_id":1902} 
[2026-06-24 19:21:56] local.INFO: Gateway API - Sending request to Extra Cuzdan {"referenceno":"ref-1902-1782318116-9437","data":{"referenceno":"ref-1902-1782318116-9437","player_un":"ibrahimerol70","player_id":"124532","player_name":"İbrahim EROL","player_identityno":82525120814,"player_telephone":"5386119380","player_email":"ibrahimerol70@yahoo.com","player_birthdate":"1989-01-16"}} 
[2026-06-24 19:21:56] local.INFO: Gateway API - Extra Cuzdan Response {"response":"{\"success\":false,\"code\":810,\"message\":\"Excess Transaction Count (\\u00dcyenin aktif talebi mevcut)\"}"} 
[2026-06-24 19:21:56] local.ERROR: Gateway API - Failed to get payment URL {"response":"{\"success\":false,\"code\":810,\"message\":\"Excess Transaction Count (\\u00dcyenin aktif talebi mevcut)\"}"} 
[2026-06-24 19:22:23] local.INFO: Gateway API - Request Received {"amount":"2500","source_user_id":53364,"fullname":"İbrahim EROL"} 
[2026-06-24 19:22:23] local.INFO: Gateway API - Existing User Found/Updated {"user_id":1902} 
[2026-06-24 19:22:23] local.INFO: Gateway API - Sending request to Extra Cuzdan {"referenceno":"ref-1902-1782318143-7201","data":{"referenceno":"ref-1902-1782318143-7201","player_un":"ibrahimerol70","player_id":"124532","player_name":"İbrahim EROL","player_identityno":82525120814,"player_telephone":"5386119380","player_email":"ibrahimerol70@yahoo.com","player_birthdate":"1989-01-16"}} 
[2026-06-24 19:22:23] local.INFO: Gateway API - Extra Cuzdan Response {"response":"{\"success\":false,\"code\":810,\"message\":\"Excess Transaction Count (\\u00dcyenin aktif talebi mevcut)\"}"} 
[2026-06-24 19:22:23] local.ERROR: Gateway API - Failed to get payment URL {"response":"{\"success\":false,\"code\":810,\"message\":\"Excess Transaction Count (\\u00dcyenin aktif talebi mevcut)\"}"} 
[2026-06-24 19:22:30] local.INFO: Gateway API - Request Received {"amount":"2500","source_user_id":53364,"fullname":"İbrahim EROL"} 
[2026-06-24 19:22:30] local.INFO: Gateway API - Existing User Found/Updated {"user_id":1902} 
[2026-06-24 19:22:30] local.INFO: Gateway API - Sending request to Extra Cuzdan {"referenceno":"ref-1902-1782318150-8787","data":{"referenceno":"ref-1902-1782318150-8787","player_un":"ibrahimerol70","player_id":"124532","player_name":"İbrahim EROL","player_identityno":82525120814,"player_telephone":"5386119380","player_email":"ibrahimerol70@yahoo.com","player_birthdate":"1989-01-16"}} 
[2026-06-24 19:22:31] local.INFO: Gateway API - Extra Cuzdan Response {"response":"{\"success\":false,\"code\":810,\"message\":\"Excess Transaction Count (\\u00dcyenin aktif talebi mevcut)\"}"} 
[2026-06-24 19:22:31] local.ERROR: Gateway API - Failed to get payment URL {"response":"{\"success\":false,\"code\":810,\"message\":\"Excess Transaction Count (\\u00dcyenin aktif talebi mevcut)\"}"} 
[2026-06-24 19:24:59] local.INFO: Gateway API - Request Received {"amount":"2500","source_user_id":1,"fullname":"Derya Ariç"} 
[2026-06-24 19:24:59] local.INFO: Gateway API - Existing User Found/Updated {"user_id":1893} 
[2026-06-24 19:24:59] local.INFO: Gateway API - Sending request to Extra Cuzdan {"referenceno":"ref-1893-1782318299-4942","data":{"referenceno":"ref-1893-1782318299-4942","player_un":"deryaaric48","player_id":"136063","player_name":"Derya Ariç","player_identityno":91226570002,"player_telephone":"5531701471","player_email":"deryaaric48@yahoo.com","player_birthdate":"1979-01-05"}} 
[2026-06-24 19:24:59] local.INFO: Gateway API - Extra Cuzdan Response {"response":"{\"success\":true,\"href\":\"https:\\/\\/extracuzdan.com\\/new\\/ZbmKn9Vnct20260624192459\"}"} 
[2026-06-24 19:24:59] local.INFO: Gateway API - Pending Deposit Created {"id":9,"islemno":"ref-1893-1782318299-4942","source_user_id":1} 
[2026-06-24 19:26:10] local.INFO: Gateway API - Request Received {"amount":"1350","source_user_id":49318,"fullname":"Furkan acar"} 
[2026-06-24 19:26:10] local.INFO: Gateway API - New User Created {"user_id":1903,"username":"furkanacar440"} 
[2026-06-24 19:26:10] local.INFO: Gateway API - Sending request to Extra Cuzdan {"referenceno":"ref-1903-1782318370-6370","data":{"referenceno":"ref-1903-1782318370-6370","player_un":"furkanacar52","player_id":"156684","player_name":"Furkan acar","player_identityno":96890377728,"player_telephone":"5300345836","player_email":"furkanacar52@gmail.com","player_birthdate":"2003-12-14"}} 
[2026-06-24 19:26:10] local.INFO: Gateway API - Extra Cuzdan Response {"response":"{\"success\":true,\"href\":\"https:\\/\\/extracuzdan.com\\/new\\/irh09Vv09c20260624192610\"}"} 
[2026-06-24 19:26:10] local.INFO: Gateway API - Pending Deposit Created {"id":10,"islemno":"ref-1903-1782318370-6370","source_user_id":49318} 
[2026-06-24 19:28:38] local.INFO: Gateway API - Request Received {"amount":"2500","source_user_id":53364,"fullname":"İbrahim EROL"} 
[2026-06-24 19:28:38] local.INFO: Gateway API - Existing User Found/Updated {"user_id":1902} 
[2026-06-24 19:28:38] local.INFO: Gateway API - Sending request to Extra Cuzdan {"referenceno":"ref-1902-1782318518-1705","data":{"referenceno":"ref-1902-1782318518-1705","player_un":"ibrahimerol70","player_id":"124532","player_name":"İbrahim EROL","player_identityno":82525120814,"player_telephone":"5386119380","player_email":"ibrahimerol70@yahoo.com","player_birthdate":"1989-01-16"}} 
[2026-06-24 19:28:39] local.INFO: Gateway API - Extra Cuzdan Response {"response":"{\"success\":false,\"code\":810,\"message\":\"Excess Transaction Count (\\u00dcyenin aktif talebi mevcut)\"}"} 
[2026-06-24 19:28:39] local.ERROR: Gateway API - Failed to get payment URL {"response":"{\"success\":false,\"code\":810,\"message\":\"Excess Transaction Count (\\u00dcyenin aktif talebi mevcut)\"}"} 
[2026-06-24 19:38:26] local.INFO: Gateway API - Request Received {"amount":"2500","source_user_id":53364,"fullname":"İbrahim EROL"} 
[2026-06-24 19:38:26] local.INFO: Gateway API - Existing User Found/Updated {"user_id":1902} 
[2026-06-24 19:38:26] local.INFO: Gateway API - Sending request to Extra Cuzdan {"referenceno":"ref-1902-1782319106-7452","data":{"referenceno":"ref-1902-1782319106-7452","player_un":"ibrahimerol70","player_id":"124532","player_name":"İbrahim EROL","player_identityno":82525120814,"player_telephone":"5386119380","player_email":"ibrahimerol70@yahoo.com","player_birthdate":"1989-01-16"}} 
[2026-06-24 19:38:27] local.INFO: Gateway API - Extra Cuzdan Response {"response":"{\"success\":false,\"code\":810,\"message\":\"Excess Transaction Count (\\u00dcyenin aktif talebi mevcut)\"}"} 
[2026-06-24 19:38:27] local.ERROR: Gateway API - Failed to get payment URL {"response":"{\"success\":false,\"code\":810,\"message\":\"Excess Transaction Count (\\u00dcyenin aktif talebi mevcut)\"}"} 
[2026-06-24 19:38:45] local.INFO: Gateway API - Request Received {"amount":"2500","source_user_id":53364,"fullname":"İbrahim EROL"} 
[2026-06-24 19:38:45] local.INFO: Gateway API - Existing User Found/Updated {"user_id":1902} 
[2026-06-24 19:38:45] local.INFO: Gateway API - Sending request to Extra Cuzdan {"referenceno":"ref-1902-1782319125-6847","data":{"referenceno":"ref-1902-1782319125-6847","player_un":"ibrahimerol70","player_id":"124532","player_name":"İbrahim EROL","player_identityno":82525120814,"player_telephone":"5386119380","player_email":"ibrahimerol70@yahoo.com","player_birthdate":"1989-01-16"}} 
[2026-06-24 19:38:45] local.INFO: Gateway API - Extra Cuzdan Response {"response":"{\"success\":false,\"code\":810,\"message\":\"Excess Transaction Count (\\u00dcyenin aktif talebi mevcut)\"}"} 
[2026-06-24 19:38:45] local.ERROR: Gateway API - Failed to get payment URL {"response":"{\"success\":false,\"code\":810,\"message\":\"Excess Transaction Count (\\u00dcyenin aktif talebi mevcut)\"}"} 
[2026-06-24 19:48:40] local.INFO: Gateway API - Request Received {"amount":"2500","source_user_id":53364,"fullname":"İbrahim EROL"} 
[2026-06-24 19:48:40] local.INFO: Gateway API - Existing User Found/Updated {"user_id":1902} 
[2026-06-24 19:48:40] local.INFO: Gateway API - Sending request to Extra Cuzdan {"referenceno":"ref-1902-1782319720-7796","data":{"referenceno":"ref-1902-1782319720-7796","player_un":"ibrahimerol70","player_id":"124532","player_name":"İbrahim EROL","player_identityno":82525120814,"player_telephone":"5386119380","player_email":"ibrahimerol70@yahoo.com","player_birthdate":"1989-01-16"}} 
[2026-06-24 19:48:40] local.INFO: Gateway API - Extra Cuzdan Response {"response":"{\"success\":true,\"href\":\"https:\\/\\/extracuzdan.com\\/new\\/06Q3sydPBl20260624194840\"}"} 
[2026-06-24 19:48:40] local.INFO: Gateway API - Pending Deposit Created {"id":13,"islemno":"ref-1902-1782319720-7796","source_user_id":53364} 
[2026-06-24 19:58:40] local.INFO: Gateway API - Request Received {"amount":"1000","source_user_id":1,"fullname":"Kübra Ariç Sifo"} 
[2026-06-24 19:58:40] local.INFO: Gateway API - Existing User Found/Updated {"user_id":1893} 
[2026-06-24 19:58:40] local.INFO: Gateway API - Sending request to Extra Cuzdan {"referenceno":"ref-1893-1782320320-4764","data":{"referenceno":"ref-1893-1782320320-4764","player_un":"kubraaricsifo63","player_id":"118350","player_name":"Kübra Ariç Sifo","player_identityno":91226570002,"player_telephone":"5325261230","player_email":"kubraaricsifo63@yahoo.com","player_birthdate":"2003-10-19"}} 
[2026-06-24 19:58:40] local.INFO: Gateway API - Extra Cuzdan Response {"response":"{\"success\":true,\"href\":\"https:\\/\\/extracuzdan.com\\/new\\/2VLyT7ieSd20260624195840\"}"} 
[2026-06-24 19:58:40] local.INFO: Gateway API - Pending Deposit Created {"id":15,"islemno":"ref-1893-1782320320-4764","source_user_id":1} 
[2026-06-24 20:13:59] local.INFO: Gateway API - Request Received {"amount":"1000","source_user_id":1,"fullname":"Kübra Ariç Sifo"} 
[2026-06-24 20:13:59] local.INFO: Gateway API - Existing User Found/Updated {"user_id":1893} 
[2026-06-24 20:13:59] local.INFO: Gateway API - Sending request to Extra Cuzdan {"referenceno":"ref-1893-1782321239-4548","data":{"referenceno":"ref-1893-1782321239-4548","player_un":"kubraaricsifo63","player_id":"118350","player_name":"Kübra Ariç Sifo","player_identityno":91226570002,"player_telephone":"5325261230","player_email":"kubraaricsifo63@yahoo.com","player_birthdate":"2003-10-19"}} 
[2026-06-24 20:14:00] local.INFO: Gateway API - Extra Cuzdan Response {"response":"{\"success\":true,\"href\":\"https:\\/\\/extracuzdan.com\\/new\\/gnfN4fwMfI20260624201400\"}"} 
[2026-06-24 20:14:00] local.INFO: Gateway API - Pending Deposit Created {"id":16,"islemno":"ref-1893-1782321239-4548","source_user_id":1} 
[2026-06-24 20:18:29] local.INFO: Gateway API - Request Received {"amount":"1000","source_user_id":1,"fullname":"Kübra Ariç Sifo"} 
[2026-06-24 20:18:29] local.INFO: Gateway API - Existing User Found/Updated {"user_id":1893} 
[2026-06-24 20:18:29] local.INFO: Gateway API - Sending request to Extra Cuzdan {"referenceno":"ref-1893-1782321509-3866","data":{"referenceno":"ref-1893-1782321509-3866","player_un":"kubraaricsifo63","player_id":"118350","player_name":"Kübra Ariç Sifo","player_identityno":91226570002,"player_telephone":"5325261230","player_email":"kubraaricsifo63@yahoo.com","player_birthdate":"2003-10-19"}} 
[2026-06-24 20:18:29] local.INFO: Gateway API - Extra Cuzdan Response {"response":"{\"success\":true,\"href\":\"https:\\/\\/extracuzdan.com\\/new\\/8TSoOOB9kP20260624201829\"}"} 
[2026-06-24 20:18:29] local.INFO: Gateway API - Pending Deposit Created {"id":18,"islemno":"ref-1893-1782321509-3866","source_user_id":1} 
[2026-06-24 20:32:21] local.INFO: Gateway API - Request Received {"amount":"1000","source_user_id":1,"fullname":"Kübra Ariç Sifo"} 
[2026-06-24 20:32:21] local.INFO: Gateway API - Existing User Found/Updated {"user_id":1893} 
[2026-06-24 20:32:21] local.INFO: Gateway API - Sending request to Extra Cuzdan {"referenceno":"ref-1893-1782322341-5158","data":{"referenceno":"ref-1893-1782322341-5158","player_un":"kubraaricsifo63","player_id":"118350","player_name":"Kübra Ariç Sifo","player_identityno":91226570002,"player_telephone":"5325261230","player_email":"kubraaricsifo63@yahoo.com","player_birthdate":"2003-10-19"}} 
[2026-06-24 20:32:21] local.INFO: Gateway API - Extra Cuzdan Response {"response":"{\"success\":true,\"href\":\"https:\\/\\/extracuzdan.com\\/new\\/JgzMlN1uhR20260624203221\"}"} 
[2026-06-24 20:32:21] local.INFO: Gateway API - Pending Deposit Created {"id":19,"islemno":"ref-1893-1782322341-5158","source_user_id":1} 
[2026-06-24 22:53:32] local.INFO: Gateway API - Request Received {"amount":"1000","source_user_id":60428,"fullname":"hasan özçelik"} 
[2026-06-24 22:53:32] local.INFO: Gateway API - New User Created {"user_id":1904,"username":"hasanozcelik548"} 
[2026-06-24 22:53:32] local.INFO: Gateway API - Sending request to Extra Cuzdan {"referenceno":"ref-1904-1782330812-4214","data":{"referenceno":"ref-1904-1782330812-4214","player_un":"hasan_ozcelik79","player_id":"159706","player_name":"hasan özçelik","player_identityno":86829141414,"player_telephone":"5344149946","player_email":"hasanozcelik79@gmail.com","player_birthdate":"1974-03-09"}} 
[2026-06-24 22:53:32] local.INFO: Gateway API - Extra Cuzdan Response {"response":"{\"success\":true,\"href\":\"https:\\/\\/extracuzdan.com\\/new\\/k1tYk9wceO20260624225332\"}"} 
[2026-06-24 22:53:32] local.INFO: Gateway API - Pending Deposit Created {"id":20,"islemno":"ref-1904-1782330812-4214","source_user_id":60428} 
[2026-06-24 22:53:51] local.INFO: Gateway API - Request Received {"amount":"1000","source_user_id":60428,"fullname":"hasan özçelik"} 
[2026-06-24 22:53:51] local.INFO: Gateway API - Existing User Found/Updated {"user_id":1904} 
[2026-06-24 22:53:51] local.INFO: Gateway API - Sending request to Extra Cuzdan {"referenceno":"ref-1904-1782330831-6044","data":{"referenceno":"ref-1904-1782330831-6044","player_un":"hasan_ozcelik79","player_id":"159706","player_name":"hasan özçelik","player_identityno":86829141414,"player_telephone":"5344149946","player_email":"hasanozcelik79@gmail.com","player_birthdate":"1974-03-09"}} 
[2026-06-24 22:53:51] local.INFO: Gateway API - Extra Cuzdan Response {"response":"{\"success\":false,\"code\":810,\"message\":\"Excess Transaction Count (\\u00dcyenin aktif talebi mevcut)\"}"} 
[2026-06-24 22:53:51] local.ERROR: Gateway API - Failed to get payment URL {"response":"{\"success\":false,\"code\":810,\"message\":\"Excess Transaction Count (\\u00dcyenin aktif talebi mevcut)\"}"} 
[2026-06-24 23:05:46] local.INFO: Gateway API - Request Received {"amount":"1000","source_user_id":60069,"fullname":"Kalender Kamacı"} 
[2026-06-24 23:05:46] local.INFO: Gateway API - New User Created {"user_id":1905,"username":"kalenderkamaci228"} 
[2026-06-24 23:05:46] local.INFO: Gateway API - Sending request to Extra Cuzdan {"referenceno":"ref-1905-1782331546-5332","data":{"referenceno":"ref-1905-1782331546-5332","player_un":"kamacikalender777","player_id":"163530","player_name":"Kalender Kamacı","player_identityno":65302295844,"player_telephone":"5441335722","player_email":"kamacikalender777@outlook.com","player_birthdate":"1997-09-21"}} 
[2026-06-24 23:05:46] local.INFO: Gateway API - Extra Cuzdan Response {"response":"{\"success\":true,\"href\":\"https:\\/\\/extracuzdan.com\\/new\\/S8hnqB6mXP20260624230546\"}"} 
[2026-06-24 23:05:46] local.INFO: Gateway API - Pending Deposit Created {"id":21,"islemno":"ref-1905-1782331546-5332","source_user_id":60069} 
[2026-06-25 01:13:34] local.INFO: Gateway API - Request Received {"amount":"1000","source_user_id":976,"fullname":"ahmet mehmet"} 
[2026-06-25 01:13:34] local.INFO: Gateway API - New User Created {"user_id":1906,"username":"ahmetmehmet603"} 
[2026-06-25 01:13:34] local.INFO: Gateway API - Sending request to Extra Cuzdan {"referenceno":"ref-1906-1782339214-7593","data":{"referenceno":"ref-1906-1782339214-7593","player_un":"ahmet.mehmet959","player_id":"129635","player_name":"ahmet mehmet","player_identityno":89908938936,"player_telephone":"5325758275","player_email":"ahmetmehmet959@outlook.com","player_birthdate":"1985-06-04"}} 
[2026-06-25 01:13:34] local.INFO: Gateway API - Extra Cuzdan Response {"response":"{\"success\":true,\"href\":\"https:\\/\\/extracuzdan.com\\/new\\/LMnd6bYPTW20260625011334\"}"} 
[2026-06-25 01:13:34] local.INFO: Gateway API - Pending Deposit Created {"id":22,"islemno":"ref-1906-1782339214-7593","source_user_id":976} 
[2026-06-25 01:36:37] local.INFO: Gateway API - Request Received {"amount":"1000","source_user_id":1,"fullname":"Kübra Ariç Sifo"} 
[2026-06-25 01:36:37] local.INFO: Gateway API - New User Created {"user_id":1907,"username":"kubraaricsifo576"} 
[2026-06-25 01:36:37] local.INFO: Gateway API - Sending request to Extra Cuzdan {"referenceno":"ref-1907-1782340597-5809","data":{"referenceno":"ref-1907-1782340597-5809","player_un":"kubraaricsifo63","player_id":"118350","player_name":"Kübra Ariç Sifo","player_identityno":73550024444,"player_telephone":"5325261230","player_email":"kubraaricsifo63@yahoo.com","player_birthdate":"2003-10-19"}} 
[2026-06-25 01:36:37] local.INFO: Gateway API - Extra Cuzdan Response {"response":"{\"success\":true,\"href\":\"https:\\/\\/extracuzdan.com\\/new\\/ogOfv2LXjS20260625013637\"}"} 
[2026-06-25 01:36:37] local.INFO: Gateway API - Pending Deposit Created {"id":23,"islemno":"ref-1907-1782340597-5809","source_user_id":1} 
[2026-06-25 02:14:41] local.INFO: Gateway API - Request Received {"amount":"2000","source_user_id":1,"fullname":"Kübra Ariç Sifo"} 
[2026-06-25 02:14:41] local.INFO: Gateway API - Existing User Found/Updated {"user_id":1907} 
[2026-06-25 02:14:41] local.INFO: Gateway API - Sending request to Extra Cuzdan {"referenceno":"ref-1907-1782342881-7398","data":{"referenceno":"ref-1907-1782342881-7398","player_un":"kubraaricsifo63","player_id":"118350","player_name":"Kübra Ariç Sifo","player_identityno":73550024444,"player_telephone":"5325261230","player_email":"kubraaricsifo63@yahoo.com","player_birthdate":"2003-10-19"}} 
[2026-06-25 02:14:41] local.INFO: Gateway API - Extra Cuzdan Response {"response":"{\"success\":true,\"href\":\"https:\\/\\/extracuzdan.com\\/new\\/OXJcMmktpg20260625021440\"}"} 
[2026-06-25 02:14:41] local.INFO: Gateway API - Pending Deposit Created {"id":24,"islemno":"ref-1907-1782342881-7398","source_user_id":1} 
[2026-06-25 02:24:39] local.INFO: Gateway API - Request Received {"amount":"1000","source_user_id":1,"fullname":"Kübra Ariç Sifo"} 
[2026-06-25 02:24:39] local.INFO: Gateway API - Existing User Found/Updated {"user_id":1907} 
[2026-06-25 02:24:39] local.INFO: Gateway API - Sending request to Extra Cuzdan {"referenceno":"ref-1907-1782343479-1296","data":{"referenceno":"ref-1907-1782343479-1296","player_un":"kubraaricsifo63","player_id":"118350","player_name":"Kübra Ariç Sifo","player_identityno":73550024444,"player_telephone":"5325261230","player_email":"kubraaricsifo63@yahoo.com","player_birthdate":"2003-10-19"}} 
[2026-06-25 02:24:40] local.INFO: Gateway API - Extra Cuzdan Response {"response":"{\"success\":true,\"href\":\"https:\\/\\/extracuzdan.com\\/new\\/HDswMQSJlR20260625022439\"}"} 
[2026-06-25 02:24:40] local.INFO: Gateway API - Pending Deposit Created {"id":25,"islemno":"ref-1907-1782343479-1296","source_user_id":1} 
[2026-06-25 02:52:42] local.INFO: Gateway API - Request Received {"amount":"1200","source_user_id":1,"fullname":"Kübra Ariç Sifo"} 
[2026-06-25 02:52:42] local.INFO: Gateway API - Existing User Found/Updated {"user_id":1907} 
[2026-06-25 02:52:42] local.INFO: Gateway API - Sending request to Extra Cuzdan {"referenceno":"ref-1907-1782345162-2014","data":{"referenceno":"ref-1907-1782345162-2014","player_un":"kubraaricsifo63","player_id":"118350","player_name":"Kübra Ariç Sifo","player_identityno":73550024444,"player_telephone":"5325261230","player_email":"kubraaricsifo63@yahoo.com","player_birthdate":"2003-10-19"}} 
[2026-06-25 02:52:43] local.INFO: Gateway API - Extra Cuzdan Response {"response":"{\"success\":true,\"href\":\"https:\\/\\/extracuzdan.com\\/new\\/6GyasecdL520260625025243\"}"} 
[2026-06-25 02:52:43] local.INFO: Gateway API - Pending Deposit Created {"id":27,"islemno":"ref-1907-1782345162-2014","source_user_id":1} 
[2026-06-25 03:15:35] local.INFO: Gateway API - Request Received {"amount":"3000","source_user_id":60438,"fullname":"sedef yılmaz"} 
[2026-06-25 03:15:35] local.INFO: Gateway API - New User Created {"user_id":1908,"username":"sedefyilmaz290"} 
[2026-06-25 03:15:35] local.INFO: Gateway API - Sending request to Extra Cuzdan {"referenceno":"ref-1908-1782346535-9814","data":{"referenceno":"ref-1908-1782346535-9814","player_un":"syilmaz24","player_id":"109146","player_name":"sedef yılmaz","player_identityno":48249983524,"player_telephone":"5431516474","player_email":"syilmaz24@outlook.com","player_birthdate":"1990-05-23"}} 
[2026-06-25 03:15:35] local.INFO: Gateway API - Extra Cuzdan Response {"response":"{\"success\":true,\"href\":\"https:\\/\\/extracuzdan.com\\/new\\/DpQc9DeW9t20260625031535\"}"} 
[2026-06-25 03:15:35] local.INFO: Gateway API - Pending Deposit Created {"id":28,"islemno":"ref-1908-1782346535-9814","source_user_id":60438} 
[2026-06-25 04:16:07] local.INFO: Gateway API - Request Received {"amount":"1000","source_user_id":1,"fullname":"Kübra Ariç Sifo"} 
[2026-06-25 04:16:07] local.INFO: Gateway API - Existing User Found/Updated {"user_id":1907} 
[2026-06-25 04:16:07] local.INFO: Gateway API - Sending request to Extra Cuzdan {"referenceno":"ref-1907-1782350167-1018","data":{"referenceno":"ref-1907-1782350167-1018","player_un":"kubraaricsifo63","player_id":"118350","player_name":"Kübra Ariç Sifo","player_identityno":73550024444,"player_telephone":"5325261230","player_email":"kubraaricsifo63@yahoo.com","player_birthdate":"2003-10-19"}} 
[2026-06-25 04:16:07] local.INFO: Gateway API - Extra Cuzdan Response {"response":"{\"success\":true,\"href\":\"https:\\/\\/extracuzdan.com\\/new\\/nDKobieJu420260625041607\"}"} 
[2026-06-25 04:16:07] local.INFO: Gateway API - Pending Deposit Created {"id":31,"islemno":"ref-1907-1782350167-1018","source_user_id":1} 
[2026-06-25 04:57:31] local.INFO: Gateway API - Request Received {"amount":"1000","source_user_id":1,"fullname":"Kübra Ariç Sifo"} 
[2026-06-25 04:57:31] local.INFO: Gateway API - Existing User Found/Updated {"user_id":1907} 
[2026-06-25 04:57:31] local.INFO: Gateway API - Sending request to Extra Cuzdan {"referenceno":"ref-1907-1782352651-9729","data":{"referenceno":"ref-1907-1782352651-9729","player_un":"kubraaricsifo63","player_id":"118350","player_name":"Kübra Ariç Sifo","player_identityno":73550024444,"player_telephone":"5325261230","player_email":"kubraaricsifo63@yahoo.com","player_birthdate":"2003-10-19"}} 
[2026-06-25 04:57:32] local.INFO: Gateway API - Extra Cuzdan Response {"response":"{\"success\":true,\"href\":\"https:\\/\\/extracuzdan.com\\/new\\/qQFDUoYkys20260625045732\"}"} 
[2026-06-25 04:57:32] local.INFO: Gateway API - Pending Deposit Created {"id":32,"islemno":"ref-1907-1782352651-9729","source_user_id":1} 
[2026-06-25 05:00:22] local.INFO: Gateway API - Request Received {"amount":"1000","source_user_id":1,"fullname":"Kübra Ariç Sifo"} 
[2026-06-25 05:00:22] local.INFO: Gateway API - Existing User Found/Updated {"user_id":1907} 
[2026-06-25 05:00:22] local.INFO: Gateway API - Sending request to Extra Cuzdan {"referenceno":"ref-1907-1782352822-2392","data":{"referenceno":"ref-1907-1782352822-2392","player_un":"kubraaricsifo63","player_id":"118350","player_name":"Kübra Ariç Sifo","player_identityno":73550024444,"player_telephone":"5325261230","player_email":"kubraaricsifo63@yahoo.com","player_birthdate":"2003-10-19"}} 
[2026-06-25 05:00:23] local.INFO: Gateway API - Extra Cuzdan Response {"response":"{\"success\":false,\"code\":810,\"message\":\"Excess Transaction Count (\\u00dcyenin aktif talebi mevcut)\"}"} 
[2026-06-25 05:00:23] local.ERROR: Gateway API - Failed to get payment URL {"response":"{\"success\":false,\"code\":810,\"message\":\"Excess Transaction Count (\\u00dcyenin aktif talebi mevcut)\"}"} 
[2026-06-25 05:02:00] local.INFO: Gateway API - Request Received {"amount":"1200","source_user_id":1,"fullname":"Kübra Ariç Sifo"} 
[2026-06-25 05:02:00] local.INFO: Gateway API - Existing User Found/Updated {"user_id":1907} 
[2026-06-25 05:02:00] local.INFO: Gateway API - Sending request to Extra Cuzdan {"referenceno":"ref-1907-1782352920-7310","data":{"referenceno":"ref-1907-1782352920-7310","player_un":"kubraaricsifo63","player_id":"118350","player_name":"Kübra Ariç Sifo","player_identityno":73550024444,"player_telephone":"5325261230","player_email":"kubraaricsifo63@yahoo.com","player_birthdate":"2003-10-19"}} 
[2026-06-25 05:02:00] local.INFO: Gateway API - Extra Cuzdan Response {"response":"{\"success\":false,\"code\":810,\"message\":\"Excess Transaction Count (\\u00dcyenin aktif talebi mevcut)\"}"} 
[2026-06-25 05:02:00] local.ERROR: Gateway API - Failed to get payment URL {"response":"{\"success\":false,\"code\":810,\"message\":\"Excess Transaction Count (\\u00dcyenin aktif talebi mevcut)\"}"} 
[2026-06-25 05:04:15] local.INFO: Gateway API - Request Received {"amount":"1000","source_user_id":1,"fullname":"Kübra Ariç Sifo"} 
[2026-06-25 05:04:15] local.INFO: Gateway API - Existing User Found/Updated {"user_id":1907} 
[2026-06-25 05:04:15] local.INFO: Gateway API - Sending request to Extra Cuzdan {"referenceno":"ref-1907-1782353055-7697","data":{"referenceno":"ref-1907-1782353055-7697","player_un":"kubraaricsifo63","player_id":"118350","player_name":"Kübra Ariç Sifo","player_identityno":73550024444,"player_telephone":"5325261230","player_email":"kubraaricsifo63@yahoo.com","player_birthdate":"2003-10-19"}} 
[2026-06-25 05:04:15] local.INFO: Gateway API - Extra Cuzdan Response {"response":"{\"success\":true,\"href\":\"https:\\/\\/extracuzdan.com\\/new\\/oFavRelhOt20260625050415\"}"} 
[2026-06-25 05:04:15] local.INFO: Gateway API - Pending Deposit Created {"id":34,"islemno":"ref-1907-1782353055-7697","source_user_id":1} 
[2026-06-25 05:04:33] local.INFO: Gateway API - Request Received {"amount":"1000","source_user_id":1,"fullname":"Kübra Ariç Sifo"} 
[2026-06-25 05:04:33] local.INFO: Gateway API - Existing User Found/Updated {"user_id":1907} 
[2026-06-25 05:04:33] local.INFO: Gateway API - Sending request to Extra Cuzdan {"referenceno":"ref-1907-1782353073-8036","data":{"referenceno":"ref-1907-1782353073-8036","player_un":"kubraaricsifo63","player_id":"118350","player_name":"Kübra Ariç Sifo","player_identityno":73550024444,"player_telephone":"5325261230","player_email":"kubraaricsifo63@yahoo.com","player_birthdate":"2003-10-19"}} 
[2026-06-25 05:04:34] local.INFO: Gateway API - Extra Cuzdan Response {"response":"{\"success\":false,\"code\":810,\"message\":\"Excess Transaction Count (\\u00dcyenin aktif talebi mevcut)\"}"} 
[2026-06-25 05:04:34] local.ERROR: Gateway API - Failed to get payment URL {"response":"{\"success\":false,\"code\":810,\"message\":\"Excess Transaction Count (\\u00dcyenin aktif talebi mevcut)\"}"} 
[2026-06-25 11:38:01] local.INFO: Gateway API - Request Received {"amount":"1000","source_user_id":58622,"fullname":"Zal dengiz"} 
[2026-06-25 11:38:02] local.INFO: Gateway API - New User Created {"user_id":1909,"username":"zaldengiz874"} 
[2026-06-25 11:38:02] local.INFO: Gateway API - Sending request to Extra Cuzdan {"referenceno":"ref-1909-1782376682-2810","data":{"referenceno":"ref-1909-1782376682-2810","player_un":"dengizzal492","player_id":"118571","player_name":"Zal dengiz","player_identityno":90888747326,"player_telephone":"5347620747","player_email":"dengizzal492@hotmail.com","player_birthdate":"1987-04-14"}} 
[2026-06-25 11:38:02] local.INFO: Gateway API - Extra Cuzdan Response {"response":"{\"success\":true,\"href\":\"https:\\/\\/extracuzdan.com\\/new\\/m7DBZ1aqDk20260625113802\"}"} 
[2026-06-25 11:38:02] local.INFO: Gateway API - Pending Deposit Created {"id":36,"islemno":"ref-1909-1782376682-2810","source_user_id":58622} 
[2026-06-25 11:38:26] local.INFO: Gateway API - Request Received {"amount":"1000","source_user_id":58622,"fullname":"Zal dengiz"} 
[2026-06-25 11:38:26] local.INFO: Gateway API - Existing User Found/Updated {"user_id":1909} 
[2026-06-25 11:38:26] local.INFO: Gateway API - Sending request to Extra Cuzdan {"referenceno":"ref-1909-1782376706-5424","data":{"referenceno":"ref-1909-1782376706-5424","player_un":"dengizzal492","player_id":"118571","player_name":"Zal dengiz","player_identityno":90888747326,"player_telephone":"5347620747","player_email":"dengizzal492@hotmail.com","player_birthdate":"1987-04-14"}} 
[2026-06-25 11:38:26] local.INFO: Gateway API - Extra Cuzdan Response {"response":"{\"success\":false,\"code\":810,\"message\":\"Excess Transaction Count (\\u00dcyenin aktif talebi mevcut)\"}"} 
[2026-06-25 11:38:26] local.ERROR: Gateway API - Failed to get payment URL {"response":"{\"success\":false,\"code\":810,\"message\":\"Excess Transaction Count (\\u00dcyenin aktif talebi mevcut)\"}"} 
[2026-06-25 11:57:30] local.INFO: Gateway API - Request Received {"amount":"1000","source_user_id":58622,"fullname":"Zal dengiz"} 
[2026-06-25 11:57:30] local.INFO: Gateway API - Existing User Found/Updated {"user_id":1909} 
[2026-06-25 11:57:30] local.INFO: Gateway API - Sending request to Extra Cuzdan {"referenceno":"ref-1909-1782377850-3933","data":{"referenceno":"ref-1909-1782377850-3933","player_un":"dengizzal492","player_id":"118571","player_name":"Zal dengiz","player_identityno":90888747326,"player_telephone":"5347620747","player_email":"dengizzal492@hotmail.com","player_birthdate":"1987-04-14"}} 
[2026-06-25 11:57:30] local.INFO: Gateway API - Extra Cuzdan Response {"response":"{\"success\":true,\"href\":\"https:\\/\\/extracuzdan.com\\/new\\/rBpxGPcZOR20260625115730\"}"} 
[2026-06-25 11:57:30] local.INFO: Gateway API - Pending Deposit Created {"id":37,"islemno":"ref-1909-1782377850-3933","source_user_id":58622} 
[2026-06-25 14:19:20] local.INFO: Gateway API - Request Received {"amount":"1000","source_user_id":60442,"fullname":"Muhammed ali Orhan"} 
[2026-06-25 14:19:20] local.INFO: Gateway API - New User Created {"user_id":1910,"username":"muhammedaliorhan894"} 
[2026-06-25 14:19:20] local.INFO: Gateway API - Sending request to Extra Cuzdan {"referenceno":"ref-1910-1782386360-1351","data":{"referenceno":"ref-1910-1782386360-1351","player_un":"orhanmuhammedali579","player_id":"152589","player_name":"Muhammed ali Orhan","player_identityno":67837502480,"player_telephone":"5442635501","player_email":"orhanmuhammedali579@hotmail.com","player_birthdate":"2003-11-07"}} 
[2026-06-25 14:19:20] local.INFO: Gateway API - Extra Cuzdan Response {"response":"{\"success\":true,\"href\":\"https:\\/\\/extracuzdan.com\\/new\\/ZckKg6ja0A20260625141920\"}"} 
[2026-06-25 14:19:20] local.INFO: Gateway API - Pending Deposit Created {"id":39,"islemno":"ref-1910-1782386360-1351","source_user_id":60442} 
[2026-06-25 15:15:45] local.INFO: Gateway API - Request Received {"amount":"1000","source_user_id":1,"fullname":"Kübra Ariç Sifo"} 
[2026-06-25 15:15:45] local.INFO: Gateway API - Existing User Found/Updated {"user_id":1907} 
[2026-06-25 15:15:45] local.INFO: Gateway API - Sending request to Extra Cuzdan {"referenceno":"ref-1907-1782389745-5320","data":{"referenceno":"ref-1907-1782389745-5320","player_un":"kubraaricsifo63","player_id":"118350","player_name":"Kübra Ariç Sifo","player_identityno":73550024444,"player_telephone":"5325261230","player_email":"kubraaricsifo63@yahoo.com","player_birthdate":"2003-10-19"}} 
[2026-06-25 15:15:45] local.INFO: Gateway API - Extra Cuzdan Response {"response":"{\"success\":true,\"href\":\"https:\\/\\/extracuzdan.com\\/new\\/43VG7eMQVk20260625151545\"}"} 
[2026-06-25 15:15:45] local.INFO: Gateway API - Pending Deposit Created {"id":40,"islemno":"ref-1907-1782389745-5320","source_user_id":1} 
[2026-06-25 15:23:15] local.INFO: Gateway API - Request Received {"amount":"1100","source_user_id":1,"fullname":"Kübra Ariç Sifo"} 
[2026-06-25 15:23:15] local.INFO: Gateway API - Existing User Found/Updated {"user_id":1907} 
[2026-06-25 15:23:15] local.INFO: Gateway API - Sending request to Extra Cuzdan {"referenceno":"ref-1907-1782390195-6339","data":{"referenceno":"ref-1907-1782390195-6339","player_un":"kubraaricsifo63","player_id":"118350","player_name":"Kübra Ariç Sifo","player_identityno":73550024444,"player_telephone":"5325261230","player_email":"kubraaricsifo63@yahoo.com","player_birthdate":"2003-10-19"}} 
[2026-06-25 15:23:15] local.INFO: Gateway API - Extra Cuzdan Response {"response":"{\"success\":true,\"href\":\"https:\\/\\/extracuzdan.com\\/new\\/2jxiJY4ZRM20260625152315\"}"} 
[2026-06-25 15:23:15] local.INFO: Gateway API - Pending Deposit Created {"id":41,"islemno":"ref-1907-1782390195-6339","source_user_id":1} 
[2026-06-25 15:57:17] local.INFO: Gateway API - Request Received {"amount":"1200","source_user_id":1,"fullname":"Kübra Ariç Sifo"} 
[2026-06-25 15:57:17] local.INFO: Gateway API - Existing User Found/Updated {"user_id":1907} 
[2026-06-25 15:57:17] local.INFO: Gateway API - Sending request to Extra Cuzdan {"referenceno":"ref-1907-1782392237-4753","data":{"referenceno":"ref-1907-1782392237-4753","player_un":"kubraaricsifo63","player_id":"118350","player_name":"Kübra Ariç Sifo","player_identityno":73550024444,"player_telephone":"5325261230","player_email":"kubraaricsifo63@yahoo.com","player_birthdate":"2003-10-19"}} 
[2026-06-25 15:57:17] local.INFO: Gateway API - Extra Cuzdan Response {"response":"{\"success\":true,\"href\":\"https:\\/\\/extracuzdan.com\\/new\\/IhvYGZvBHx20260625155717\"}"} 
[2026-06-25 15:57:17] local.INFO: Gateway API - Pending Deposit Created {"id":42,"islemno":"ref-1907-1782392237-4753","source_user_id":1} 
[2026-06-25 16:14:12] local.INFO: Gateway API - Request Received {"amount":"1200","source_user_id":1,"fullname":"Kübra Ariç Sifo"} 
[2026-06-25 16:14:12] local.INFO: Gateway API - Existing User Found/Updated {"user_id":1907} 
[2026-06-25 16:14:12] local.INFO: Gateway API - Sending request to Extra Cuzdan {"referenceno":"ref-1907-1782393252-2397","data":{"referenceno":"ref-1907-1782393252-2397","player_un":"kubraaricsifo63","player_id":"118350","player_name":"Kübra Ariç Sifo","player_identityno":73550024444,"player_telephone":"5325261230","player_email":"kubraaricsifo63@yahoo.com","player_birthdate":"2003-10-19"}} 
[2026-06-25 16:14:12] local.INFO: Gateway API - Extra Cuzdan Response {"response":"{\"success\":false,\"code\":810,\"message\":\"Excess Transaction Count (\\u00dcyenin aktif talebi mevcut)\"}"} 
[2026-06-25 16:14:12] local.ERROR: Gateway API - Failed to get payment URL {"response":"{\"success\":false,\"code\":810,\"message\":\"Excess Transaction Count (\\u00dcyenin aktif talebi mevcut)\"}"} 
[2026-06-25 16:27:54] local.INFO: Login attempt for: betsapi  
[2026-06-25 16:27:54] local.INFO: Yonetici found: Yes  
[2026-06-25 16:27:54] local.INFO: Yonetici password check: Match  
[2026-06-25 16:27:54] local.INFO: Yonetici login successful - redirecting to admin panel  
[2026-06-25 17:04:26] local.INFO: Gateway API - Request Received {"amount":"5000","source_user_id":18162,"fullname":"Mehmet Emin Korkmaz"} 
[2026-06-25 17:04:26] local.INFO: Gateway API - New User Created {"user_id":1911,"username":"mehmeteminkorkmaz433"} 
[2026-06-25 17:04:26] local.INFO: Gateway API - Sending request to Extra Cuzdan {"referenceno":"ref-1911-1782396266-1363","data":{"referenceno":"ref-1911-1782396266-1363","player_un":"mehmeteminkorkmaz25","player_id":"158208","player_name":"Mehmet Emin Korkmaz","player_identityno":18339464974,"player_telephone":"5317398240","player_email":"mehmeteminkorkmaz25@hotmail.com","player_birthdate":"1977-11-16"}} 
[2026-06-25 17:04:27] local.INFO: Gateway API - Extra Cuzdan Response {"response":"{\"success\":true,\"href\":\"https:\\/\\/extracuzdan.com\\/new\\/KjS06S2XUd20260625170427\"}"} 
[2026-06-25 17:04:27] local.INFO: Gateway API - Pending Deposit Created {"id":44,"islemno":"ref-1911-1782396266-1363","source_user_id":18162} 
[2026-06-25 17:11:32] local.INFO: Gateway API - Request Received {"amount":"5000","source_user_id":59508,"fullname":"Özgür özaslan"} 
[2026-06-25 17:11:32] local.INFO: Gateway API - New User Created {"user_id":1912,"username":"ozgurozaslan586"} 
[2026-06-25 17:11:32] local.INFO: Gateway API - Sending request to Extra Cuzdan {"referenceno":"ref-1912-1782396692-2014","data":{"referenceno":"ref-1912-1782396692-2014","player_un":"oozaslan68","player_id":"113724","player_name":"Özgür özaslan","player_identityno":75957803622,"player_telephone":"5543945884","player_email":"oozaslan68@yahoo.com","player_birthdate":"1979-06-05"}} 
[2026-06-25 17:11:32] local.INFO: Gateway API - Extra Cuzdan Response {"response":"{\"success\":true,\"href\":\"https:\\/\\/extracuzdan.com\\/new\\/HPcouJOjEe20260625171132\"}"} 
[2026-06-25 17:11:32] local.INFO: Gateway API - Pending Deposit Created {"id":45,"islemno":"ref-1912-1782396692-2014","source_user_id":59508} 
[2026-06-25 17:16:23] local.INFO: Gateway API - Request Received {"amount":"5000","source_user_id":60460,"fullname":"Efe Çolak"} 
[2026-06-25 17:16:23] local.INFO: Gateway API - New User Created {"user_id":1913,"username":"efecolak529"} 
[2026-06-25 17:16:23] local.INFO: Gateway API - Sending request to Extra Cuzdan {"referenceno":"ref-1913-1782396983-3860","data":{"referenceno":"ref-1913-1782396983-3860","player_un":"efecolak25","player_id":"135365","player_name":"Efe Çolak","player_identityno":59434036048,"player_telephone":"5387506469","player_email":"efecolak25@gmail.com","player_birthdate":"1980-07-24"}} 
[2026-06-25 17:16:23] local.INFO: Gateway API - Extra Cuzdan Response {"response":"{\"success\":true,\"href\":\"https:\\/\\/extracuzdan.com\\/new\\/ZUR1szdmMX20260625171623\"}"} 
[2026-06-25 17:16:23] local.INFO: Gateway API - Pending Deposit Created {"id":46,"islemno":"ref-1913-1782396983-3860","source_user_id":60460} 
[2026-06-25 17:17:34] local.INFO: Gateway API - Request Received {"amount":"1000","source_user_id":1,"fullname":"Kübra Ariç Sifo"} 
[2026-06-25 17:17:34] local.INFO: Gateway API - Existing User Found/Updated {"user_id":1907} 
[2026-06-25 17:17:34] local.INFO: Gateway API - Sending request to Extra Cuzdan {"referenceno":"ref-1907-1782397054-6342","data":{"referenceno":"ref-1907-1782397054-6342","player_un":"kubraaricsifo63","player_id":"118350","player_name":"Kübra Ariç Sifo","player_identityno":73550024444,"player_telephone":"5325261230","player_email":"kubraaricsifo63@yahoo.com","player_birthdate":"2003-10-19"}} 
[2026-06-25 17:17:35] local.INFO: Gateway API - Extra Cuzdan Response {"response":"{\"success\":true,\"href\":\"https:\\/\\/extracuzdan.com\\/new\\/x9mqalJiXY20260625171735\"}"} 
[2026-06-25 17:17:35] local.INFO: Gateway API - Pending Deposit Created {"id":47,"islemno":"ref-1907-1782397054-6342","source_user_id":1} 
[2026-06-25 17:31:06] local.INFO: Gateway API - Request Received {"amount":"5000","source_user_id":59508,"fullname":"Özgür özaslan"} 
[2026-06-25 17:31:06] local.INFO: Gateway API - Existing User Found/Updated {"user_id":1912} 
[2026-06-25 17:31:06] local.INFO: Gateway API - Sending request to Extra Cuzdan {"referenceno":"ref-1912-1782397866-7366","data":{"referenceno":"ref-1912-1782397866-7366","player_un":"oozaslan68","player_id":"113724","player_name":"Özgür özaslan","player_identityno":75957803622,"player_telephone":"5543945884","player_email":"oozaslan68@yahoo.com","player_birthdate":"1979-06-05"}} 
[2026-06-25 17:31:07] local.INFO: Gateway API - Extra Cuzdan Response {"response":"{\"success\":true,\"href\":\"https:\\/\\/extracuzdan.com\\/new\\/2eTl1sJt5620260625173107\"}"} 
[2026-06-25 17:31:07] local.INFO: Gateway API - Pending Deposit Created {"id":48,"islemno":"ref-1912-1782397866-7366","source_user_id":59508} 
[2026-06-25 17:35:35] local.INFO: Gateway API - Request Received {"amount":"5000","source_user_id":54443,"fullname":"Necib Salih"} 
[2026-06-25 17:35:35] local.INFO: Gateway API - New User Created {"user_id":1914,"username":"necibsalih465"} 
[2026-06-25 17:35:35] local.INFO: Gateway API - Sending request to Extra Cuzdan {"referenceno":"ref-1914-1782398135-1619","data":{"referenceno":"ref-1914-1782398135-1619","player_un":"salihnecib663","player_id":"135128","player_name":"Necib Salih","player_identityno":64096073768,"player_telephone":"5448096056","player_email":"salihnecib663@hotmail.com","player_birthdate":"1978-03-26"}} 
[2026-06-25 17:35:35] local.INFO: Gateway API - Extra Cuzdan Response {"response":"{\"success\":true,\"href\":\"https:\\/\\/extracuzdan.com\\/new\\/98Vlh41CHb20260625173535\"}"} 
[2026-06-25 17:35:35] local.INFO: Gateway API - Pending Deposit Created {"id":49,"islemno":"ref-1914-1782398135-1619","source_user_id":54443} 
[2026-06-25 17:37:45] local.INFO: Gateway API - Request Received {"amount":"5000","source_user_id":53504,"fullname":"İsa Gürbüz"} 
[2026-06-25 17:37:45] local.INFO: Gateway API - New User Created {"user_id":1915,"username":"isagurbuz706"} 
[2026-06-25 17:37:45] local.INFO: Gateway API - Sending request to Extra Cuzdan {"referenceno":"ref-1915-1782398265-2934","data":{"referenceno":"ref-1915-1782398265-2934","player_un":"isa_gurbuz75","player_id":"113832","player_name":"İsa Gürbüz","player_identityno":15995614774,"player_telephone":"5339188872","player_email":"isagurbuz75@hotmail.com","player_birthdate":"1989-02-15"}} 
[2026-06-25 17:37:46] local.INFO: Gateway API - Extra Cuzdan Response {"response":"{\"success\":true,\"href\":\"https:\\/\\/extracuzdan.com\\/new\\/h46YJYjzoY20260625173746\"}"} 
[2026-06-25 17:37:46] local.INFO: Gateway API - Pending Deposit Created {"id":50,"islemno":"ref-1915-1782398265-2934","source_user_id":53504} 
[2026-06-25 18:35:27] local.INFO: Gateway API - Request Received {"amount":"1000","source_user_id":59328,"fullname":"mehmet Çetin"} 
[2026-06-25 18:35:27] local.INFO: Gateway API - New User Created {"user_id":1916,"username":"mehmetcetin501"} 
[2026-06-25 18:35:27] local.INFO: Gateway API - Sending request to Extra Cuzdan {"referenceno":"ref-1916-1782401727-6712","data":{"referenceno":"ref-1916-1782401727-6712","player_un":"mehmet.cetin888","player_id":"113616","player_name":"mehmet Çetin","player_identityno":93173583920,"player_telephone":"5306069936","player_email":"mehmetcetin888@hotmail.com","player_birthdate":"1996-07-23"}} 
[2026-06-25 18:35:27] local.INFO: Gateway API - Extra Cuzdan Response {"response":"{\"success\":true,\"href\":\"https:\\/\\/extracuzdan.com\\/new\\/bP0vu45B0i20260625183527\"}"} 
[2026-06-25 18:35:27] local.INFO: Gateway API - Pending Deposit Created {"id":54,"islemno":"ref-1916-1782401727-6712","source_user_id":59328} 
[2026-06-25 18:37:32] local.INFO: Gateway API - Request Received {"amount":"5000","source_user_id":40742,"fullname":"Cuma önal"} 
[2026-06-25 18:37:32] local.INFO: Gateway API - New User Created {"user_id":1917,"username":"cumaonal753"} 
[2026-06-25 18:37:32] local.INFO: Gateway API - Sending request to Extra Cuzdan {"referenceno":"ref-1917-1782401852-3578","data":{"referenceno":"ref-1917-1782401852-3578","player_un":"onalcuma244","player_id":"111384","player_name":"Cuma önal","player_identityno":81482707366,"player_telephone":"5311191032","player_email":"onalcuma244@gmail.com","player_birthdate":"2000-11-09"}} 
[2026-06-25 18:37:33] local.INFO: Gateway API - Extra Cuzdan Response {"response":"{\"success\":true,\"href\":\"https:\\/\\/extracuzdan.com\\/new\\/X5RbB22F0S20260625183733\"}"} 
[2026-06-25 18:37:33] local.INFO: Gateway API - Pending Deposit Created {"id":55,"islemno":"ref-1917-1782401852-3578","source_user_id":40742} 
[2026-06-25 18:38:21] local.INFO: Gateway API - Request Received {"amount":"2500","source_user_id":60106,"fullname":"Emre Kücükarabaci"} 
[2026-06-25 18:38:21] local.INFO: Gateway API - New User Created {"user_id":1918,"username":"emrekucukarabaci545"} 
[2026-06-25 18:38:21] local.INFO: Gateway API - Sending request to Extra Cuzdan {"referenceno":"ref-1918-1782401901-1598","data":{"referenceno":"ref-1918-1782401901-1598","player_un":"emre_kucukarabaci95","player_id":"152291","player_name":"Emre Kücükarabaci","player_identityno":27927886098,"player_telephone":"5364967491","player_email":"emrekucukarabaci95@gmail.com","player_birthdate":"1975-08-16"}} 
[2026-06-25 18:38:21] local.INFO: Gateway API - Extra Cuzdan Response {"response":"{\"success\":true,\"href\":\"https:\\/\\/extracuzdan.com\\/new\\/hOZRS63OdP20260625183821\"}"} 
[2026-06-25 18:38:21] local.INFO: Gateway API - Pending Deposit Created {"id":56,"islemno":"ref-1918-1782401901-1598","source_user_id":60106} 
[2026-06-25 18:38:57] local.INFO: Gateway API - Request Received {"amount":"2500","source_user_id":60106,"fullname":"Emre Kücükarabaci"} 
[2026-06-25 18:38:57] local.INFO: Gateway API - Existing User Found/Updated {"user_id":1918} 
[2026-06-25 18:38:57] local.INFO: Gateway API - Sending request to Extra Cuzdan {"referenceno":"ref-1918-1782401937-1948","data":{"referenceno":"ref-1918-1782401937-1948","player_un":"emre_kucukarabaci95","player_id":"152291","player_name":"Emre Kücükarabaci","player_identityno":27927886098,"player_telephone":"5364967491","player_email":"emrekucukarabaci95@gmail.com","player_birthdate":"1975-08-16"}} 
[2026-06-25 18:38:57] local.INFO: Gateway API - Extra Cuzdan Response {"response":"{\"success\":false,\"code\":810,\"message\":\"Excess Transaction Count (\\u00dcyenin aktif talebi mevcut)\"}"} 
[2026-06-25 18:38:57] local.ERROR: Gateway API - Failed to get payment URL {"response":"{\"success\":false,\"code\":810,\"message\":\"Excess Transaction Count (\\u00dcyenin aktif talebi mevcut)\"}"} 
[2026-06-25 18:39:03] local.INFO: Gateway API - Request Received {"amount":"2500","source_user_id":60106,"fullname":"Emre Kücükarabaci"} 
[2026-06-25 18:39:03] local.INFO: Gateway API - Existing User Found/Updated {"user_id":1918} 
[2026-06-25 18:39:03] local.INFO: Gateway API - Sending request to Extra Cuzdan {"referenceno":"ref-1918-1782401943-6526","data":{"referenceno":"ref-1918-1782401943-6526","player_un":"emre_kucukarabaci95","player_id":"152291","player_name":"Emre Kücükarabaci","player_identityno":27927886098,"player_telephone":"5364967491","player_email":"emrekucukarabaci95@gmail.com","player_birthdate":"1975-08-16"}} 
[2026-06-25 18:39:04] local.INFO: Gateway API - Extra Cuzdan Response {"response":"{\"success\":false,\"code\":810,\"message\":\"Excess Transaction Count (\\u00dcyenin aktif talebi mevcut)\"}"} 
[2026-06-25 18:39:04] local.ERROR: Gateway API - Failed to get payment URL {"response":"{\"success\":false,\"code\":810,\"message\":\"Excess Transaction Count (\\u00dcyenin aktif talebi mevcut)\"}"} 
[2026-06-25 18:40:25] local.INFO: Gateway API - Request Received {"amount":"2500","source_user_id":60106,"fullname":"Emre Kücükarabaci"} 
[2026-06-25 18:40:25] local.INFO: Gateway API - Existing User Found/Updated {"user_id":1918} 
[2026-06-25 18:40:25] local.INFO: Gateway API - Sending request to Extra Cuzdan {"referenceno":"ref-1918-1782402025-9447","data":{"referenceno":"ref-1918-1782402025-9447","player_un":"emre_kucukarabaci95","player_id":"152291","player_name":"Emre Kücükarabaci","player_identityno":27927886098,"player_telephone":"5364967491","player_email":"emrekucukarabaci95@gmail.com","player_birthdate":"1975-08-16"}} 
[2026-06-25 18:40:25] local.INFO: Gateway API - Extra Cuzdan Response {"response":"{\"success\":false,\"code\":810,\"message\":\"Excess Transaction Count (\\u00dcyenin aktif talebi mevcut)\"}"} 
[2026-06-25 18:40:25] local.ERROR: Gateway API - Failed to get payment URL {"response":"{\"success\":false,\"code\":810,\"message\":\"Excess Transaction Count (\\u00dcyenin aktif talebi mevcut)\"}"} 
[2026-06-25 18:41:57] local.INFO: Gateway API - Request Received {"amount":"2500","source_user_id":60473,"fullname":"Emre Kücükarabaci"} 
[2026-06-25 18:41:57] local.INFO: Gateway API - New User Created {"user_id":1919,"username":"emrekucukarabaci637"} 
[2026-06-25 18:41:57] local.INFO: Gateway API - Sending request to Extra Cuzdan {"referenceno":"ref-1919-1782402117-6849","data":{"referenceno":"ref-1919-1782402117-6849","player_un":"emrekucukarabaci45","player_id":"149146","player_name":"Emre Kücükarabaci","player_identityno":50960709444,"player_telephone":"5380928122","player_email":"emrekucukarabaci45@gmail.com","player_birthdate":"2000-05-17"}} 
[2026-06-25 18:41:57] local.INFO: Gateway API - Extra Cuzdan Response {"response":"{\"success\":true,\"href\":\"https:\\/\\/extracuzdan.com\\/new\\/6weJ4VMzuS20260625184157\"}"} 
[2026-06-25 18:41:57] local.INFO: Gateway API - Pending Deposit Created {"id":57,"islemno":"ref-1919-1782402117-6849","source_user_id":60473} 
[2026-06-25 18:59:14] local.INFO: Gateway API - Request Received {"amount":"5000","source_user_id":40742,"fullname":"Cuma önal"} 
[2026-06-25 18:59:14] local.INFO: Gateway API - Existing User Found/Updated {"user_id":1917} 
[2026-06-25 18:59:14] local.INFO: Gateway API - Sending request to Extra Cuzdan {"referenceno":"ref-1917-1782403154-5082","data":{"referenceno":"ref-1917-1782403154-5082","player_un":"onalcuma244","player_id":"111384","player_name":"Cuma önal","player_identityno":81482707366,"player_telephone":"5311191032","player_email":"onalcuma244@gmail.com","player_birthdate":"2000-11-09"}} 
[2026-06-25 18:59:14] local.INFO: Gateway API - Extra Cuzdan Response {"response":"{\"success\":true,\"href\":\"https:\\/\\/extracuzdan.com\\/new\\/0gH2xYTdK320260625185914\"}"} 
[2026-06-25 18:59:14] local.INFO: Gateway API - Pending Deposit Created {"id":61,"islemno":"ref-1917-1782403154-5082","source_user_id":40742} 
[2026-06-25 19:12:34] local.INFO: Gateway API - Request Received {"amount":"5000","source_user_id":40742,"fullname":"Cuma önal"} 
[2026-06-25 19:12:34] local.INFO: Gateway API - Existing User Found/Updated {"user_id":1917} 
[2026-06-25 19:12:34] local.INFO: Gateway API - Sending request to Extra Cuzdan {"referenceno":"ref-1917-1782403954-3543","data":{"referenceno":"ref-1917-1782403954-3543","player_un":"onalcuma244","player_id":"111384","player_name":"Cuma önal","player_identityno":81482707366,"player_telephone":"5311191032","player_email":"onalcuma244@gmail.com","player_birthdate":"2000-11-09"}} 
[2026-06-25 19:12:34] local.INFO: Gateway API - Extra Cuzdan Response {"response":"{\"success\":false,\"code\":810,\"message\":\"Excess Transaction Count (\\u00dcyenin aktif talebi mevcut)\"}"} 
[2026-06-25 19:12:34] local.ERROR: Gateway API - Failed to get payment URL {"response":"{\"success\":false,\"code\":810,\"message\":\"Excess Transaction Count (\\u00dcyenin aktif talebi mevcut)\"}"} 
[2026-06-25 19:14:11] local.INFO: Gateway API - Request Received {"amount":"5000","source_user_id":40742,"fullname":"Cuma önal"} 
[2026-06-25 19:14:11] local.INFO: Gateway API - Existing User Found/Updated {"user_id":1917} 
[2026-06-25 19:14:11] local.INFO: Gateway API - Sending request to Extra Cuzdan {"referenceno":"ref-1917-1782404051-7036","data":{"referenceno":"ref-1917-1782404051-7036","player_un":"onalcuma244","player_id":"111384","player_name":"Cuma önal","player_identityno":81482707366,"player_telephone":"5311191032","player_email":"onalcuma244@gmail.com","player_birthdate":"2000-11-09"}} 
[2026-06-25 19:14:12] local.INFO: Gateway API - Extra Cuzdan Response {"response":"{\"success\":false,\"code\":810,\"message\":\"Excess Transaction Count (\\u00dcyenin aktif talebi mevcut)\"}"} 
[2026-06-25 19:14:12] local.ERROR: Gateway API - Failed to get payment URL {"response":"{\"success\":false,\"code\":810,\"message\":\"Excess Transaction Count (\\u00dcyenin aktif talebi mevcut)\"}"} 
[2026-06-25 19:15:05] local.INFO: Gateway API - Request Received {"amount":"5000","source_user_id":40742,"fullname":"Cuma önal"} 
[2026-06-25 19:15:05] local.INFO: Gateway API - Existing User Found/Updated {"user_id":1917} 
[2026-06-25 19:15:05] local.INFO: Gateway API - Sending request to Extra Cuzdan {"referenceno":"ref-1917-1782404105-8495","data":{"referenceno":"ref-1917-1782404105-8495","player_un":"onalcuma244","player_id":"111384","player_name":"Cuma önal","player_identityno":81482707366,"player_telephone":"5311191032","player_email":"onalcuma244@gmail.com","player_birthdate":"2000-11-09"}} 
[2026-06-25 19:15:05] local.INFO: Gateway API - Extra Cuzdan Response {"response":"{\"success\":false,\"code\":810,\"message\":\"Excess Transaction Count (\\u00dcyenin aktif talebi mevcut)\"}"} 
[2026-06-25 19:15:05] local.ERROR: Gateway API - Failed to get payment URL {"response":"{\"success\":false,\"code\":810,\"message\":\"Excess Transaction Count (\\u00dcyenin aktif talebi mevcut)\"}"} 
[2026-06-25 19:16:46] local.INFO: Gateway API - Request Received {"amount":"5000","source_user_id":40742,"fullname":"Cuma önal"} 
[2026-06-25 19:16:46] local.INFO: Gateway API - Existing User Found/Updated {"user_id":1917} 
[2026-06-25 19:16:46] local.INFO: Gateway API - Sending request to Extra Cuzdan {"referenceno":"ref-1917-1782404206-1318","data":{"referenceno":"ref-1917-1782404206-1318","player_un":"onalcuma244","player_id":"111384","player_name":"Cuma önal","player_identityno":81482707366,"player_telephone":"5311191032","player_email":"onalcuma244@gmail.com","player_birthdate":"2000-11-09"}} 
[2026-06-25 19:16:47] local.INFO: Gateway API - Extra Cuzdan Response {"response":"{\"success\":false,\"code\":810,\"message\":\"Excess Transaction Count (\\u00dcyenin aktif talebi mevcut)\"}"} 
[2026-06-25 19:16:47] local.ERROR: Gateway API - Failed to get payment URL {"response":"{\"success\":false,\"code\":810,\"message\":\"Excess Transaction Count (\\u00dcyenin aktif talebi mevcut)\"}"} 
[2026-06-25 19:17:30] local.INFO: Gateway API - Request Received {"amount":"5000","source_user_id":40742,"fullname":"Cuma önal"} 
[2026-06-25 19:17:30] local.INFO: Gateway API - Existing User Found/Updated {"user_id":1917} 
[2026-06-25 19:17:30] local.INFO: Gateway API - Sending request to Extra Cuzdan {"referenceno":"ref-1917-1782404250-2702","data":{"referenceno":"ref-1917-1782404250-2702","player_un":"onalcuma244","player_id":"111384","player_name":"Cuma önal","player_identityno":81482707366,"player_telephone":"5311191032","player_email":"onalcuma244@gmail.com","player_birthdate":"2000-11-09"}} 
[2026-06-25 19:17:30] local.INFO: Gateway API - Extra Cuzdan Response {"response":"{\"success\":false,\"code\":810,\"message\":\"Excess Transaction Count (\\u00dcyenin aktif talebi mevcut)\"}"} 
[2026-06-25 19:17:30] local.ERROR: Gateway API - Failed to get payment URL {"response":"{\"success\":false,\"code\":810,\"message\":\"Excess Transaction Count (\\u00dcyenin aktif talebi mevcut)\"}"} 
[2026-06-25 19:18:08] local.INFO: Gateway API - Request Received {"amount":"1000","source_user_id":60476,"fullname":"Mustafa balkay"} 
[2026-06-25 19:18:08] local.INFO: Gateway API - New User Created {"user_id":1920,"username":"mustafabalkay506"} 
[2026-06-25 19:18:08] local.INFO: Gateway API - Sending request to Extra Cuzdan {"referenceno":"ref-1920-1782404288-5114","data":{"referenceno":"ref-1920-1782404288-5114","player_un":"mustafa.balkay147","player_id":"144687","player_name":"Mustafa balkay","player_identityno":88423093120,"player_telephone":"5551120271","player_email":"mustafabalkay147@outlook.com","player_birthdate":"2003-11-02"}} 
[2026-06-25 19:18:08] local.INFO: Gateway API - Extra Cuzdan Response {"response":"{\"success\":true,\"href\":\"https:\\/\\/extracuzdan.com\\/new\\/DkGbZyciqj20260625191808\"}"} 
[2026-06-25 19:18:08] local.INFO: Gateway API - Pending Deposit Created {"id":62,"islemno":"ref-1920-1782404288-5114","source_user_id":60476} 
[2026-06-25 19:18:26] local.INFO: Gateway API - Request Received {"amount":"5000","source_user_id":40742,"fullname":"Cuma önal"} 
[2026-06-25 19:18:26] local.INFO: Gateway API - Existing User Found/Updated {"user_id":1917} 
[2026-06-25 19:18:26] local.INFO: Gateway API - Sending request to Extra Cuzdan {"referenceno":"ref-1917-1782404306-3171","data":{"referenceno":"ref-1917-1782404306-3171","player_un":"onalcuma244","player_id":"111384","player_name":"Cuma önal","player_identityno":81482707366,"player_telephone":"5311191032","player_email":"onalcuma244@gmail.com","player_birthdate":"2000-11-09"}} 
[2026-06-25 19:18:26] local.INFO: Gateway API - Extra Cuzdan Response {"response":"{\"success\":false,\"code\":810,\"message\":\"Excess Transaction Count (\\u00dcyenin aktif talebi mevcut)\"}"} 
[2026-06-25 19:18:26] local.ERROR: Gateway API - Failed to get payment URL {"response":"{\"success\":false,\"code\":810,\"message\":\"Excess Transaction Count (\\u00dcyenin aktif talebi mevcut)\"}"} 
[2026-06-25 19:20:06] local.INFO: Gateway API - Request Received {"amount":"5000","source_user_id":40742,"fullname":"Cuma önal"} 
[2026-06-25 19:20:06] local.INFO: Gateway API - Existing User Found/Updated {"user_id":1917} 
[2026-06-25 19:20:06] local.INFO: Gateway API - Sending request to Extra Cuzdan {"referenceno":"ref-1917-1782404406-7813","data":{"referenceno":"ref-1917-1782404406-7813","player_un":"onalcuma244","player_id":"111384","player_name":"Cuma önal","player_identityno":81482707366,"player_telephone":"5311191032","player_email":"onalcuma244@gmail.com","player_birthdate":"2000-11-09"}} 
[2026-06-25 19:20:06] local.INFO: Gateway API - Extra Cuzdan Response {"response":"{\"success\":false,\"code\":810,\"message\":\"Excess Transaction Count (\\u00dcyenin aktif talebi mevcut)\"}"} 
[2026-06-25 19:20:06] local.ERROR: Gateway API - Failed to get payment URL {"response":"{\"success\":false,\"code\":810,\"message\":\"Excess Transaction Count (\\u00dcyenin aktif talebi mevcut)\"}"} 
[2026-06-25 19:20:44] local.INFO: Gateway API - Request Received {"amount":"5000","source_user_id":40742,"fullname":"Cuma önal"} 
[2026-06-25 19:20:44] local.INFO: Gateway API - Existing User Found/Updated {"user_id":1917} 
[2026-06-25 19:20:44] local.INFO: Gateway API - Sending request to Extra Cuzdan {"referenceno":"ref-1917-1782404444-8080","data":{"referenceno":"ref-1917-1782404444-8080","player_un":"onalcuma244","player_id":"111384","player_name":"Cuma önal","player_identityno":81482707366,"player_telephone":"5311191032","player_email":"onalcuma244@gmail.com","player_birthdate":"2000-11-09"}} 
[2026-06-25 19:20:44] local.INFO: Gateway API - Extra Cuzdan Response {"response":"{\"success\":true,\"href\":\"https:\\/\\/extracuzdan.com\\/new\\/AInMw0JtDS20260625192044\"}"} 
[2026-06-25 19:20:44] local.INFO: Gateway API - Pending Deposit Created {"id":64,"islemno":"ref-1917-1782404444-8080","source_user_id":40742} 
[2026-06-25 19:39:35] local.INFO: Gateway API - Request Received {"amount":"1100","source_user_id":60476,"fullname":"Mustafa balkay"} 
[2026-06-25 19:39:35] local.INFO: Gateway API - Existing User Found/Updated {"user_id":1920} 
[2026-06-25 19:39:35] local.INFO: Gateway API - Sending request to Extra Cuzdan {"referenceno":"ref-1920-1782405575-7706","data":{"referenceno":"ref-1920-1782405575-7706","player_un":"mustafa.balkay147","player_id":"144687","player_name":"Mustafa balkay","player_identityno":88423093120,"player_telephone":"5551120271","player_email":"mustafabalkay147@outlook.com","player_birthdate":"2003-11-02"}} 
[2026-06-25 19:39:35] local.INFO: Gateway API - Extra Cuzdan Response {"response":"{\"success\":false,\"code\":810,\"message\":\"Excess Transaction Count (\\u00dcyenin aktif talebi mevcut)\"}"} 
[2026-06-25 19:39:35] local.ERROR: Gateway API - Failed to get payment URL {"response":"{\"success\":false,\"code\":810,\"message\":\"Excess Transaction Count (\\u00dcyenin aktif talebi mevcut)\"}"} 
[2026-06-25 19:58:59] local.INFO: Gateway API - Request Received {"amount":"5000","source_user_id":1,"fullname":"Alper Yıldırım"} 
[2026-06-25 19:58:59] local.INFO: Gateway API - Existing User Found/Updated {"user_id":1907} 
[2026-06-25 19:58:59] local.INFO: Gateway API - Sending request to Extra Cuzdan {"referenceno":"ref-1907-1782406739-2578","data":{"referenceno":"ref-1907-1782406739-2578","player_un":"alper.yildirim528","player_id":"134876","player_name":"Alper Yıldırım","player_identityno":73550024444,"player_telephone":"5558554556","player_email":"alperyildirim528@gmail.com","player_birthdate":"1970-11-14"}} 
[2026-06-25 19:58:59] local.INFO: Gateway API - Extra Cuzdan Response {"response":"{\"success\":true,\"href\":\"https:\\/\\/extracuzdan.com\\/new\\/ShDf02PfLZ20260625195859\"}"} 
[2026-06-25 19:58:59] local.INFO: Gateway API - Pending Deposit Created {"id":66,"islemno":"ref-1907-1782406739-2578","source_user_id":1} 
[2026-06-25 20:03:57] local.INFO: Login attempt for: beykozlu09  
[2026-06-25 20:03:57] local.INFO: Yonetici found: No  
[2026-06-25 20:03:57] local.INFO: Admin found: No  
[2026-06-25 20:03:57] local.INFO: Login failed - no valid credentials  
[2026-06-25 22:40:43] local.INFO: Gateway API - Request Received {"amount":"5000","source_user_id":15025,"fullname":"Hasan aksoy"} 
[2026-06-25 22:40:43] local.INFO: Gateway API - New User Created {"user_id":1921,"username":"hasanaksoy421"} 
[2026-06-25 22:40:43] local.INFO: Gateway API - Sending request to Extra Cuzdan {"referenceno":"ref-1921-1782416443-1816","data":{"referenceno":"ref-1921-1782416443-1816","player_un":"aksoyhasan185","player_id":"114287","player_name":"Hasan aksoy","player_identityno":26917834460,"player_telephone":"5303291087","player_email":"aksoyhasan185@hotmail.com","player_birthdate":"1971-07-04"}} 
[2026-06-25 22:40:44] local.INFO: Gateway API - Extra Cuzdan Response {"response":"{\"success\":true,\"href\":\"https:\\/\\/extracuzdan.com\\/new\\/737bmY2SDQ20260625224044\"}"} 
[2026-06-25 22:40:44] local.INFO: Gateway API - Pending Deposit Created {"id":67,"islemno":"ref-1921-1782416443-1816","source_user_id":15025} 
[2026-06-25 22:41:04] local.INFO: Gateway API - Request Received {"amount":"5000","source_user_id":15025,"fullname":"Hasan aksoy"} 
[2026-06-25 22:41:04] local.INFO: Gateway API - Existing User Found/Updated {"user_id":1921} 
[2026-06-25 22:41:04] local.INFO: Gateway API - Sending request to Extra Cuzdan {"referenceno":"ref-1921-1782416464-6969","data":{"referenceno":"ref-1921-1782416464-6969","player_un":"aksoyhasan185","player_id":"114287","player_name":"Hasan aksoy","player_identityno":26917834460,"player_telephone":"5303291087","player_email":"aksoyhasan185@hotmail.com","player_birthdate":"1971-07-04"}} 
[2026-06-25 22:41:04] local.INFO: Gateway API - Extra Cuzdan Response {"response":"{\"success\":false,\"code\":810,\"message\":\"Excess Transaction Count (\\u00dcyenin aktif talebi mevcut)\"}"} 
[2026-06-25 22:41:04] local.ERROR: Gateway API - Failed to get payment URL {"response":"{\"success\":false,\"code\":810,\"message\":\"Excess Transaction Count (\\u00dcyenin aktif talebi mevcut)\"}"} 
[2026-06-25 22:43:34] local.INFO: Gateway API - Request Received {"amount":"5000","source_user_id":15025,"fullname":"Hasan aksoy"} 
[2026-06-25 22:43:34] local.INFO: Gateway API - Existing User Found/Updated {"user_id":1921} 
[2026-06-25 22:43:34] local.INFO: Gateway API - Sending request to Extra Cuzdan {"referenceno":"ref-1921-1782416614-9323","data":{"referenceno":"ref-1921-1782416614-9323","player_un":"aksoyhasan185","player_id":"114287","player_name":"Hasan aksoy","player_identityno":26917834460,"player_telephone":"5303291087","player_email":"aksoyhasan185@hotmail.com","player_birthdate":"1971-07-04"}} 
[2026-06-25 22:43:34] local.INFO: Gateway API - Extra Cuzdan Response {"response":"{\"success\":false,\"code\":810,\"message\":\"Excess Transaction Count (\\u00dcyenin aktif talebi mevcut)\"}"} 
[2026-06-25 22:43:34] local.ERROR: Gateway API - Failed to get payment URL {"response":"{\"success\":false,\"code\":810,\"message\":\"Excess Transaction Count (\\u00dcyenin aktif talebi mevcut)\"}"} 
[2026-06-25 22:45:48] local.INFO: Gateway API - Request Received {"amount":"5000","source_user_id":15025,"fullname":"Hasan aksoy"} 
[2026-06-25 22:45:48] local.INFO: Gateway API - Existing User Found/Updated {"user_id":1921} 
[2026-06-25 22:45:48] local.INFO: Gateway API - Sending request to Extra Cuzdan {"referenceno":"ref-1921-1782416748-4435","data":{"referenceno":"ref-1921-1782416748-4435","player_un":"aksoyhasan185","player_id":"114287","player_name":"Hasan aksoy","player_identityno":26917834460,"player_telephone":"5303291087","player_email":"aksoyhasan185@hotmail.com","player_birthdate":"1971-07-04"}} 
[2026-06-25 22:45:48] local.INFO: Gateway API - Extra Cuzdan Response {"response":"{\"success\":true,\"href\":\"https:\\/\\/extracuzdan.com\\/new\\/gfOlCO5iag20260625224548\"}"} 
[2026-06-25 22:45:48] local.INFO: Gateway API - Pending Deposit Created {"id":69,"islemno":"ref-1921-1782416748-4435","source_user_id":15025} 
[2026-06-26 01:34:11] local.INFO: Gateway API - Request Received {"amount":"1000","source_user_id":21694,"fullname":"Ayşe Eşiyok"} 
[2026-06-26 01:34:11] local.INFO: Gateway API - New User Created {"user_id":1922,"username":"ayseesiyok179"} 
[2026-06-26 01:34:11] local.INFO: Gateway API - Sending request to Extra Cuzdan {"referenceno":"ref-1922-1782426851-7699","data":{"referenceno":"ref-1922-1782426851-7699","player_un":"ayse.esiyok689","player_id":"116607","player_name":"Ayşe Eşiyok","player_identityno":77829562118,"player_telephone":"5436963423","player_email":"ayseesiyok689@hotmail.com","player_birthdate":"1986-01-23"}} 
[2026-06-26 01:34:12] local.INFO: Gateway API - Extra Cuzdan Response {"response":"{\"success\":true,\"href\":\"https:\\/\\/extracuzdan.com\\/new\\/X9mTQUJwDt20260626013412\"}"} 
[2026-06-26 01:34:12] local.INFO: Gateway API - Pending Deposit Created {"id":70,"islemno":"ref-1922-1782426851-7699","source_user_id":21694} 
[2026-06-26 01:42:01] local.INFO: Gateway API - Request Received {"amount":"1000","source_user_id":21694,"fullname":"Ayşe Eşiyok"} 
[2026-06-26 01:42:01] local.INFO: Gateway API - Existing User Found/Updated {"user_id":1922} 
[2026-06-26 01:42:01] local.INFO: Gateway API - Sending request to Extra Cuzdan {"referenceno":"ref-1922-1782427321-3030","data":{"referenceno":"ref-1922-1782427321-3030","player_un":"ayse.esiyok689","player_id":"116607","player_name":"Ayşe Eşiyok","player_identityno":77829562118,"player_telephone":"5436963423","player_email":"ayseesiyok689@hotmail.com","player_birthdate":"1986-01-23"}} 
[2026-06-26 01:42:01] local.INFO: Gateway API - Extra Cuzdan Response {"response":"{\"success\":false,\"code\":810,\"message\":\"Excess Transaction Count (\\u00dcyenin aktif talebi mevcut)\"}"} 
[2026-06-26 01:42:01] local.ERROR: Gateway API - Failed to get payment URL {"response":"{\"success\":false,\"code\":810,\"message\":\"Excess Transaction Count (\\u00dcyenin aktif talebi mevcut)\"}"} 
[2026-06-26 01:42:08] local.INFO: Gateway API - Request Received {"amount":"1000","source_user_id":21694,"fullname":"Ayşe Eşiyok"} 
[2026-06-26 01:42:09] local.INFO: Gateway API - Existing User Found/Updated {"user_id":1922} 
[2026-06-26 01:42:09] local.INFO: Gateway API - Sending request to Extra Cuzdan {"referenceno":"ref-1922-1782427329-4790","data":{"referenceno":"ref-1922-1782427329-4790","player_un":"ayse.esiyok689","player_id":"116607","player_name":"Ayşe Eşiyok","player_identityno":77829562118,"player_telephone":"5436963423","player_email":"ayseesiyok689@hotmail.com","player_birthdate":"1986-01-23"}} 
[2026-06-26 01:42:09] local.INFO: Gateway API - Extra Cuzdan Response {"response":"{\"success\":false,\"code\":810,\"message\":\"Excess Transaction Count (\\u00dcyenin aktif talebi mevcut)\"}"} 
[2026-06-26 01:42:09] local.ERROR: Gateway API - Failed to get payment URL {"response":"{\"success\":false,\"code\":810,\"message\":\"Excess Transaction Count (\\u00dcyenin aktif talebi mevcut)\"}"} 
[2026-06-26 01:42:16] local.INFO: Gateway API - Request Received {"amount":"1000","source_user_id":21694,"fullname":"Ayşe Eşiyok"} 
[2026-06-26 01:42:16] local.INFO: Gateway API - Existing User Found/Updated {"user_id":1922} 
[2026-06-26 01:42:16] local.INFO: Gateway API - Sending request to Extra Cuzdan {"referenceno":"ref-1922-1782427336-8175","data":{"referenceno":"ref-1922-1782427336-8175","player_un":"ayse.esiyok689","player_id":"116607","player_name":"Ayşe Eşiyok","player_identityno":77829562118,"player_telephone":"5436963423","player_email":"ayseesiyok689@hotmail.com","player_birthdate":"1986-01-23"}} 
[2026-06-26 01:42:17] local.INFO: Gateway API - Extra Cuzdan Response {"response":"{\"success\":false,\"code\":810,\"message\":\"Excess Transaction Count (\\u00dcyenin aktif talebi mevcut)\"}"} 
[2026-06-26 01:42:17] local.ERROR: Gateway API - Failed to get payment URL {"response":"{\"success\":false,\"code\":810,\"message\":\"Excess Transaction Count (\\u00dcyenin aktif talebi mevcut)\"}"} 
[2026-06-26 01:42:20] local.INFO: Gateway API - Request Received {"amount":"1000","source_user_id":21694,"fullname":"Ayşe Eşiyok"} 
[2026-06-26 01:42:20] local.INFO: Gateway API - Existing User Found/Updated {"user_id":1922} 
[2026-06-26 01:42:20] local.INFO: Gateway API - Sending request to Extra Cuzdan {"referenceno":"ref-1922-1782427340-1119","data":{"referenceno":"ref-1922-1782427340-1119","player_un":"ayse.esiyok689","player_id":"116607","player_name":"Ayşe Eşiyok","player_identityno":77829562118,"player_telephone":"5436963423","player_email":"ayseesiyok689@hotmail.com","player_birthdate":"1986-01-23"}} 
[2026-06-26 01:42:20] local.INFO: Gateway API - Extra Cuzdan Response {"response":"{\"success\":false,\"code\":810,\"message\":\"Excess Transaction Count (\\u00dcyenin aktif talebi mevcut)\"}"} 
[2026-06-26 01:42:20] local.ERROR: Gateway API - Failed to get payment URL {"response":"{\"success\":false,\"code\":810,\"message\":\"Excess Transaction Count (\\u00dcyenin aktif talebi mevcut)\"}"} 
[2026-06-26 01:55:07] local.INFO: Gateway API - Request Received {"amount":"1000","source_user_id":21694,"fullname":"Ayşe Eşiyok"} 
[2026-06-26 01:55:07] local.INFO: Gateway API - Existing User Found/Updated {"user_id":1922} 
[2026-06-26 01:55:07] local.INFO: Gateway API - Sending request to Extra Cuzdan {"referenceno":"ref-1922-1782428107-6290","data":{"referenceno":"ref-1922-1782428107-6290","player_un":"ayse.esiyok689","player_id":"116607","player_name":"Ayşe Eşiyok","player_identityno":77829562118,"player_telephone":"5436963423","player_email":"ayseesiyok689@hotmail.com","player_birthdate":"1986-01-23"}} 
[2026-06-26 01:55:08] local.INFO: Gateway API - Extra Cuzdan Response {"response":"{\"success\":true,\"href\":\"https:\\/\\/extracuzdan.com\\/new\\/jN8LXzjIa120260626015508\"}"} 
[2026-06-26 01:55:08] local.INFO: Gateway API - Pending Deposit Created {"id":72,"islemno":"ref-1922-1782428107-6290","source_user_id":21694} 
[2026-06-26 13:15:00] local.INFO: Gateway API - Request Received {"amount":"2000","source_user_id":45801,"fullname":"RECEP DOĞAN"} 
[2026-06-26 13:15:00] local.INFO: Gateway API - New User Created {"user_id":1923,"username":"recepdogan126"} 
[2026-06-26 13:15:00] local.INFO: Gateway API - Sending request to Extra Cuzdan {"referenceno":"ref-1923-1782468900-1357","data":{"referenceno":"ref-1923-1782468900-1357","player_un":"recep.dogan961","player_id":"123245","player_name":"RECEP DOĞAN","player_identityno":27092730684,"player_telephone":"5533916877","player_email":"recepdogan961@hotmail.com","player_birthdate":"1985-12-18"}} 
[2026-06-26 13:15:00] local.INFO: Gateway API - Extra Cuzdan Response {"response":"{\"success\":true,\"href\":\"https:\\/\\/extracuzdan.com\\/new\\/1A4nnuBJAo20260626131500\"}"} 
[2026-06-26 13:15:00] local.INFO: Gateway API - Pending Deposit Created {"id":73,"islemno":"ref-1923-1782468900-1357","source_user_id":45801} 
[2026-06-26 14:26:44] local.INFO: Gateway API - Request Received {"amount":"1500","source_user_id":45801,"fullname":"MEHMET SARIDAŞ"} 
[2026-06-26 14:26:44] local.INFO: Gateway API - Existing User Found/Updated {"user_id":1923} 
[2026-06-26 14:26:44] local.INFO: Gateway API - Sending request to Extra Cuzdan {"referenceno":"ref-1923-1782473204-7809","data":{"referenceno":"ref-1923-1782473204-7809","player_un":"saridasmehmet646","player_id":"158332","player_name":"MEHMET SARIDAŞ","player_identityno":27092730684,"player_telephone":"5377660508","player_email":"saridasmehmet646@yahoo.com","player_birthdate":"1976-03-09"}} 
[2026-06-26 14:26:44] local.INFO: Gateway API - Extra Cuzdan Response {"response":"{\"success\":true,\"href\":\"https:\\/\\/extracuzdan.com\\/new\\/MM7Xp4hsZR20260626142644\"}"} 
[2026-06-26 14:26:44] local.INFO: Gateway API - Pending Deposit Created {"id":75,"islemno":"ref-1923-1782473204-7809","source_user_id":45801} 
[2026-06-26 14:29:59] local.INFO: Gateway API - Request Received {"amount":"5000","source_user_id":53364,"fullname":"İbrahim EROL"} 
[2026-06-26 14:29:59] local.INFO: Gateway API - Existing User Found/Updated {"user_id":1902} 
[2026-06-26 14:29:59] local.INFO: Gateway API - Sending request to Extra Cuzdan {"referenceno":"ref-1902-1782473399-9609","data":{"referenceno":"ref-1902-1782473399-9609","player_un":"ibrahimerol70","player_id":"124532","player_name":"İbrahim EROL","player_identityno":82525120814,"player_telephone":"5386119380","player_email":"ibrahimerol70@yahoo.com","player_birthdate":"1989-01-16"}} 
[2026-06-26 14:29:59] local.INFO: Gateway API - Extra Cuzdan Response {"response":"{\"success\":true,\"href\":\"https:\\/\\/extracuzdan.com\\/new\\/qoT7R92OLo20260626142959\"}"} 
[2026-06-26 14:29:59] local.INFO: Gateway API - Pending Deposit Created {"id":76,"islemno":"ref-1902-1782473399-9609","source_user_id":53364} 
[2026-06-26 23:47:38] local.INFO: Login attempt for: Bulenteo  
[2026-06-26 23:47:38] local.INFO: Yonetici found: No  
[2026-06-26 23:47:38] local.INFO: Admin found: No  
[2026-06-26 23:47:38] local.INFO: Login failed - no valid credentials  
[2026-06-27 09:35:33] local.INFO: Gateway API - Request Received {"amount":"1000","source_user_id":22651,"fullname":"Ali Moradi"} 
[2026-06-27 09:35:33] local.INFO: Gateway API - New User Created {"user_id":1925,"username":"alimoradi490"} 
[2026-06-27 09:35:33] local.INFO: Gateway API - Sending request to Extra Cuzdan {"referenceno":"ref-1925-1782542133-7316","data":{"referenceno":"ref-1925-1782542133-7316","player_un":"amoradi99","player_id":"159719","player_name":"Ali Moradi","player_identityno":56980445348,"player_telephone":"5325329607","player_email":"amoradi99@hotmail.com","player_birthdate":"1980-12-27"}} 
[2026-06-27 09:35:34] local.INFO: Gateway API - Extra Cuzdan Response {"response":"{\"success\":true,\"href\":\"https:\\/\\/extracuzdan.com\\/new\\/7ywBJCUrCu20260627093534\"}"} 
[2026-06-27 09:35:34] local.INFO: Gateway API - Pending Deposit Created {"id":78,"islemno":"ref-1925-1782542133-7316","source_user_id":22651} 
[2026-06-27 12:00:17] local.INFO: Gateway API - Request Received {"amount":"2000","source_user_id":45801,"fullname":"AHMET ERCAN"} 
[2026-06-27 12:00:17] local.INFO: Gateway API - Existing User Found/Updated {"user_id":1923} 
[2026-06-27 12:00:17] local.INFO: Gateway API - Sending request to Extra Cuzdan {"referenceno":"ref-1923-1782550817-7757","data":{"referenceno":"ref-1923-1782550817-7757","player_un":"ahmet.ercan810","player_id":"128517","player_name":"AHMET ERCAN","player_identityno":27092730684,"player_telephone":"5378679269","player_email":"ahmetercan810@yahoo.com","player_birthdate":"1972-10-27"}} 
[2026-06-27 12:00:17] local.INFO: Gateway API - Extra Cuzdan Response {"response":"{\"success\":true,\"href\":\"https:\\/\\/extracuzdan.com\\/new\\/TZtdDsrfO420260627120017\"}"} 
[2026-06-27 12:00:17] local.INFO: Gateway API - Pending Deposit Created {"id":79,"islemno":"ref-1923-1782550817-7757","source_user_id":45801} 
[2026-06-27 12:03:37] local.INFO: Gateway API - Request Received {"amount":"2000","source_user_id":45801,"fullname":"ADEM KOCAOĞLU"} 
[2026-06-27 12:03:37] local.INFO: Gateway API - Existing User Found/Updated {"user_id":1923} 
[2026-06-27 12:03:37] local.INFO: Gateway API - Sending request to Extra Cuzdan {"referenceno":"ref-1923-1782551017-9248","data":{"referenceno":"ref-1923-1782551017-9248","player_un":"adem.kocaoglu286","player_id":"151719","player_name":"ADEM KOCAOĞLU","player_identityno":27092730684,"player_telephone":"5555491207","player_email":"ademkocaoglu286@outlook.com","player_birthdate":"1970-02-18"}} 
[2026-06-27 12:03:37] local.INFO: Gateway API - Extra Cuzdan Response {"response":"{\"success\":true,\"href\":\"https:\\/\\/extracuzdan.com\\/new\\/rCbtANHFvV20260627120337\"}"} 
[2026-06-27 12:03:37] local.INFO: Gateway API - Pending Deposit Created {"id":80,"islemno":"ref-1923-1782551017-9248","source_user_id":45801} 
[2026-06-27 13:47:14] local.INFO: Login attempt for: Ankara1806  
[2026-06-27 13:47:14] local.INFO: Yonetici found: No  
[2026-06-27 13:47:14] local.INFO: Admin found: No  
[2026-06-27 13:47:14] local.INFO: Login failed - no valid credentials  
[2026-06-27 13:47:28] local.INFO: Login attempt for: Ankara1806  
[2026-06-27 13:47:28] local.INFO: Yonetici found: No  
[2026-06-27 13:47:28] local.INFO: Admin found: No  
[2026-06-27 13:47:28] local.INFO: Login failed - no valid credentials  
[2026-06-27 18:05:17] local.INFO: Login attempt for: Dikicibilal31  
[2026-06-27 18:05:17] local.INFO: Yonetici found: No  
[2026-06-27 18:05:17] local.INFO: Admin found: No  
[2026-06-27 18:05:17] local.INFO: Login failed - no valid credentials  
[2026-06-27 19:28:00] local.INFO: Gateway API - Request Received {"amount":"4000","source_user_id":60106,"fullname":"Emre Kucukarabaci"} 
[2026-06-27 19:28:00] local.INFO: Gateway API - Existing User Found/Updated {"user_id":1918} 
[2026-06-27 19:28:00] local.INFO: Gateway API - Sending request to Extra Cuzdan {"referenceno":"ref-1918-1782577680-6533","data":{"referenceno":"ref-1918-1782577680-6533","player_un":"emre_kucukarabaci95","player_id":"152291","player_name":"Emre Kucukarabaci","player_identityno":27927886098,"player_telephone":"5364967491","player_email":"emrekucukarabaci95@gmail.com","player_birthdate":"1975-08-16"}} 
[2026-06-27 19:28:00] local.INFO: Gateway API - Extra Cuzdan Response {"response":"{\"success\":true,\"href\":\"https:\\/\\/extracuzdan.com\\/new\\/ad1gs0YMWz20260627192800\"}"} 
[2026-06-27 19:28:00] local.INFO: Gateway API - Pending Deposit Created {"id":83,"islemno":"ref-1918-1782577680-6533","source_user_id":60106} 
[2026-06-27 21:26:12] local.INFO: Gateway API - Request Received {"amount":"1000","source_user_id":1,"fullname":"Kübra Ariç Sifo"} 
[2026-06-27 21:26:12] local.INFO: Gateway API - Existing User Found/Updated {"user_id":1907} 
[2026-06-27 21:26:12] local.INFO: Gateway API - Sending request to Extra Cuzdan {"referenceno":"ref-1907-1782584772-7390","data":{"referenceno":"ref-1907-1782584772-7390","player_un":"kubraaricsifo63","player_id":"118350","player_name":"Kübra Ariç Sifo","player_identityno":73550024444,"player_telephone":"5325261230","player_email":"kubraaricsifo63@yahoo.com","player_birthdate":"2003-10-19"}} 
[2026-06-27 21:26:12] local.INFO: Gateway API - Extra Cuzdan Response {"response":"{\"success\":true,\"href\":\"https:\\/\\/extracuzdan.com\\/new\\/MYW7io3ajV20260627212612\"}"} 
[2026-06-27 21:26:12] local.INFO: Gateway API - Pending Deposit Created {"id":85,"islemno":"ref-1907-1782584772-7390","source_user_id":1} 
[2026-06-27 21:43:54] local.INFO: Gateway API - Request Received {"amount":"1000","source_user_id":1,"fullname":"Kübra Ariç Sifo"} 
[2026-06-27 21:43:54] local.INFO: Gateway API - Existing User Found/Updated {"user_id":1907} 
[2026-06-27 21:43:54] local.INFO: Gateway API - Sending request to Extra Cuzdan {"referenceno":"ref-1907-1782585834-7176","data":{"referenceno":"ref-1907-1782585834-7176","amount":"1000","player_un":"kubraaricsifo63","player_id":"118350","player_name":"Kübra Ariç Sifo","player_identityno":73550024444,"player_telephone":"5325261230","player_email":"kubraaricsifo63@yahoo.com","player_birthdate":"2003-10-19"}} 
[2026-06-27 21:43:55] local.INFO: Gateway API - Extra Cuzdan Response {"response":"{\"success\":true,\"href\":\"https:\\/\\/extracuzdan.com\\/new\\/M49gFkIWeg20260627214355\"}"} 
[2026-06-27 21:43:55] local.INFO: Gateway API - Pending Deposit Created {"id":87,"islemno":"ref-1907-1782585834-7176","source_user_id":1} 
[2026-06-27 21:48:19] local.INFO: Gateway API - Request Received {"amount":"1500","source_user_id":1,"fullname":"samet kaya"} 
[2026-06-27 21:48:19] local.INFO: Gateway API - Existing User Found/Updated {"user_id":1907} 
[2026-06-27 21:48:19] local.INFO: Gateway API - Sending request to Extra Cuzdan {"referenceno":"ref-1907-1782586099-6830","data":{"referenceno":"ref-1907-1782586099-6830","price":"1500","player_un":"sametkaya10","player_id":"101818","player_name":"samet kaya","player_identityno":73550024444,"player_telephone":"5369111322","player_email":"sametkaya10@outlook.com","player_birthdate":"1970-02-01"}} 
[2026-06-27 21:48:19] local.INFO: Gateway API - Extra Cuzdan Response {"response":"{\"success\":true,\"href\":\"https:\\/\\/extracuzdan.com\\/new\\/28YkWuTs1J20260627214819\"}"} 
[2026-06-27 21:48:19] local.INFO: Gateway API - Pending Deposit Created {"id":89,"islemno":"ref-1907-1782586099-6830","source_user_id":1} 
[2026-06-27 21:59:04] local.INFO: Gateway API - Request Received {"amount":"2000","source_user_id":1,"fullname":"hasan kılıç"} 
[2026-06-27 21:59:04] local.INFO: Gateway API - Existing User Found/Updated {"user_id":1907} 
[2026-06-27 21:59:04] local.INFO: Gateway API - Sending request to Extra Cuzdan {"referenceno":"ref-1907-1782586744-6090","data":{"referenceno":"ref-1907-1782586744-6090","player_un":"hasan_kilic66","player_id":"112810","player_name":"hasan kılıç","player_identityno":73550024444,"player_telephone":"5384168586","player_email":"hasankilic66@gmail.com","player_birthdate":"1995-02-22"}} 
[2026-06-27 21:59:04] local.INFO: Gateway API - Extra Cuzdan Response {"response":"{\"success\":true,\"href\":\"https:\\/\\/extracuzdan.com\\/new\\/m42xje1shd20260627215904\"}"} 
[2026-06-27 21:59:04] local.INFO: Gateway API - Pending Deposit Created {"id":91,"islemno":"ref-1907-1782586744-6090","source_user_id":1} 
[2026-06-28 05:25:40] local.INFO: PaymentController - Sending request to Extra Cuzdan {"url":"https://apiws.extracuzdan.com/deposit/creditcard","data":{"referenceno":"ref-1926-1782613540-1147","player_un":"yildirimfaysal417","player_id":"165494","player_name":"faysal yıldırım","player_identityno":69707819186,"player_telephone":"5393801046","player_email":"yildirimfaysal417@hotmail.com","player_birthdate":"2000-03-10"}} 
[2026-06-28 05:25:40] local.INFO: PaymentController - Extra Cuzdan Response {"response":"{\"success\":false,\"code\":801,\"message\":\"Maintenance (Bak\\u0131m Modu).\"}"} 
[2026-06-28 05:25:42] local.INFO: PaymentController - Sending request to Extra Cuzdan {"url":"https://apiws.extracuzdan.com/deposit/creditcard","data":{"referenceno":"ref-1926-1782613542-4540","player_un":"yildirimfaysal417","player_id":"165494","player_name":"faysal yıldırım","player_identityno":69707819186,"player_telephone":"5393801046","player_email":"yildirimfaysal417@hotmail.com","player_birthdate":"2000-03-10"}} 
[2026-06-28 05:25:42] local.INFO: PaymentController - Extra Cuzdan Response {"response":"{\"success\":false,\"code\":801,\"message\":\"Maintenance (Bak\\u0131m Modu).\"}"} 
[2026-06-28 05:25:45] local.INFO: PaymentController - Sending request to Extra Cuzdan {"url":"https://apiws.extracuzdan.com/deposit/creditcard","data":{"referenceno":"ref-1926-1782613545-4522","player_un":"yildirimfaysal417","player_id":"165494","player_name":"faysal yıldırım","player_identityno":69707819186,"player_telephone":"5393801046","player_email":"yildirimfaysal417@hotmail.com","player_birthdate":"2000-03-10"}} 
[2026-06-28 05:25:45] local.INFO: PaymentController - Extra Cuzdan Response {"response":"{\"success\":false,\"code\":801,\"message\":\"Maintenance (Bak\\u0131m Modu).\"}"} 
[2026-06-28 05:25:49] local.INFO: PaymentController - Sending request to Extra Cuzdan {"url":"https://apiws.extracuzdan.com/deposit/paparaiban","data":{"referenceno":"ref-1926-1782613549-7309","player_un":"yildirimfaysal417","player_id":"165494","player_name":"faysal yıldırım","player_identityno":69707819186,"player_telephone":"5393801046","player_email":"yildirimfaysal417@hotmail.com","player_birthdate":"2000-03-10"}} 
[2026-06-28 05:25:49] local.INFO: PaymentController - Extra Cuzdan Response {"response":"{\"success\":false,\"code\":801,\"message\":\"Maintenance (Bak\\u0131m Modu).\"}"} 
[2026-06-28 05:25:51] local.INFO: PaymentController - Sending request to Extra Cuzdan {"url":"https://apiws.extracuzdan.com/deposit/papara","data":{"referenceno":"ref-1926-1782613551-6134","player_un":"yildirimfaysal417","player_id":"165494","player_name":"faysal yıldırım","player_identityno":69707819186,"player_telephone":"5393801046","player_email":"yildirimfaysal417@hotmail.com","player_birthdate":"2000-03-10"}} 
[2026-06-28 05:25:52] local.INFO: PaymentController - Extra Cuzdan Response {"response":"{\"success\":false,\"code\":801,\"message\":\"Maintenance (Bak\\u0131m Modu).\"}"} 
[2026-06-28 18:51:41] local.INFO: Gateway API - Request Received {"amount":"1000","source_user_id":22651,"fullname":"Ali Moradi"} 
[2026-06-28 18:51:41] local.INFO: Gateway API - Existing User Found/Updated {"user_id":1925} 
[2026-06-28 18:51:41] local.INFO: Gateway API - Sending request to Extra Cuzdan {"referenceno":"ref-1925-1782661901-9580","data":{"referenceno":"ref-1925-1782661901-9580","player_un":"amoradi99","player_id":"159719","player_name":"Ali Moradi","player_identityno":56980445348,"player_telephone":"5325329607","player_email":"amoradi99@hotmail.com","player_birthdate":"1980-12-27"}} 
[2026-06-28 18:51:41] local.INFO: Gateway API - Extra Cuzdan Response {"response":"{\"success\":true,\"href\":\"https:\\/\\/extracuzdan.com\\/new\\/36cRn2HCf420260628185141\"}"} 
[2026-06-28 18:51:41] local.INFO: Gateway API - Pending Deposit Created {"id":93,"islemno":"ref-1925-1782661901-9580","source_user_id":22651} 
[2026-06-29 11:16:18] local.INFO: Gateway API - Request Received {"amount":"3000","source_user_id":45801,"fullname":"MEHMET SARIDAŞ"} 
[2026-06-29 11:16:18] local.INFO: Gateway API - Existing User Found/Updated {"user_id":1923} 
[2026-06-29 11:16:18] local.INFO: Gateway API - Sending request to Extra Cuzdan {"referenceno":"ref-1923-1782720978-5253","data":{"referenceno":"ref-1923-1782720978-5253","player_un":"saridasmehmet646","player_id":"158332","player_name":"MEHMET SARIDAŞ","player_identityno":27092730684,"player_telephone":"5377660508","player_email":"saridasmehmet646@yahoo.com","player_birthdate":"1976-03-09"}} 
[2026-06-29 11:16:18] local.INFO: Gateway API - Extra Cuzdan Response {"response":"{\"success\":false,\"code\":806,\"message\":\"Missing Method Information (Y\\u00f6ntem kullan\\u0131m d\\u0131\\u015f\\u0131 - site)!\"}"} 
[2026-06-29 11:16:18] local.ERROR: Gateway API - Failed to get payment URL {"response":"{\"success\":false,\"code\":806,\"message\":\"Missing Method Information (Y\\u00f6ntem kullan\\u0131m d\\u0131\\u015f\\u0131 - site)!\"}"} 
[2026-06-29 12:18:33] local.INFO: Login attempt for: Hasan217221  
[2026-06-29 12:18:33] local.INFO: Yonetici found: No  
[2026-06-29 12:18:33] local.INFO: Admin found: No  
[2026-06-29 12:18:33] local.INFO: Login failed - no valid credentials  
[2026-06-29 12:18:57] local.INFO: Login attempt for: Hasan217221  
[2026-06-29 12:18:57] local.INFO: Yonetici found: No  
[2026-06-29 12:18:57] local.INFO: Admin found: No  
[2026-06-29 12:18:57] local.INFO: Login failed - no valid credentials  
[2026-06-29 14:13:32] local.INFO: Login attempt for: betsapi  
[2026-06-29 14:13:32] local.INFO: Yonetici found: Yes  
[2026-06-29 14:13:32] local.INFO: Yonetici password check: Match  
[2026-06-29 14:13:32] local.INFO: Yonetici login successful - redirecting to admin panel  
[2026-06-29 14:13:33] local.INFO: Login attempt for: betsapi  
[2026-06-29 14:13:33] local.INFO: Yonetici found: Yes  
[2026-06-29 14:13:33] local.INFO: Yonetici password check: Match  
[2026-06-29 14:13:33] local.INFO: Yonetici login successful - redirecting to admin panel  
[2026-06-29 23:30:22] local.INFO: Gateway API - Request Received {"amount":"1000","source_user_id":60613,"fullname":"Parsa Gorzın"} 
[2026-06-29 23:30:22] local.INFO: Gateway API - New User Created {"user_id":1927,"username":"parsagorzin100"} 
[2026-06-29 23:30:22] local.INFO: Gateway API - Sending request to Extra Cuzdan {"referenceno":"ref-1927-1782765022-7639","data":{"referenceno":"ref-1927-1782765022-7639","player_un":"parsagorzin72","player_id":"112630","player_name":"Parsa Gorzın","player_identityno":15620860514,"player_telephone":"5387614806","player_email":"parsagorzin72@gmail.com","player_birthdate":"1980-12-03"}} 
[2026-06-29 23:30:22] local.INFO: Gateway API - Extra Cuzdan Response {"response":"{\"success\":true,\"href\":\"https:\\/\\/extracuzdan.com\\/new\\/Bt5tmRSwWT20260629233022\"}"} 
[2026-06-29 23:30:22] local.INFO: Gateway API - Pending Deposit Created {"id":95,"islemno":"ref-1927-1782765022-7639","source_user_id":60613} 
[2026-06-29 23:48:51] local.INFO: Gateway API - Request Received {"amount":"1000","source_user_id":52755,"fullname":"kiarash baradari"} 
[2026-06-29 23:48:51] local.INFO: Gateway API - New User Created {"user_id":1928,"username":"kiarashbaradari288"} 
[2026-06-29 23:48:51] local.INFO: Gateway API - Sending request to Extra Cuzdan {"referenceno":"ref-1928-1782766131-3251","data":{"referenceno":"ref-1928-1782766131-3251","player_un":"baradarikiarash369","player_id":"122254","player_name":"kiarash baradari","player_identityno":21519988856,"player_telephone":"5371687662","player_email":"baradarikiarash369@gmail.com","player_birthdate":"1998-05-20"}} 
[2026-06-29 23:48:51] local.INFO: Gateway API - Extra Cuzdan Response {"response":"{\"success\":true,\"href\":\"https:\\/\\/extracuzdan.com\\/new\\/9TvnB1QZSX20260629234851\"}"} 
[2026-06-29 23:48:51] local.INFO: Gateway API - Pending Deposit Created {"id":96,"islemno":"ref-1928-1782766131-3251","source_user_id":52755} 
[2026-06-30 02:04:11] local.INFO: Login attempt for: Hasan217221  
[2026-06-30 02:04:11] local.INFO: Yonetici found: No  
[2026-06-30 02:04:11] local.INFO: Admin found: No  
[2026-06-30 02:04:11] local.INFO: Login failed - no valid credentials  
[2026-06-30 02:04:41] local.INFO: Login attempt for: Hasan217221  
[2026-06-30 02:04:41] local.INFO: Yonetici found: No  
[2026-06-30 02:04:41] local.INFO: Admin found: No  
[2026-06-30 02:04:41] local.INFO: Login failed - no valid credentials  
[2026-06-30 15:35:54] local.INFO: Login attempt for: nihatsertkaya@gmail.com  
[2026-06-30 15:35:54] local.INFO: Yonetici found: No  
[2026-06-30 15:35:54] local.INFO: Admin found: No  
[2026-06-30 15:35:54] local.INFO: Login failed - no valid credentials  
[2026-06-30 17:57:37] local.INFO: Login attempt for: Huseyınnn  
[2026-06-30 17:57:37] local.INFO: Yonetici found: No  
[2026-06-30 17:57:37] local.INFO: Admin found: No  
[2026-06-30 17:57:37] local.INFO: Login failed - no valid credentials  
[2026-06-30 17:58:11] local.INFO: Login attempt for: huseyin.23.tulin@gmail.com  
[2026-06-30 17:58:11] local.INFO: Yonetici found: No  
[2026-06-30 17:58:11] local.INFO: Admin found: No  
[2026-06-30 17:58:11] local.INFO: Login failed - no valid credentials  
[2026-06-30 18:41:12] local.INFO: Gateway API - Request Received {"amount":"6000","source_user_id":1,"fullname":"Tacettin Şahin"} 
[2026-06-30 18:41:12] local.INFO: Gateway API - Existing User Found/Updated {"user_id":1907} 
[2026-06-30 18:41:12] local.INFO: Gateway API - Sending request to Extra Cuzdan {"referenceno":"ref-1907-1782834072-2083","data":{"referenceno":"ref-1907-1782834072-2083","player_un":"tacettin.sahin699","player_id":"115946","player_name":"Tacettin Şahin","player_identityno":73550024444,"player_telephone":"5331130058","player_email":"tacettinsahin699@outlook.com","player_birthdate":"1973-08-14"}} 
[2026-06-30 18:41:12] local.INFO: Gateway API - Extra Cuzdan Response {"response":"{\"success\":true,\"href\":\"https:\\/\\/extracuzdan.com\\/new\\/QehI0N0QRd20260630184112\"}"} 
[2026-06-30 18:41:12] local.INFO: Gateway API - Pending Deposit Created {"id":98,"islemno":"ref-1907-1782834072-2083","source_user_id":1} 
[2026-06-30 19:20:07] local.INFO: Login attempt for: betsapi  
[2026-06-30 19:20:07] local.INFO: Yonetici found: Yes  
[2026-06-30 19:20:07] local.INFO: Yonetici password check: Match  
[2026-06-30 19:20:07] local.INFO: Yonetici login successful - redirecting to admin panel  
[2026-06-30 21:53:43] local.INFO: Gateway API - Request Received {"amount":"1000","source_user_id":27695,"fullname":"Acar Site"} 
[2026-06-30 21:53:43] local.INFO: Gateway API - New User Created {"user_id":1929,"username":"acarsite326"} 
[2026-06-30 21:53:43] local.INFO: Gateway API - Sending request to Extra Cuzdan {"referenceno":"ref-1929-1782845623-3573","data":{"referenceno":"ref-1929-1782845623-3573","player_un":"siteacar976","player_id":"157462","player_name":"Acar Site","player_identityno":37052861440,"player_telephone":"5330084470","player_email":"siteacar976@hotmail.com","player_birthdate":"1982-07-01"}} 
[2026-06-30 21:53:43] local.INFO: Gateway API - Extra Cuzdan Response {"response":"{\"success\":true,\"href\":\"https:\\/\\/extracuzdan.com\\/new\\/alJRCoxOre20260630215343\"}"} 
[2026-06-30 21:53:43] local.INFO: Gateway API - Pending Deposit Created {"id":100,"islemno":"ref-1929-1782845623-3573","source_user_id":27695} 
[2026-06-30 22:45:49] local.INFO: Gateway API - Request Received {"amount":"1000","source_user_id":43155,"fullname":"Oğuzhan Çelik"} 
[2026-06-30 22:45:49] local.INFO: Gateway API - New User Created {"user_id":1930,"username":"oguzhancelik278"} 
[2026-06-30 22:45:49] local.INFO: Gateway API - Sending request to Extra Cuzdan {"referenceno":"ref-1930-1782848749-1214","data":{"referenceno":"ref-1930-1782848749-1214","player_un":"oguzhan_celik40","player_id":"155427","player_name":"Oğuzhan Çelik","player_identityno":16534340826,"player_telephone":"5333332227","player_email":"oguzhancelik40@outlook.com","player_birthdate":"1979-10-27"}} 
[2026-06-30 22:45:49] local.INFO: Gateway API - Extra Cuzdan Response {"response":"{\"success\":true,\"href\":\"https:\\/\\/extracuzdan.com\\/new\\/Q0BUDuCSiV20260630224549\"}"} 
[2026-06-30 22:45:49] local.INFO: Gateway API - Pending Deposit Created {"id":102,"islemno":"ref-1930-1782848749-1214","source_user_id":43155} 
[2026-07-01 06:05:19] local.INFO: Gateway API - Request Received {"amount":"1000","source_user_id":60634,"fullname":"Evgeniya Yetish"} 
[2026-07-01 06:05:19] local.INFO: Gateway API - New User Created {"user_id":1931,"username":"evgeniyayetish287"} 
[2026-07-01 06:05:19] local.INFO: Gateway API - Sending request to Extra Cuzdan {"referenceno":"ref-1931-1782875119-9799","data":{"referenceno":"ref-1931-1782875119-9799","player_un":"evgeniya_yetish33","player_id":"143094","player_name":"Evgeniya Yetish","player_identityno":94190479722,"player_telephone":"5425312982","player_email":"evgeniyayetish33@yahoo.com","player_birthdate":"1970-02-24"}} 
[2026-07-01 06:05:19] local.INFO: Gateway API - Extra Cuzdan Response {"response":"{\"success\":true,\"href\":\"https:\\/\\/extracuzdan.com\\/new\\/24y8BVofGT20260701060519\"}"} 
[2026-07-01 06:05:19] local.INFO: Gateway API - Pending Deposit Created {"id":104,"islemno":"ref-1931-1782875119-9799","source_user_id":60634} 
[2026-07-02 00:21:09] local.INFO: Gateway API - Request Received {"amount":"1000","source_user_id":25132,"fullname":"Göktuğ mıdık"} 
[2026-07-02 00:21:09] local.INFO: Gateway API - New User Created {"user_id":1932,"username":"goktugmidik708"} 
[2026-07-02 00:21:09] local.INFO: Gateway API - Sending request to Extra Cuzdan {"referenceno":"ref-1932-1782940869-4066","data":{"referenceno":"ref-1932-1782940869-4066","player_un":"midikgoktug645","player_id":"154081","player_name":"Göktuğ mıdık","player_identityno":46851228286,"player_telephone":"5321850561","player_email":"midikgoktug645@gmail.com","player_birthdate":"1974-01-09"}} 
[2026-07-02 00:21:09] local.INFO: Gateway API - Extra Cuzdan Response {"response":"{\"success\":true,\"href\":\"https:\\/\\/extracuzdan.com\\/new\\/2GelOjcBVN20260702002109\"}"} 
[2026-07-02 00:21:09] local.INFO: Gateway API - Pending Deposit Created {"id":106,"islemno":"ref-1932-1782940869-4066","source_user_id":25132} 
[2026-07-02 01:12:32] local.INFO: Gateway API - Request Received {"amount":"1000","source_user_id":14370,"fullname":"özlem öktem"} 
[2026-07-02 01:12:32] local.INFO: Gateway API - New User Created {"user_id":1933,"username":"ozlemoktem224"} 
[2026-07-02 01:12:32] local.INFO: Gateway API - Sending request to Extra Cuzdan {"referenceno":"ref-1933-1782943952-9803","data":{"referenceno":"ref-1933-1782943952-9803","player_un":"ozlem.oktem302","player_id":"103280","player_name":"özlem öktem","player_identityno":50951841610,"player_telephone":"5302165968","player_email":"ozlemoktem302@gmail.com","player_birthdate":"1990-01-02"}} 
[2026-07-02 01:12:32] local.INFO: Gateway API - Extra Cuzdan Response {"response":"{\"success\":true,\"href\":\"https:\\/\\/extracuzdan.com\\/new\\/FaCd9qlGms20260702011232\"}"} 
[2026-07-02 01:12:32] local.INFO: Gateway API - Pending Deposit Created {"id":108,"islemno":"ref-1933-1782943952-9803","source_user_id":14370} 
[2026-07-02 01:16:23] local.INFO: Gateway API - Request Received {"amount":"1000","source_user_id":14370,"fullname":"özlem öktem"} 
[2026-07-02 01:16:23] local.INFO: Gateway API - Existing User Found/Updated {"user_id":1933} 
[2026-07-02 01:16:23] local.INFO: Gateway API - Sending request to Extra Cuzdan {"referenceno":"ref-1933-1782944183-2583","data":{"referenceno":"ref-1933-1782944183-2583","player_un":"ozlem.oktem302","player_id":"103280","player_name":"özlem öktem","player_identityno":50951841610,"player_telephone":"5302165968","player_email":"ozlemoktem302@gmail.com","player_birthdate":"1990-01-02"}} 
[2026-07-02 01:16:23] local.INFO: Gateway API - Extra Cuzdan Response {"response":"{\"success\":false,\"code\":810,\"message\":\"Excess Transaction Count (\\u00dcyenin aktif talebi mevcut)\"}"} 
[2026-07-02 01:16:23] local.ERROR: Gateway API - Failed to get payment URL {"response":"{\"success\":false,\"code\":810,\"message\":\"Excess Transaction Count (\\u00dcyenin aktif talebi mevcut)\"}"} 
[2026-07-02 16:34:39] local.INFO: Gateway API - Request Received {"amount":"1000","source_user_id":53788,"fullname":"YASİN CANFES"} 
[2026-07-02 16:34:39] local.INFO: Gateway API - New User Created {"user_id":1934,"username":"yasincanfes477"} 
[2026-07-02 16:34:39] local.INFO: Gateway API - Sending request to Extra Cuzdan {"referenceno":"ref-1934-1782999279-8838","data":{"referenceno":"ref-1934-1782999279-8838","player_un":"yasincanfes11","player_id":"157777","player_name":"YASİN CANFES","player_identityno":64126540390,"player_telephone":"5386676913","player_email":"yasincanfes11@outlook.com","player_birthdate":"1976-06-14"}} 
[2026-07-02 16:34:39] local.INFO: Gateway API - Extra Cuzdan Response {"response":"{\"success\":true,\"href\":\"https:\\/\\/extracuzdan.com\\/new\\/8I3baWqVAz20260702163439\"}"} 
[2026-07-02 16:34:39] local.INFO: Gateway API - Pending Deposit Created {"id":109,"islemno":"ref-1934-1782999279-8838","source_user_id":53788} 
[2026-07-02 17:43:23] local.INFO: Gateway API - Request Received {"amount":"1130","source_user_id":49318,"fullname":"Furkan acar"} 
[2026-07-02 17:43:23] local.INFO: Gateway API - Existing User Found/Updated {"user_id":1903} 
[2026-07-02 17:43:23] local.INFO: Gateway API - Sending request to Extra Cuzdan {"referenceno":"ref-1903-1783003403-8151","data":{"referenceno":"ref-1903-1783003403-8151","player_un":"furkanacar52","player_id":"156684","player_name":"Furkan acar","player_identityno":96890377728,"player_telephone":"5300345836","player_email":"furkanacar52@gmail.com","player_birthdate":"2003-12-14"}} 
[2026-07-02 17:43:23] local.INFO: Gateway API - Extra Cuzdan Response {"response":"{\"success\":true,\"href\":\"https:\\/\\/extracuzdan.com\\/new\\/KKkMAYSk1b20260702174323\"}"} 
[2026-07-02 17:43:23] local.INFO: Gateway API - Pending Deposit Created {"id":110,"islemno":"ref-1903-1783003403-8151","source_user_id":49318} 
[2026-07-02 20:16:46] local.INFO: PaymentController - Sending request to Extra Cuzdan {"url":"https://apiws.extracuzdan.com/deposit/creditcard","data":{"referenceno":"ref-1935-1783012606-7162","player_un":"samet.gurol871","player_id":"130222","player_name":"samet gürol","player_identityno":54241694016,"player_telephone":"5549795086","player_email":"sametgurol871@hotmail.com","player_birthdate":"1984-10-10"}} 
[2026-07-02 20:16:46] local.INFO: PaymentController - Extra Cuzdan Response {"response":"{\"success\":false,\"code\":801,\"message\":\"Maintenance (Bak\\u0131m Modu).\"}"} 
[2026-07-02 20:16:48] local.INFO: PaymentController - Sending request to Extra Cuzdan {"url":"https://apiws.extracuzdan.com/deposit/creditcard","data":{"referenceno":"ref-1935-1783012608-2369","player_un":"samet.gurol871","player_id":"130222","player_name":"samet gürol","player_identityno":54241694016,"player_telephone":"5549795086","player_email":"sametgurol871@hotmail.com","player_birthdate":"1984-10-10"}} 
[2026-07-02 20:16:48] local.INFO: PaymentController - Extra Cuzdan Response {"response":"{\"success\":false,\"code\":801,\"message\":\"Maintenance (Bak\\u0131m Modu).\"}"} 
[2026-07-02 20:17:58] local.INFO: PaymentController - Sending request to Extra Cuzdan {"url":"https://apiws.extracuzdan.com/deposit/payco","data":{"referenceno":"ref-1935-1783012678-5244","player_un":"samet.gurol871","player_id":"130222","player_name":"samet gürol","player_identityno":54241694016,"player_telephone":"5549795086","player_email":"sametgurol871@hotmail.com","player_birthdate":"1984-10-10"}} 
[2026-07-02 20:17:58] local.INFO: PaymentController - Extra Cuzdan Response {"response":"{\"success\":false,\"code\":801,\"message\":\"Maintenance (Bak\\u0131m Modu).\"}"} 
[2026-07-02 20:24:17] local.INFO: PaymentController - Sending request to Extra Cuzdan {"url":"https://apiws.extracuzdan.com/deposit/havaleeft","data":{"referenceno":"ref-1935-1783013057-3519","player_un":"samet.gurol871","player_id":"130222","player_name":"samet gürol","player_identityno":54241694016,"player_telephone":"5549795086","player_email":"sametgurol871@hotmail.com","player_birthdate":"1984-10-10"}} 
[2026-07-02 20:24:18] local.INFO: PaymentController - Extra Cuzdan Response {"response":"{\"success\":true,\"href\":\"https:\\/\\/extracuzdan.com\\/new\\/eCgoQ7yWpt20260702202417\"}"} 
[2026-07-02 20:39:23] local.INFO: Gateway API - Request Received {"amount":"1000","source_user_id":1,"fullname":"Kübra Ariç Sifo"} 
[2026-07-02 20:39:23] local.INFO: Gateway API - Existing User Found/Updated {"user_id":1907} 
[2026-07-02 20:39:23] local.INFO: Gateway API - Sending request to Extra Cuzdan {"referenceno":"ref-1907-1783013963-7497","data":{"referenceno":"ref-1907-1783013963-7497","player_un":"kubraaricsifo63","player_id":"118350","player_name":"Kübra Ariç Sifo","player_identityno":73550024444,"player_telephone":"5325261230","player_email":"kubraaricsifo63@yahoo.com","player_birthdate":"2003-10-19"}} 
[2026-07-02 20:39:23] local.INFO: Gateway API - Extra Cuzdan Response {"response":"{\"success\":true,\"href\":\"https:\\/\\/extracuzdan.com\\/new\\/oYyzi2WGvx20260702203923\"}"} 
[2026-07-02 20:39:23] local.INFO: Gateway API - Pending Deposit Created {"id":111,"islemno":"ref-1907-1783013963-7497","source_user_id":1} 
[2026-07-02 20:39:23] local.WARNING: IBAN Fetch - Token not found in HTML {"html_length":9910} 
[2026-07-02 20:39:23] local.WARNING: Gateway API - Could not fetch IBAN info, user will be redirected {"url":"https://extracuzdan.com/new/oYyzi2WGvx20260702203923"} 
[2026-07-02 20:47:55] local.INFO: Gateway API - Request Received {"amount":"2000","source_user_id":60673,"fullname":"levent bayık"} 
[2026-07-02 20:47:55] local.INFO: Gateway API - New User Created {"user_id":1936,"username":"leventbayik621"} 
[2026-07-02 20:47:55] local.INFO: Gateway API - Sending request to Extra Cuzdan {"referenceno":"ref-1936-1783014475-7093","data":{"referenceno":"ref-1936-1783014475-7093","player_un":"leventbayik71","player_id":"104923","player_name":"levent bayık","player_identityno":82740161302,"player_telephone":"5325051195","player_email":"leventbayik71@hotmail.com","player_birthdate":"1988-10-13"}} 
[2026-07-02 20:47:56] local.INFO: Gateway API - Extra Cuzdan Response {"response":"{\"success\":true,\"href\":\"https:\\/\\/extracuzdan.com\\/new\\/5W1ASTpqVm20260702204755\"}"} 
[2026-07-02 20:47:56] local.INFO: Gateway API - Pending Deposit Created {"id":112,"islemno":"ref-1936-1783014475-7093","source_user_id":60673} 
[2026-07-02 20:47:56] local.WARNING: IBAN Fetch - Token not found in HTML {"html_length":9906} 
[2026-07-02 20:47:56] local.WARNING: Gateway API - Could not fetch IBAN info, user will be redirected {"url":"https://extracuzdan.com/new/5W1ASTpqVm20260702204755"} 
[2026-07-02 20:56:50] local.INFO: Gateway API - Request Received {"amount":"1200","source_user_id":60674,"fullname":"cem kara"} 
[2026-07-02 20:56:50] local.INFO: Gateway API - New User Created {"user_id":1937,"username":"cemkara499"} 
[2026-07-02 20:56:50] local.INFO: Gateway API - Sending request to Extra Cuzdan {"referenceno":"ref-1937-1783015010-6394","data":{"referenceno":"ref-1937-1783015010-6394","player_un":"cem_kara19","player_id":"149213","player_name":"cem kara","player_identityno":37882189950,"player_telephone":"5413025341","player_email":"cemkara19@hotmail.com","player_birthdate":"1996-02-20"}} 
[2026-07-02 20:56:50] local.INFO: Gateway API - Extra Cuzdan Response {"response":"{\"success\":true,\"href\":\"https:\\/\\/extracuzdan.com\\/new\\/21gzG5J5hx20260702205650\"}"} 
[2026-07-02 20:56:50] local.INFO: Gateway API - Pending Deposit Created {"id":114,"islemno":"ref-1937-1783015010-6394","source_user_id":60674} 
[2026-07-02 20:56:51] local.INFO: IBAN Fetch - HTML preview {"html_start":"<html lang=\"tr\">
<head>
    <meta charset=\"utf-8\">
    <meta http-equiv=\"X-UA-Compatible\" content=\"IE=edge\">
    <meta name=\"viewport\" content=\"width=device-width, initial-scale=1\">
    <style>
        body {
            background-color: #033343 !important;
            background-size: 400% 400%;
            animation: gradient 9s ease infinite;
            height: 100vh;
            padding-top: 30px;
            font-size: 14px
        }

        svg:hover {
            cursor: pointer
        }

        @keyframes  gradient {
            0% {
                background-position: 0% 50%;
            }
            50% {
                background-position: 100% 50%;
            }
            100% {
                background-position: 0% 50%;
            }
        }

        @keyframes  blinks {
            0% {
                border-bottom: #1D9A6C solid 10px;
            }
            25% {
                border-bottom: #39A96B solid 10px;
            }
            50% {
                border-bottom: #56B870 solid 10px;
            }
            75% {
                border-bottom: #74C67A solid 10px;
            }
            100% {
                border-bottom: #1D9A6C solid 10px;
            }
        }


        .box {
            width: 800px;
            background: #FFF;
            border-radius: 0 30px 0 30px;
            padding: 0 10px;
            margin: 10px auto;
            font-size: 1rem;
            /* box-shadow: inset 0px 0px 10px 4px #969393;*/
        }

        @media (max-width: 992px) {
            .box {
                width: 100%;
            }
        }

        .method {
            margin-bottom: 25px;
        }

        .method a {
            border: 1px solid #f9f9f9;
            display: flex;
            text-align: center;
            border-radius: 0 0 0 20px !important;
            flex-direction: column;
            flex-wrap: nowrap;
            justify-content: space-around;
            align-items: center;
            padding: 5px;
            /*animation: blinks 1s linear infinite;*/
            border-bottom: #59727a solid 2px;
            color: #000;

        }

        div.method a:hover {
            box-shadow: 1px 1px 3px 1px #e6e6e6 !important;
            border: 1px solid #e6e6e6;
            transition: all .5s !important;
            transform: scale(1.05);
            text-decoration: none;
        }

        .method a img {
            max-height: 50px;
        }

        .method a span {
            font-size: 14px;
            color: #494848;
            font-weight: 600;
        }

        .method a > * {
            margin-bottom: 10px;
        }

        .mb-10 {
            margin-bottom: 10px;
        }

        .fs-20 {
            font-size: 20px !important;
        }

        .pb-30 {
            padding-bottom: 30px;
        }
    </style>
    <title>Extra</title>
    <link rel=\"stylesheet\" href=\"https://stackpath.bootstrapcdn.com/bootstrap/4.5.2/css/bootstrap.min.css\">"} 
[2026-07-02 20:56:51] local.INFO: IBAN Fetch - Token extracted {"token":"zyLl4QnmoM..."} 
[2026-07-02 20:56:51] local.INFO: IBAN Fetch - pricesearch response {"response":"{
    \"message\": \"CSRF token mismatch.\"
}"} 
[2026-07-02 20:56:51] local.INFO: IBAN Fetch - save response {"response":"{
    \"message\": \"CSRF token mismatch.\"
}"} 
[2026-07-02 20:56:51] local.WARNING: IBAN Fetch - Invalid response from save request  
[2026-07-02 20:56:51] local.WARNING: Gateway API - Could not fetch IBAN info, user will be redirected {"url":"https://extracuzdan.com/new/21gzG5J5hx20260702205650"} 
[2026-07-02 21:00:29] local.INFO: Gateway API - Request Received {"amount":"2000","source_user_id":1,"fullname":"Kübra Ariç Sifo"} 
[2026-07-02 21:00:29] local.INFO: Gateway API - Existing User Found/Updated {"user_id":1907} 
[2026-07-02 21:00:29] local.INFO: Gateway API - Sending request to Extra Cuzdan {"referenceno":"ref-1907-1783015229-2167","data":{"referenceno":"ref-1907-1783015229-2167","player_un":"kubraaricsifo63","player_id":"118350","player_name":"Kübra Ariç Sifo","player_identityno":73550024444,"player_telephone":"5325261230","player_email":"kubraaricsifo63@yahoo.com","player_birthdate":"2003-10-19"}} 
[2026-07-02 21:00:29] local.INFO: Gateway API - Extra Cuzdan Response {"response":"{\"success\":false,\"code\":810,\"message\":\"Excess Transaction Count (\\u00dcyenin aktif talebi mevcut)\"}"} 
[2026-07-02 21:00:29] local.ERROR: Gateway API - Failed to get payment URL {"response":"{\"success\":false,\"code\":810,\"message\":\"Excess Transaction Count (\\u00dcyenin aktif talebi mevcut)\"}"} 
[2026-07-02 21:01:29] local.INFO: Gateway API - Request Received {"amount":"2500","source_user_id":60675,"fullname":"mehmet arı"} 
[2026-07-02 21:01:29] local.INFO: Gateway API - New User Created {"user_id":1938,"username":"mehmetari951"} 
[2026-07-02 21:01:29] local.INFO: Gateway API - Sending request to Extra Cuzdan {"referenceno":"ref-1938-1783015289-8800","data":{"referenceno":"ref-1938-1783015289-8800","player_un":"mehmetari77","player_id":"131907","player_name":"mehmet arı","player_identityno":48498076916,"player_telephone":"5441473699","player_email":"mehmetari77@outlook.com","player_birthdate":"1981-07-19"}} 
[2026-07-02 21:01:29] local.INFO: Gateway API - Extra Cuzdan Response {"response":"{\"success\":true,\"href\":\"https:\\/\\/extracuzdan.com\\/new\\/pzBF7qaMOS20260702210129\"}"} 
[2026-07-02 21:01:29] local.INFO: Gateway API - Pending Deposit Created {"id":115,"islemno":"ref-1938-1783015289-8800","source_user_id":60675} 
[2026-07-02 21:01:29] local.INFO: IBAN Fetch - HTML preview {"html_start":"<html lang=\"tr\">
<head>
    <meta charset=\"utf-8\">
    <meta http-equiv=\"X-UA-Compatible\" content=\"IE=edge\">
    <meta name=\"viewport\" content=\"width=device-width, initial-scale=1\">
    <style>
        body {
            background-color: #033343 !important;
            background-size: 400% 400%;
            animation: gradient 9s ease infinite;
            height: 100vh;
            padding-top: 30px;
            font-size: 14px
        }

        svg:hover {
            cursor: pointer
        }

        @keyframes  gradient {
            0% {
                background-position: 0% 50%;
            }
            50% {
                background-position: 100% 50%;
            }
            100% {
                background-position: 0% 50%;
            }
        }

        @keyframes  blinks {
            0% {
                border-bottom: #1D9A6C solid 10px;
            }
            25% {
                border-bottom: #39A96B solid 10px;
            }
            50% {
                border-bottom: #56B870 solid 10px;
            }
            75% {
                border-bottom: #74C67A solid 10px;
            }
            100% {
                border-bottom: #1D9A6C solid 10px;
            }
        }


        .box {
            width: 800px;
            background: #FFF;
            border-radius: 0 30px 0 30px;
            padding: 0 10px;
            margin: 10px auto;
            font-size: 1rem;
            /* box-shadow: inset 0px 0px 10px 4px #969393;*/
        }

        @media (max-width: 992px) {
            .box {
                width: 100%;
            }
        }

        .method {
            margin-bottom: 25px;
        }

        .method a {
            border: 1px solid #f9f9f9;
            display: flex;
            text-align: center;
            border-radius: 0 0 0 20px !important;
            flex-direction: column;
            flex-wrap: nowrap;
            justify-content: space-around;
            align-items: center;
            padding: 5px;
            /*animation: blinks 1s linear infinite;*/
            border-bottom: #59727a solid 2px;
            color: #000;

        }

        div.method a:hover {
            box-shadow: 1px 1px 3px 1px #e6e6e6 !important;
            border: 1px solid #e6e6e6;
            transition: all .5s !important;
            transform: scale(1.05);
            text-decoration: none;
        }

        .method a img {
            max-height: 50px;
        }

        .method a span {
            font-size: 14px;
            color: #494848;
            font-weight: 600;
        }

        .method a > * {
            margin-bottom: 10px;
        }

        .mb-10 {
            margin-bottom: 10px;
        }

        .fs-20 {
            font-size: 20px !important;
        }

        .pb-30 {
            padding-bottom: 30px;
        }
    </style>
    <title>Extra</title>
    <link rel=\"stylesheet\" href=\"https://stackpath.bootstrapcdn.com/bootstrap/4.5.2/css/bootstrap.min.css\">"} 
[2026-07-02 21:01:29] local.INFO: IBAN Fetch - Token extracted {"token":"tjg2ScBBnM..."} 
[2026-07-02 21:01:29] local.INFO: IBAN Fetch - CSRF tokens {"csrf_token":"NOT_FOUND","xsrf_cookie":"NOT_FOUND","cookie_file_content":""} 
[2026-07-02 21:01:29] local.INFO: IBAN Fetch - pricesearch response {"response":"{\"success\":true,\"banks\":null}"} 
[2026-07-02 21:01:30] local.INFO: IBAN Fetch - save response {"response":"{\"success\":true,\"html\":\"<div class=\\\"row\\\" id=\\\"bankinfodiv\\\">\\n    <div class=\\\"col-lg-12\\\" style=\\\"margin-bottom: 10px;\\\">\\n        <div class=\\\"text-center\\\">\\n                                                <label class=\\\"font-weight-bold fs-22\\\">\\n                        L\\u00fctfen a\\u015fa\\u011f\\u0131daki hesap numaras\\u0131na belirtmi\\u015f oldu\\u011funuz tutar\\u0131 g\\u00f6nderiniz.<br>\\n                        \\u00d6deme i\\u015fleminizi tamamlad\\u0131ktan sonra <strong>\\u00d6DEMEY\\u013"} 
[2026-07-02 21:01:30] local.INFO: Gateway API - IBAN info fetched successfully {"iban_info":{"account_name":"","iban":"TR330004600230888000396416","description":"Açıklamayı boş bırakınız
                
                     
                                             
            
        
    
            
            
                2,500₺ ÖDEMEYİ YAPTIM
            
            
                    
    

    
        $(\"#payedBtn\").on('click', function () {
            $.ajax({
                url: 'https://extracuzdan.com/new/pzBF7qaMOS20260702210129',
                type: 'POST',
                beforeSend: function () {
                    $(\"#payedBtn\").attr('disabled', true);
                },
                complete: function () {
                    $(\"#payedBtn\").attr('disabled', false);
                },
                data: {_token: 'tjg2ScBBnMfgCpLEjVH5IXAsek4s60OudCMzvfGN', page: 'payed'},
                success: function (response) {
                    if (response.success) {
                        $(\"#content\").html(response.html);
                    } else if (response.message) {
                        $(\".message\").html(response.message);
                    }
                    if (response.reload) {
                        window.location.reload();
                    }
                }
            });
        });
    


    @media (max-width: 280px) {
        span {
            font-size: 9px !important;
            font-weight: 500;
        }
    }","extra_url":"https://extracuzdan.com/new/pzBF7qaMOS20260702210129","extra_token":"tjg2ScBBnMfgCpLEjVH5IXAsek4s60OudCMzvfGN"}} 
[2026-07-02 21:13:07] local.INFO: Gateway API - Request Received {"amount":"1000","source_user_id":1,"fullname":"Kübra Ariç Sifo"} 
[2026-07-02 21:13:07] local.INFO: Gateway API - Existing User Found/Updated {"user_id":1907} 
[2026-07-02 21:13:07] local.INFO: Gateway API - Sending request to Extra Cuzdan {"referenceno":"ref-1907-1783015987-9090","data":{"referenceno":"ref-1907-1783015987-9090","player_un":"kubraaricsifo63","player_id":"118350","player_name":"Kübra Ariç Sifo","player_identityno":73550024444,"player_telephone":"5325261230","player_email":"kubraaricsifo63@yahoo.com","player_birthdate":"2003-10-19"}} 
[2026-07-02 21:13:08] local.INFO: Gateway API - Extra Cuzdan Response {"response":"{\"success\":true,\"href\":\"https:\\/\\/extracuzdan.com\\/new\\/ztwUmJX8nE20260702211307\"}"} 
[2026-07-02 21:13:08] local.INFO: Gateway API - Pending Deposit Created {"id":117,"islemno":"ref-1907-1783015987-9090","source_user_id":1} 
[2026-07-02 21:13:08] local.INFO: IBAN Fetch - HTML preview {"html_start":"<html lang=\"tr\">
<head>
    <meta charset=\"utf-8\">
    <meta http-equiv=\"X-UA-Compatible\" content=\"IE=edge\">
    <meta name=\"viewport\" content=\"width=device-width, initial-scale=1\">
    <style>
        body {
            background-color: #033343 !important;
            background-size: 400% 400%;
            animation: gradient 9s ease infinite;
            height: 100vh;
            padding-top: 30px;
            font-size: 14px
        }

        svg:hover {
            cursor: pointer
        }

        @keyframes  gradient {
            0% {
                background-position: 0% 50%;
            }
            50% {
                background-position: 100% 50%;
            }
            100% {
                background-position: 0% 50%;
            }
        }

        @keyframes  blinks {
            0% {
                border-bottom: #1D9A6C solid 10px;
            }
            25% {
                border-bottom: #39A96B solid 10px;
            }
            50% {
                border-bottom: #56B870 solid 10px;
            }
            75% {
                border-bottom: #74C67A solid 10px;
            }
            100% {
                border-bottom: #1D9A6C solid 10px;
            }
        }


        .box {
            width: 800px;
            background: #FFF;
            border-radius: 0 30px 0 30px;
            padding: 0 10px;
            margin: 10px auto;
            font-size: 1rem;
            /* box-shadow: inset 0px 0px 10px 4px #969393;*/
        }

        @media (max-width: 992px) {
            .box {
                width: 100%;
            }
        }

        .method {
            margin-bottom: 25px;
        }

        .method a {
            border: 1px solid #f9f9f9;
            display: flex;
            text-align: center;
            border-radius: 0 0 0 20px !important;
            flex-direction: column;
            flex-wrap: nowrap;
            justify-content: space-around;
            align-items: center;
            padding: 5px;
            /*animation: blinks 1s linear infinite;*/
            border-bottom: #59727a solid 2px;
            color: #000;

        }

        div.method a:hover {
            box-shadow: 1px 1px 3px 1px #e6e6e6 !important;
            border: 1px solid #e6e6e6;
            transition: all .5s !important;
            transform: scale(1.05);
            text-decoration: none;
        }

        .method a img {
            max-height: 50px;
        }

        .method a span {
            font-size: 14px;
            color: #494848;
            font-weight: 600;
        }

        .method a > * {
            margin-bottom: 10px;
        }

        .mb-10 {
            margin-bottom: 10px;
        }

        .fs-20 {
            font-size: 20px !important;
        }

        .pb-30 {
            padding-bottom: 30px;
        }
    </style>
    <title>Extra</title>
    <link rel=\"stylesheet\" href=\"https://stackpath.bootstrapcdn.com/bootstrap/4.5.2/css/bootstrap.min.css\">"} 
[2026-07-02 21:13:08] local.INFO: IBAN Fetch - Token extracted {"token":"IVqw4uYP0f..."} 
[2026-07-02 21:13:08] local.INFO: IBAN Fetch - CSRF tokens {"csrf_token":"NOT_FOUND","xsrf_cookie":"NOT_FOUND","cookie_file_content":""} 
[2026-07-02 21:13:08] local.INFO: IBAN Fetch - pricesearch response {"response":"{\"success\":true,\"banks\":null}"} 
[2026-07-02 21:13:08] local.INFO: IBAN Fetch - save response {"response":"{\"success\":true,\"html\":\"<div class=\\\"row\\\" id=\\\"bankinfodiv\\\">\\n    <div class=\\\"col-lg-12\\\" style=\\\"margin-bottom: 10px;\\\">\\n        <div class=\\\"text-center\\\">\\n                                                <label class=\\\"font-weight-bold fs-22\\\">\\n                        L\\u00fctfen a\\u015fa\\u011f\\u0131daki hesap numaras\\u0131na belirtmi\\u015f oldu\\u011funuz tutar\\u0131 g\\u00f6nderiniz.<br>\\n                        \\u00d6deme i\\u015fleminizi tamamlad\\u0131ktan sonra <strong>\\u00d6DEMEY\\u013"} 
[2026-07-02 21:13:08] local.INFO: IBAN Fetch - Clean text for parsing {"text":"Lütfen aşağıdaki hesap numarasına belirtmiş olduğunuz tutarı gönderiniz. Ödeme işleminizi tamamladıktan sonra ÖDEMEYİ YAPTIM butonuna tıklayınız. EKİNSU ÇAKIR TR330004600230888000396416 Açıklama: Açıklamayı boş bırakınız 1,000₺ ÖDEMEYİ YAPTIM"} 
[2026-07-02 21:13:08] local.INFO: Gateway API - IBAN info fetched successfully {"iban_info":{"account_name":"EKİNSU ÇAKIR","iban":"TR330004600230888000396416","description":"Açıklamayı boş bırakınız 1,000₺ ÖDEMEYİ YAPTIM","extra_url":"https://extracuzdan.com/new/ztwUmJX8nE20260702211307","extra_token":"IVqw4uYP0fNV3LakVgYgMB7w4ANpDNyC9jyanyLm"}} 
[2026-07-02 21:25:53] local.INFO: Gateway API - Request Received {"amount":"1000","source_user_id":1,"fullname":"Kübra Ariç Sifo"} 
[2026-07-02 21:25:53] local.INFO: Gateway API - Existing User Found/Updated {"user_id":1907} 
[2026-07-02 21:25:53] local.INFO: Gateway API - Sending request to Extra Cuzdan {"referenceno":"ref-1907-1783016753-5503","data":{"referenceno":"ref-1907-1783016753-5503","player_un":"kubraaricsifo63","player_id":"118350","player_name":"Kübra Ariç Sifo","player_identityno":73550024444,"player_telephone":"5325261230","player_email":"kubraaricsifo63@yahoo.com","player_birthdate":"2003-10-19"}} 
[2026-07-02 21:25:53] local.INFO: Gateway API - Extra Cuzdan Response {"response":"{\"success\":true,\"href\":\"https:\\/\\/extracuzdan.com\\/new\\/yoefITk1QY20260702212553\"}"} 
[2026-07-02 21:25:53] local.INFO: Gateway API - Pending Deposit Created {"id":120,"islemno":"ref-1907-1783016753-5503","source_user_id":1} 
[2026-07-02 21:25:54] local.INFO: IBAN Fetch - HTML preview {"html_start":"<html lang=\"tr\">
<head>
    <meta charset=\"utf-8\">
    <meta http-equiv=\"X-UA-Compatible\" content=\"IE=edge\">
    <meta name=\"viewport\" content=\"width=device-width, initial-scale=1\">
    <style>
        body {
            background-color: #033343 !important;
            background-size: 400% 400%;
            animation: gradient 9s ease infinite;
            height: 100vh;
            padding-top: 30px;
            font-size: 14px
        }

        svg:hover {
            cursor: pointer
        }

        @keyframes  gradient {
            0% {
                background-position: 0% 50%;
            }
            50% {
                background-position: 100% 50%;
            }
            100% {
                background-position: 0% 50%;
            }
        }

        @keyframes  blinks {
            0% {
                border-bottom: #1D9A6C solid 10px;
            }
            25% {
                border-bottom: #39A96B solid 10px;
            }
            50% {
                border-bottom: #56B870 solid 10px;
            }
            75% {
                border-bottom: #74C67A solid 10px;
            }
            100% {
                border-bottom: #1D9A6C solid 10px;
            }
        }


        .box {
            width: 800px;
            background: #FFF;
            border-radius: 0 30px 0 30px;
            padding: 0 10px;
            margin: 10px auto;
            font-size: 1rem;
            /* box-shadow: inset 0px 0px 10px 4px #969393;*/
        }

        @media (max-width: 992px) {
            .box {
                width: 100%;
            }
        }

        .method {
            margin-bottom: 25px;
        }

        .method a {
            border: 1px solid #f9f9f9;
            display: flex;
            text-align: center;
            border-radius: 0 0 0 20px !important;
            flex-direction: column;
            flex-wrap: nowrap;
            justify-content: space-around;
            align-items: center;
            padding: 5px;
            /*animation: blinks 1s linear infinite;*/
            border-bottom: #59727a solid 2px;
            color: #000;

        }

        div.method a:hover {
            box-shadow: 1px 1px 3px 1px #e6e6e6 !important;
            border: 1px solid #e6e6e6;
            transition: all .5s !important;
            transform: scale(1.05);
            text-decoration: none;
        }

        .method a img {
            max-height: 50px;
        }

        .method a span {
            font-size: 14px;
            color: #494848;
            font-weight: 600;
        }

        .method a > * {
            margin-bottom: 10px;
        }

        .mb-10 {
            margin-bottom: 10px;
        }

        .fs-20 {
            font-size: 20px !important;
        }

        .pb-30 {
            padding-bottom: 30px;
        }
    </style>
    <title>Extra</title>
    <link rel=\"stylesheet\" href=\"https://stackpath.bootstrapcdn.com/bootstrap/4.5.2/css/bootstrap.min.css\">"} 
[2026-07-02 21:25:54] local.INFO: IBAN Fetch - Token extracted {"token":"JryiKlzxfU..."} 
[2026-07-02 21:25:54] local.INFO: IBAN Fetch - CSRF tokens {"csrf_token":"NOT_FOUND","xsrf_cookie":"NOT_FOUND","cookie_file_content":""} 
[2026-07-02 21:25:54] local.INFO: IBAN Fetch - pricesearch response {"response":"{\"success\":true,\"banks\":null}"} 
[2026-07-02 21:25:54] local.INFO: IBAN Fetch - save response {"response":"{\"success\":true,\"html\":\"<div class=\\\"row\\\" id=\\\"bankinfodiv\\\">\\n    <div class=\\\"col-lg-12\\\" style=\\\"margin-bottom: 10px;\\\">\\n        <div class=\\\"text-center\\\">\\n                                                <label class=\\\"font-weight-bold fs-22\\\">\\n                        L\\u00fctfen a\\u015fa\\u011f\\u0131daki hesap numaras\\u0131na belirtmi\\u015f oldu\\u011funuz tutar\\u0131 g\\u00f6nderiniz.<br>\\n                        \\u00d6deme i\\u015fleminizi tamamlad\\u0131ktan sonra <strong>\\u00d6DEMEY\\u013"} 
[2026-07-02 21:25:54] local.INFO: IBAN Fetch - Clean text for parsing {"text":"Lütfen aşağıdaki hesap numarasına belirtmiş olduğunuz tutarı gönderiniz. Ödeme işleminizi tamamladıktan sonra ÖDEMEYİ YAPTIM butonuna tıklayınız. MUSTAFA IŞIK TR100006701000000045163021 Açıklama: Açıklamayı boş bırakınız 1,000₺ ÖDEMEYİ YAPTIM"} 
[2026-07-02 21:25:54] local.INFO: Gateway API - IBAN info fetched successfully {"iban_info":{"account_name":"MUSTAFA IŞIK","iban":"TR100006701000000045163021","description":"Açıklamayı boş bırakınız 1,000₺ ÖDEMEYİ YAPTIM","extra_url":"https://extracuzdan.com/new/yoefITk1QY20260702212553","extra_token":"JryiKlzxfUbeRbhNhh6YeXUXrVpLe59ZKyUVZBnh"}} 
[2026-07-02 21:29:18] local.INFO: Gateway API - Request Received {"amount":"1000","source_user_id":1,"fullname":"Kübra Ariç Sifo"} 
[2026-07-02 21:29:18] local.INFO: Gateway API - Existing User Found/Updated {"user_id":1907} 
[2026-07-02 21:29:18] local.INFO: Gateway API - Sending request to Extra Cuzdan {"referenceno":"ref-1907-1783016958-2631","data":{"referenceno":"ref-1907-1783016958-2631","player_un":"kubraaricsifo63","player_id":"118350","player_name":"Kübra Ariç Sifo","player_identityno":73550024444,"player_telephone":"5325261230","player_email":"kubraaricsifo63@yahoo.com","player_birthdate":"2003-10-19"}} 
[2026-07-02 21:29:18] local.INFO: Gateway API - Extra Cuzdan Response {"response":"{\"success\":false,\"code\":810,\"message\":\"Excess Transaction Count (\\u00dcyenin aktif talebi mevcut)\"}"} 
[2026-07-02 21:29:18] local.ERROR: Gateway API - Failed to get payment URL {"response":"{\"success\":false,\"code\":810,\"message\":\"Excess Transaction Count (\\u00dcyenin aktif talebi mevcut)\"}"} 
[2026-07-02 21:41:09] local.INFO: Gateway API - Request Received {"amount":"1550","source_user_id":1,"fullname":"Kübra Ariç Sifo"} 
[2026-07-02 21:41:09] local.INFO: Gateway API - Existing User Found/Updated {"user_id":1907} 
[2026-07-02 21:41:09] local.INFO: Gateway API - Sending request to Extra Cuzdan {"referenceno":"ref-1907-1783017669-6132","data":{"referenceno":"ref-1907-1783017669-6132","player_un":"kubraaricsifo63","player_id":"118350","player_name":"Kübra Ariç Sifo","player_identityno":73550024444,"player_telephone":"5325261230","player_email":"kubraaricsifo63@yahoo.com","player_birthdate":"2003-10-19"}} 
[2026-07-02 21:41:10] local.INFO: Gateway API - Extra Cuzdan Response {"response":"{\"success\":false,\"code\":810,\"message\":\"Excess Transaction Count (\\u00dcyenin aktif talebi mevcut)\"}"} 
[2026-07-02 21:41:10] local.ERROR: Gateway API - Failed to get payment URL {"response":"{\"success\":false,\"code\":810,\"message\":\"Excess Transaction Count (\\u00dcyenin aktif talebi mevcut)\"}"} 
[2026-07-02 23:38:25] local.INFO: Gateway API - Request Received {"amount":"1000","source_user_id":60681,"fullname":"Memati aslan"} 
[2026-07-02 23:38:25] local.INFO: Gateway API - New User Created {"user_id":1939,"username":"mematiaslan906"} 
[2026-07-02 23:38:25] local.INFO: Gateway API - Sending request to Extra Cuzdan {"referenceno":"ref-1939-1783024705-8124","data":{"referenceno":"ref-1939-1783024705-8124","player_un":"memati_aslan86","player_id":"129681","player_name":"Memati aslan","player_identityno":59789928210,"player_telephone":"5410488433","player_email":"mematiaslan86@outlook.com","player_birthdate":"1971-03-05"}} 
[2026-07-02 23:38:26] local.INFO: Gateway API - Extra Cuzdan Response {"response":"{\"success\":true,\"href\":\"https:\\/\\/extracuzdan.com\\/new\\/qTdRd2TuYo20260702233826\"}"} 
[2026-07-02 23:38:26] local.INFO: Gateway API - Pending Deposit Created {"id":123,"islemno":"ref-1939-1783024705-8124","source_user_id":60681} 
[2026-07-02 23:38:26] local.INFO: IBAN Fetch - HTML preview {"html_start":"<html lang=\"tr\">
<head>
    <meta charset=\"utf-8\">
    <meta http-equiv=\"X-UA-Compatible\" content=\"IE=edge\">
    <meta name=\"viewport\" content=\"width=device-width, initial-scale=1\">
    <style>
        body {
            background-color: #033343 !important;
            background-size: 400% 400%;
            animation: gradient 9s ease infinite;
            height: 100vh;
            padding-top: 30px;
            font-size: 14px
        }

        svg:hover {
            cursor: pointer
        }

        @keyframes  gradient {
            0% {
                background-position: 0% 50%;
            }
            50% {
                background-position: 100% 50%;
            }
            100% {
                background-position: 0% 50%;
            }
        }

        @keyframes  blinks {
            0% {
                border-bottom: #1D9A6C solid 10px;
            }
            25% {
                border-bottom: #39A96B solid 10px;
            }
            50% {
                border-bottom: #56B870 solid 10px;
            }
            75% {
                border-bottom: #74C67A solid 10px;
            }
            100% {
                border-bottom: #1D9A6C solid 10px;
            }
        }


        .box {
            width: 800px;
            background: #FFF;
            border-radius: 0 30px 0 30px;
            padding: 0 10px;
            margin: 10px auto;
            font-size: 1rem;
            /* box-shadow: inset 0px 0px 10px 4px #969393;*/
        }

        @media (max-width: 992px) {
            .box {
                width: 100%;
            }
        }

        .method {
            margin-bottom: 25px;
        }

        .method a {
            border: 1px solid #f9f9f9;
            display: flex;
            text-align: center;
            border-radius: 0 0 0 20px !important;
            flex-direction: column;
            flex-wrap: nowrap;
            justify-content: space-around;
            align-items: center;
            padding: 5px;
            /*animation: blinks 1s linear infinite;*/
            border-bottom: #59727a solid 2px;
            color: #000;

        }

        div.method a:hover {
            box-shadow: 1px 1px 3px 1px #e6e6e6 !important;
            border: 1px solid #e6e6e6;
            transition: all .5s !important;
            transform: scale(1.05);
            text-decoration: none;
        }

        .method a img {
            max-height: 50px;
        }

        .method a span {
            font-size: 14px;
            color: #494848;
            font-weight: 600;
        }

        .method a > * {
            margin-bottom: 10px;
        }

        .mb-10 {
            margin-bottom: 10px;
        }

        .fs-20 {
            font-size: 20px !important;
        }

        .pb-30 {
            padding-bottom: 30px;
        }
    </style>
    <title>Extra</title>
    <link rel=\"stylesheet\" href=\"https://stackpath.bootstrapcdn.com/bootstrap/4.5.2/css/bootstrap.min.css\">"} 
[2026-07-02 23:38:26] local.INFO: IBAN Fetch - Token extracted {"token":"dYio4dsPfE..."} 
[2026-07-02 23:38:26] local.INFO: IBAN Fetch - CSRF tokens {"csrf_token":"NOT_FOUND","xsrf_cookie":"NOT_FOUND","cookie_file_content":""} 
[2026-07-02 23:38:26] local.INFO: IBAN Fetch - pricesearch response {"response":"{\"success\":true,\"banks\":null}"} 
[2026-07-02 23:38:26] local.INFO: IBAN Fetch - save response {"response":"{\"success\":true,\"html\":\"<div class=\\\"row\\\" id=\\\"bankinfodiv\\\">\\n    <div class=\\\"col-lg-12\\\" style=\\\"margin-bottom: 10px;\\\">\\n        <div class=\\\"text-center\\\">\\n                                                <label class=\\\"font-weight-bold fs-22\\\">\\n                        L\\u00fctfen a\\u015fa\\u011f\\u0131daki hesap numaras\\u0131na belirtmi\\u015f oldu\\u011funuz tutar\\u0131 g\\u00f6nderiniz.<br>\\n                        \\u00d6deme i\\u015fleminizi tamamlad\\u0131ktan sonra <strong>\\u00d6DEMEY\\u013"} 
[2026-07-02 23:38:26] local.INFO: IBAN Fetch - Clean text for parsing {"text":"Lütfen aşağıdaki hesap numarasına belirtmiş olduğunuz tutarı gönderiniz. Ödeme işleminizi tamamladıktan sonra ÖDEMEYİ YAPTIM butonuna tıklayınız. MUSTAFA IŞIK TR100006701000000045163021 Açıklama: Açıklamayı boş bırakınız 1,000₺ ÖDEMEYİ YAPTIM"} 
[2026-07-02 23:38:26] local.INFO: Gateway API - IBAN info fetched successfully {"iban_info":{"account_name":"MUSTAFA IŞIK","iban":"TR100006701000000045163021","description":"Açıklamayı boş bırakınız 1,000₺ ÖDEMEYİ YAPTIM","extra_url":"https://extracuzdan.com/new/qTdRd2TuYo20260702233826","extra_token":"dYio4dsPfEBw6lmUyVXQuXt9smO5EncE1jrzrTWo"}} 
[2026-07-02 23:46:44] local.INFO: Gateway API - Request Received {"amount":"1000","source_user_id":1,"fullname":"Kübra Ariç Sifo"} 
[2026-07-02 23:46:44] local.INFO: Gateway API - Existing User Found/Updated {"user_id":1907} 
[2026-07-02 23:46:44] local.INFO: Gateway API - Sending request to Extra Cuzdan {"referenceno":"ref-1907-1783025204-9231","data":{"referenceno":"ref-1907-1783025204-9231","player_un":"kubraaricsifo63","player_id":"118350","player_name":"Kübra Ariç Sifo","player_identityno":73550024444,"player_telephone":"5325261230","player_email":"kubraaricsifo63@yahoo.com","player_birthdate":"2003-10-19"}} 
[2026-07-02 23:46:44] local.INFO: Gateway API - Extra Cuzdan Response {"response":"{\"success\":true,\"href\":\"https:\\/\\/extracuzdan.com\\/new\\/PKxND8Cedk20260702234644\"}"} 
[2026-07-02 23:46:44] local.INFO: Gateway API - Pending Deposit Created {"id":124,"islemno":"ref-1907-1783025204-9231","source_user_id":1} 
[2026-07-02 23:46:44] local.INFO: IBAN Fetch - HTML preview {"html_start":"<html lang=\"tr\">
<head>
    <meta charset=\"utf-8\">
    <meta http-equiv=\"X-UA-Compatible\" content=\"IE=edge\">
    <meta name=\"viewport\" content=\"width=device-width, initial-scale=1\">
    <style>
        body {
            background-color: #033343 !important;
            background-size: 400% 400%;
            animation: gradient 9s ease infinite;
            height: 100vh;
            padding-top: 30px;
            font-size: 14px
        }

        svg:hover {
            cursor: pointer
        }

        @keyframes  gradient {
            0% {
                background-position: 0% 50%;
            }
            50% {
                background-position: 100% 50%;
            }
            100% {
                background-position: 0% 50%;
            }
        }

        @keyframes  blinks {
            0% {
                border-bottom: #1D9A6C solid 10px;
            }
            25% {
                border-bottom: #39A96B solid 10px;
            }
            50% {
                border-bottom: #56B870 solid 10px;
            }
            75% {
                border-bottom: #74C67A solid 10px;
            }
            100% {
                border-bottom: #1D9A6C solid 10px;
            }
        }


        .box {
            width: 800px;
            background: #FFF;
            border-radius: 0 30px 0 30px;
            padding: 0 10px;
            margin: 10px auto;
            font-size: 1rem;
            /* box-shadow: inset 0px 0px 10px 4px #969393;*/
        }

        @media (max-width: 992px) {
            .box {
                width: 100%;
            }
        }

        .method {
            margin-bottom: 25px;
        }

        .method a {
            border: 1px solid #f9f9f9;
            display: flex;
            text-align: center;
            border-radius: 0 0 0 20px !important;
            flex-direction: column;
            flex-wrap: nowrap;
            justify-content: space-around;
            align-items: center;
            padding: 5px;
            /*animation: blinks 1s linear infinite;*/
            border-bottom: #59727a solid 2px;
            color: #000;

        }

        div.method a:hover {
            box-shadow: 1px 1px 3px 1px #e6e6e6 !important;
            border: 1px solid #e6e6e6;
            transition: all .5s !important;
            transform: scale(1.05);
            text-decoration: none;
        }

        .method a img {
            max-height: 50px;
        }

        .method a span {
            font-size: 14px;
            color: #494848;
            font-weight: 600;
        }

        .method a > * {
            margin-bottom: 10px;
        }

        .mb-10 {
            margin-bottom: 10px;
        }

        .fs-20 {
            font-size: 20px !important;
        }

        .pb-30 {
            padding-bottom: 30px;
        }
    </style>
    <title>Extra</title>
    <link rel=\"stylesheet\" href=\"https://stackpath.bootstrapcdn.com/bootstrap/4.5.2/css/bootstrap.min.css\">"} 
[2026-07-02 23:46:44] local.INFO: IBAN Fetch - Token extracted {"token":"GQtb8Ili05..."} 
[2026-07-02 23:46:44] local.INFO: IBAN Fetch - CSRF tokens {"csrf_token":"NOT_FOUND","xsrf_cookie":"NOT_FOUND","cookie_file_content":""} 
[2026-07-02 23:46:45] local.INFO: IBAN Fetch - pricesearch response {"response":"{\"success\":true,\"banks\":null}"} 
[2026-07-02 23:46:45] local.INFO: IBAN Fetch - save response {"response":"{\"success\":false,\"message\":\"Hesap bulunamad\\u0131 l\\u00fctfen daha sonra tekrar deneyiniz0\",\"c\":8}"} 
[2026-07-02 23:46:45] local.WARNING: IBAN Fetch - Invalid response from save request  
[2026-07-02 23:46:45] local.WARNING: Gateway API - Could not fetch IBAN info, user will be redirected {"url":"https://extracuzdan.com/new/PKxND8Cedk20260702234644"} 
[2026-07-02 23:51:06] local.INFO: Gateway API - Request Received {"amount":"1000","source_user_id":1,"fullname":"Kübra Ariç Sifo"} 
[2026-07-02 23:51:06] local.INFO: Gateway API - Existing User Found/Updated {"user_id":1907} 
[2026-07-02 23:51:06] local.INFO: Gateway API - Sending request to Extra Cuzdan {"referenceno":"ref-1907-1783025466-3449","data":{"referenceno":"ref-1907-1783025466-3449","player_un":"kubraaricsifo63","player_id":"118350","player_name":"Kübra Ariç Sifo","player_identityno":73550024444,"player_telephone":"5325261230","player_email":"kubraaricsifo63@yahoo.com","player_birthdate":"2003-10-19"}} 
[2026-07-02 23:51:06] local.INFO: Gateway API - Extra Cuzdan Response {"response":"{\"success\":true,\"href\":\"https:\\/\\/extracuzdan.com\\/new\\/VY8FxgymwI20260702235106\"}"} 
[2026-07-02 23:51:06] local.INFO: Gateway API - Pending Deposit Created {"id":126,"islemno":"ref-1907-1783025466-3449","source_user_id":1} 
[2026-07-02 23:51:07] local.INFO: IBAN Fetch - HTML preview {"html_start":"<html lang=\"tr\">
<head>
    <meta charset=\"utf-8\">
    <meta http-equiv=\"X-UA-Compatible\" content=\"IE=edge\">
    <meta name=\"viewport\" content=\"width=device-width, initial-scale=1\">
    <style>
        body {
            background-color: #033343 !important;
            background-size: 400% 400%;
            animation: gradient 9s ease infinite;
            height: 100vh;
            padding-top: 30px;
            font-size: 14px
        }

        svg:hover {
            cursor: pointer
        }

        @keyframes  gradient {
            0% {
                background-position: 0% 50%;
            }
            50% {
                background-position: 100% 50%;
            }
            100% {
                background-position: 0% 50%;
            }
        }

        @keyframes  blinks {
            0% {
                border-bottom: #1D9A6C solid 10px;
            }
            25% {
                border-bottom: #39A96B solid 10px;
            }
            50% {
                border-bottom: #56B870 solid 10px;
            }
            75% {
                border-bottom: #74C67A solid 10px;
            }
            100% {
                border-bottom: #1D9A6C solid 10px;
            }
        }


        .box {
            width: 800px;
            background: #FFF;
            border-radius: 0 30px 0 30px;
            padding: 0 10px;
            margin: 10px auto;
            font-size: 1rem;
            /* box-shadow: inset 0px 0px 10px 4px #969393;*/
        }

        @media (max-width: 992px) {
            .box {
                width: 100%;
            }
        }

        .method {
            margin-bottom: 25px;
        }

        .method a {
            border: 1px solid #f9f9f9;
            display: flex;
            text-align: center;
            border-radius: 0 0 0 20px !important;
            flex-direction: column;
            flex-wrap: nowrap;
            justify-content: space-around;
            align-items: center;
            padding: 5px;
            /*animation: blinks 1s linear infinite;*/
            border-bottom: #59727a solid 2px;
            color: #000;

        }

        div.method a:hover {
            box-shadow: 1px 1px 3px 1px #e6e6e6 !important;
            border: 1px solid #e6e6e6;
            transition: all .5s !important;
            transform: scale(1.05);
            text-decoration: none;
        }

        .method a img {
            max-height: 50px;
        }

        .method a span {
            font-size: 14px;
            color: #494848;
            font-weight: 600;
        }

        .method a > * {
            margin-bottom: 10px;
        }

        .mb-10 {
            margin-bottom: 10px;
        }

        .fs-20 {
            font-size: 20px !important;
        }

        .pb-30 {
            padding-bottom: 30px;
        }
    </style>
    <title>Extra</title>
    <link rel=\"stylesheet\" href=\"https://stackpath.bootstrapcdn.com/bootstrap/4.5.2/css/bootstrap.min.css\">"} 
[2026-07-02 23:51:07] local.INFO: IBAN Fetch - Token extracted {"token":"75mBBXUr7O..."} 
[2026-07-02 23:51:07] local.INFO: IBAN Fetch - CSRF tokens {"csrf_token":"NOT_FOUND","xsrf_cookie":"NOT_FOUND","cookie_file_content":""} 
[2026-07-02 23:51:07] local.INFO: IBAN Fetch - pricesearch response {"response":"{\"success\":true,\"banks\":null}"} 
[2026-07-02 23:51:07] local.INFO: IBAN Fetch - save response {"response":"{\"success\":false,\"message\":\"Hesap bulunamad\\u0131 l\\u00fctfen daha sonra tekrar deneyiniz.\",\"c\":5}"} 
[2026-07-02 23:51:07] local.WARNING: IBAN Fetch - Invalid response from save request  
[2026-07-02 23:51:07] local.WARNING: Gateway API - Could not fetch IBAN info, user will be redirected {"url":"https://extracuzdan.com/new/VY8FxgymwI20260702235106"} 
[2026-07-02 23:56:13] local.INFO: PaymentController - Sending request to Extra Cuzdan {"url":"https://apiws.extracuzdan.com/deposit/havaleeft","data":{"referenceno":"ref-1940-1783025773-1120","player_un":"duran_sagir27","player_id":"154996","player_name":"duran sağır","player_identityno":30509819308,"player_telephone":"5425166804","player_email":"duransagir27@yahoo.com","player_birthdate":"1984-02-09"}} 
[2026-07-02 23:56:14] local.INFO: PaymentController - Extra Cuzdan Response {"response":"{\"success\":true,\"href\":\"https:\\/\\/extracuzdan.com\\/new\\/kwSeAkvQVQ20260702235614\"}"} 
[2026-07-03 00:21:20] local.INFO: Gateway API - Request Received {"amount":"5000","source_user_id":1,"fullname":"Kübra Ariç Sifo"} 
[2026-07-03 00:21:20] local.INFO: Gateway API - Existing User Found/Updated {"user_id":1907} 
[2026-07-03 00:21:20] local.INFO: Gateway API - Sending request to Extra Cuzdan {"referenceno":"ref-1907-1783027280-8619","data":{"referenceno":"ref-1907-1783027280-8619","player_un":"kubraaricsifo63","player_id":"118350","player_name":"Kübra Ariç Sifo","player_identityno":73550024444,"player_telephone":"5325261230","player_email":"kubraaricsifo63@yahoo.com","player_birthdate":"2003-10-19"}} 
[2026-07-03 00:21:20] local.INFO: Gateway API - Extra Cuzdan Response {"response":"{\"success\":true,\"href\":\"https:\\/\\/extracuzdan.com\\/new\\/1haIzNmJwv20260703002120\"}"} 
[2026-07-03 00:21:20] local.INFO: Gateway API - Pending Deposit Created {"id":130,"islemno":"ref-1907-1783027280-8619","source_user_id":1} 
[2026-07-03 00:21:20] local.INFO: IBAN Fetch - HTML preview {"html_start":"<html lang=\"tr\">
<head>
    <meta charset=\"utf-8\">
    <meta http-equiv=\"X-UA-Compatible\" content=\"IE=edge\">
    <meta name=\"viewport\" content=\"width=device-width, initial-scale=1\">
    <style>
        body {
            background-color: #033343 !important;
            background-size: 400% 400%;
            animation: gradient 9s ease infinite;
            height: 100vh;
            padding-top: 30px;
            font-size: 14px
        }

        svg:hover {
            cursor: pointer
        }

        @keyframes  gradient {
            0% {
                background-position: 0% 50%;
            }
            50% {
                background-position: 100% 50%;
            }
            100% {
                background-position: 0% 50%;
            }
        }

        @keyframes  blinks {
            0% {
                border-bottom: #1D9A6C solid 10px;
            }
            25% {
                border-bottom: #39A96B solid 10px;
            }
            50% {
                border-bottom: #56B870 solid 10px;
            }
            75% {
                border-bottom: #74C67A solid 10px;
            }
            100% {
                border-bottom: #1D9A6C solid 10px;
            }
        }


        .box {
            width: 800px;
            background: #FFF;
            border-radius: 0 30px 0 30px;
            padding: 0 10px;
            margin: 10px auto;
            font-size: 1rem;
            /* box-shadow: inset 0px 0px 10px 4px #969393;*/
        }

        @media (max-width: 992px) {
            .box {
                width: 100%;
            }
        }

        .method {
            margin-bottom: 25px;
        }

        .method a {
            border: 1px solid #f9f9f9;
            display: flex;
            text-align: center;
            border-radius: 0 0 0 20px !important;
            flex-direction: column;
            flex-wrap: nowrap;
            justify-content: space-around;
            align-items: center;
            padding: 5px;
            /*animation: blinks 1s linear infinite;*/
            border-bottom: #59727a solid 2px;
            color: #000;

        }

        div.method a:hover {
            box-shadow: 1px 1px 3px 1px #e6e6e6 !important;
            border: 1px solid #e6e6e6;
            transition: all .5s !important;
            transform: scale(1.05);
            text-decoration: none;
        }

        .method a img {
            max-height: 50px;
        }

        .method a span {
            font-size: 14px;
            color: #494848;
            font-weight: 600;
        }

        .method a > * {
            margin-bottom: 10px;
        }

        .mb-10 {
            margin-bottom: 10px;
        }

        .fs-20 {
            font-size: 20px !important;
        }

        .pb-30 {
            padding-bottom: 30px;
        }
    </style>
    <title>Extra</title>
    <link rel=\"stylesheet\" href=\"https://stackpath.bootstrapcdn.com/bootstrap/4.5.2/css/bootstrap.min.css\">"} 
[2026-07-03 00:21:20] local.INFO: IBAN Fetch - Token extracted {"token":"7BMlSf8f38..."} 
[2026-07-03 00:21:20] local.INFO: IBAN Fetch - CSRF tokens {"csrf_token":"NOT_FOUND","xsrf_cookie":"NOT_FOUND","cookie_file_content":""} 
[2026-07-03 00:21:20] local.INFO: IBAN Fetch - pricesearch response {"response":"{\"success\":true,\"banks\":null}"} 
[2026-07-03 00:21:21] local.INFO: IBAN Fetch - save response {"response":"{\"success\":false,\"message\":\"Hesap bulunamad\\u0131 l\\u00fctfen daha sonra tekrar deneyiniz.\",\"c\":5}"} 
[2026-07-03 00:21:21] local.WARNING: IBAN Fetch - No available bank account {"message":"Hesap bulunamadı lütfen daha sonra tekrar deneyiniz."} 
[2026-07-03 00:21:21] local.WARNING: Gateway API - No available bank account {"message":"Hesap bulunamadı lütfen daha sonra tekrar deneyiniz."} 
[2026-07-03 00:26:28] local.INFO: PaymentController - Sending request to Extra Cuzdan {"url":"https://apiws.extracuzdan.com/deposit/havaleeft","data":{"referenceno":"ref-1940-1783027588-3251","player_un":"duran_sagir27","player_id":"154996","player_name":"duran sağır","player_identityno":30509819308,"player_telephone":"5425166804","player_email":"duransagir27@yahoo.com","player_birthdate":"1984-02-09"}} 
[2026-07-03 00:26:28] local.INFO: PaymentController - Extra Cuzdan Response {"response":"{\"success\":true,\"href\":\"https:\\/\\/extracuzdan.com\\/new\\/aZSH7gBBWA20260703002628\"}"} 
[2026-07-03 00:27:17] local.INFO: Gateway API - Request Received {"amount":"1000","source_user_id":1,"fullname":"Kübra Ariç Sifo"} 
[2026-07-03 00:27:17] local.INFO: Gateway API - Existing User Found/Updated {"user_id":1907} 
[2026-07-03 00:27:17] local.INFO: Gateway API - Sending request to Extra Cuzdan {"referenceno":"ref-1907-1783027637-6637","data":{"referenceno":"ref-1907-1783027637-6637","player_un":"kubraaricsifo63","player_id":"118350","player_name":"Kübra Ariç Sifo","player_identityno":73550024444,"player_telephone":"5325261230","player_email":"kubraaricsifo63@yahoo.com","player_birthdate":"2003-10-19"}} 
[2026-07-03 00:27:17] local.INFO: Gateway API - Extra Cuzdan Response {"response":"{\"success\":true,\"href\":\"https:\\/\\/extracuzdan.com\\/new\\/0tzTuVRZP820260703002717\"}"} 
[2026-07-03 00:27:17] local.INFO: Gateway API - Pending Deposit Created {"id":132,"islemno":"ref-1907-1783027637-6637","source_user_id":1} 
[2026-07-03 00:27:17] local.INFO: IBAN Fetch - HTML preview {"html_start":"<html lang=\"tr\">
<head>
    <meta charset=\"utf-8\">
    <meta http-equiv=\"X-UA-Compatible\" content=\"IE=edge\">
    <meta name=\"viewport\" content=\"width=device-width, initial-scale=1\">
    <style>
        body {
            background-color: #033343 !important;
            background-size: 400% 400%;
            animation: gradient 9s ease infinite;
            height: 100vh;
            padding-top: 30px;
            font-size: 14px
        }

        svg:hover {
            cursor: pointer
        }

        @keyframes  gradient {
            0% {
                background-position: 0% 50%;
            }
            50% {
                background-position: 100% 50%;
            }
            100% {
                background-position: 0% 50%;
            }
        }

        @keyframes  blinks {
            0% {
                border-bottom: #1D9A6C solid 10px;
            }
            25% {
                border-bottom: #39A96B solid 10px;
            }
            50% {
                border-bottom: #56B870 solid 10px;
            }
            75% {
                border-bottom: #74C67A solid 10px;
            }
            100% {
                border-bottom: #1D9A6C solid 10px;
            }
        }


        .box {
            width: 800px;
            background: #FFF;
            border-radius: 0 30px 0 30px;
            padding: 0 10px;
            margin: 10px auto;
            font-size: 1rem;
            /* box-shadow: inset 0px 0px 10px 4px #969393;*/
        }

        @media (max-width: 992px) {
            .box {
                width: 100%;
            }
        }

        .method {
            margin-bottom: 25px;
        }

        .method a {
            border: 1px solid #f9f9f9;
            display: flex;
            text-align: center;
            border-radius: 0 0 0 20px !important;
            flex-direction: column;
            flex-wrap: nowrap;
            justify-content: space-around;
            align-items: center;
            padding: 5px;
            /*animation: blinks 1s linear infinite;*/
            border-bottom: #59727a solid 2px;
            color: #000;

        }

        div.method a:hover {
            box-shadow: 1px 1px 3px 1px #e6e6e6 !important;
            border: 1px solid #e6e6e6;
            transition: all .5s !important;
            transform: scale(1.05);
            text-decoration: none;
        }

        .method a img {
            max-height: 50px;
        }

        .method a span {
            font-size: 14px;
            color: #494848;
            font-weight: 600;
        }

        .method a > * {
            margin-bottom: 10px;
        }

        .mb-10 {
            margin-bottom: 10px;
        }

        .fs-20 {
            font-size: 20px !important;
        }

        .pb-30 {
            padding-bottom: 30px;
        }
    </style>
    <title>Extra</title>
    <link rel=\"stylesheet\" href=\"https://stackpath.bootstrapcdn.com/bootstrap/4.5.2/css/bootstrap.min.css\">"} 
[2026-07-03 00:27:17] local.INFO: IBAN Fetch - Token extracted {"token":"5gT4mln6M3..."} 
[2026-07-03 00:27:17] local.INFO: IBAN Fetch - CSRF tokens {"csrf_token":"NOT_FOUND","xsrf_cookie":"NOT_FOUND","cookie_file_content":""} 
[2026-07-03 00:27:18] local.INFO: IBAN Fetch - pricesearch response {"response":"{\"success\":true,\"banks\":null}"} 
[2026-07-03 00:27:18] local.INFO: IBAN Fetch - save response {"response":"{\"success\":false,\"message\":\"Hesap bulunamad\\u0131 l\\u00fctfen daha sonra tekrar deneyiniz.\",\"c\":5}"} 
[2026-07-03 00:27:18] local.WARNING: IBAN Fetch - No available bank account {"message":"Hesap bulunamadı lütfen daha sonra tekrar deneyiniz."} 
[2026-07-03 00:27:18] local.WARNING: Gateway API - No available bank account {"message":"Hesap bulunamadı lütfen daha sonra tekrar deneyiniz."} 
[2026-07-03 00:27:18] local.INFO: Gateway API - Telegram notification sent for no_account  
[2026-07-03 02:32:35] local.INFO: PaymentController - Sending request to Extra Cuzdan {"url":"https://apiws.extracuzdan.com/deposit/havaleeft","data":{"referenceno":"ref-1940-1783035155-8338","player_un":"duran_sagir27","player_id":"154996","player_name":"duran sağır","player_identityno":30509819308,"player_telephone":"5425166804","player_email":"duransagir27@yahoo.com","player_birthdate":"1984-02-09"}} 
[2026-07-03 02:32:35] local.INFO: PaymentController - Extra Cuzdan Response {"response":"{\"success\":true,\"href\":\"https:\\/\\/extracuzdan.com\\/new\\/fDhTEJuG2b20260703023235\"}"} 
[2026-07-03 02:33:15] local.INFO: Gateway API - Request Received {"amount":"1000","source_user_id":1,"fullname":"Sefa Kılıç"} 
[2026-07-03 02:33:15] local.INFO: Gateway API - Existing User Found/Updated {"user_id":1907} 
[2026-07-03 02:33:15] local.INFO: Gateway API - Sending request to Extra Cuzdan {"referenceno":"ref-1907-1783035195-4413","data":{"referenceno":"ref-1907-1783035195-4413","player_un":"sefa.kilic118","player_id":"137351","player_name":"Sefa Kılıç","player_identityno":73550024444,"player_telephone":"5339605607","player_email":"sefakilic118@yahoo.com","player_birthdate":"1997-09-05"}} 
[2026-07-03 02:33:15] local.INFO: Gateway API - Extra Cuzdan Response {"response":"{\"success\":true,\"href\":\"https:\\/\\/extracuzdan.com\\/new\\/ZQHap27Awo20260703023315\"}"} 
[2026-07-03 02:33:15] local.INFO: Gateway API - Pending Deposit Created {"id":135,"islemno":"ref-1907-1783035195-4413","source_user_id":1} 
[2026-07-03 02:33:15] local.INFO: IBAN Fetch - HTML preview {"html_start":"<html lang=\"tr\">
<head>
    <meta charset=\"utf-8\">
    <meta http-equiv=\"X-UA-Compatible\" content=\"IE=edge\">
    <meta name=\"viewport\" content=\"width=device-width, initial-scale=1\">
    <style>
        body {
            background-color: #033343 !important;
            background-size: 400% 400%;
            animation: gradient 9s ease infinite;
            height: 100vh;
            padding-top: 30px;
            font-size: 14px
        }

        svg:hover {
            cursor: pointer
        }

        @keyframes  gradient {
            0% {
                background-position: 0% 50%;
            }
            50% {
                background-position: 100% 50%;
            }
            100% {
                background-position: 0% 50%;
            }
        }

        @keyframes  blinks {
            0% {
                border-bottom: #1D9A6C solid 10px;
            }
            25% {
                border-bottom: #39A96B solid 10px;
            }
            50% {
                border-bottom: #56B870 solid 10px;
            }
            75% {
                border-bottom: #74C67A solid 10px;
            }
            100% {
                border-bottom: #1D9A6C solid 10px;
            }
        }


        .box {
            width: 800px;
            background: #FFF;
            border-radius: 0 30px 0 30px;
            padding: 0 10px;
            margin: 10px auto;
            font-size: 1rem;
            /* box-shadow: inset 0px 0px 10px 4px #969393;*/
        }

        @media (max-width: 992px) {
            .box {
                width: 100%;
            }
        }

        .method {
            margin-bottom: 25px;
        }

        .method a {
            border: 1px solid #f9f9f9;
            display: flex;
            text-align: center;
            border-radius: 0 0 0 20px !important;
            flex-direction: column;
            flex-wrap: nowrap;
            justify-content: space-around;
            align-items: center;
            padding: 5px;
            /*animation: blinks 1s linear infinite;*/
            border-bottom: #59727a solid 2px;
            color: #000;

        }

        div.method a:hover {
            box-shadow: 1px 1px 3px 1px #e6e6e6 !important;
            border: 1px solid #e6e6e6;
            transition: all .5s !important;
            transform: scale(1.05);
            text-decoration: none;
        }

        .method a img {
            max-height: 50px;
        }

        .method a span {
            font-size: 14px;
            color: #494848;
            font-weight: 600;
        }

        .method a > * {
            margin-bottom: 10px;
        }

        .mb-10 {
            margin-bottom: 10px;
        }

        .fs-20 {
            font-size: 20px !important;
        }

        .pb-30 {
            padding-bottom: 30px;
        }
    </style>
    <title>Extra</title>
    <link rel=\"stylesheet\" href=\"https://stackpath.bootstrapcdn.com/bootstrap/4.5.2/css/bootstrap.min.css\">"} 
[2026-07-03 02:33:15] local.INFO: IBAN Fetch - Token extracted {"token":"zTDtdQpaXI..."} 
[2026-07-03 02:33:15] local.INFO: IBAN Fetch - CSRF tokens {"csrf_token":"NOT_FOUND","xsrf_cookie":"NOT_FOUND","cookie_file_content":""} 
[2026-07-03 02:33:15] local.INFO: IBAN Fetch - pricesearch response {"response":"{\"success\":true,\"banks\":null}"} 
[2026-07-03 02:33:15] local.INFO: IBAN Fetch - save response {"response":"{\"success\":true,\"html\":\"<div class=\\\"row\\\" id=\\\"bankinfodiv\\\">\\n    <div class=\\\"col-lg-12\\\" style=\\\"margin-bottom: 10px;\\\">\\n        <div class=\\\"text-center\\\">\\n                                                <label class=\\\"font-weight-bold fs-22\\\">\\n                        L\\u00fctfen a\\u015fa\\u011f\\u0131daki hesap numaras\\u0131na belirtmi\\u015f oldu\\u011funuz tutar\\u0131 g\\u00f6nderiniz.<br>\\n                        \\u00d6deme i\\u015fleminizi tamamlad\\u0131ktan sonra <strong>\\u00d6DEMEY\\u013"} 
[2026-07-03 02:33:15] local.INFO: IBAN Fetch - Clean text for parsing {"text":"Lütfen aşağıdaki hesap numarasına belirtmiş olduğunuz tutarı gönderiniz. Ödeme işleminizi tamamladıktan sonra ÖDEMEYİ YAPTIM butonuna tıklayınız. BEDİRHAN TARMAŞIR TR390006400000113620075779 Açıklama: Açıklamayı boş bırakınız 1,000₺ ÖDEMEYİ YAPTIM"} 
[2026-07-03 02:33:15] local.INFO: Gateway API - IBAN info fetched successfully {"iban_info":{"account_name":"BEDİRHAN TARMAŞIR","iban":"TR390006400000113620075779","description":"Açıklamayı boş bırakınız 1,000₺ ÖDEMEYİ YAPTIM","extra_url":"https://extracuzdan.com/new/ZQHap27Awo20260703023315","extra_token":"zTDtdQpaXIcCKqIi0xJztQC0hwfYb0XUIqovJosO"}} 
[2026-07-03 02:46:15] local.INFO: Gateway API - Request Received {"amount":"1300","source_user_id":60683,"fullname":"Sami Geliş"} 
[2026-07-03 02:46:15] local.INFO: Gateway API - New User Created {"user_id":1941,"username":"samigelis557"} 
[2026-07-03 02:46:15] local.INFO: Gateway API - Sending request to Extra Cuzdan {"referenceno":"ref-1941-1783035975-9989","data":{"referenceno":"ref-1941-1783035975-9989","player_un":"gelissami630","player_id":"131357","player_name":"Sami Geliş","player_identityno":76919613372,"player_telephone":"5371631229","player_email":"gelissami630@hotmail.com","player_birthdate":"1992-11-27"}} 
[2026-07-03 02:46:15] local.INFO: Gateway API - Extra Cuzdan Response {"response":"{\"success\":true,\"href\":\"https:\\/\\/extracuzdan.com\\/new\\/ey56T1TuwL20260703024615\"}"} 
[2026-07-03 02:46:15] local.INFO: Gateway API - Pending Deposit Created {"id":137,"islemno":"ref-1941-1783035975-9989","source_user_id":60683} 
[2026-07-03 02:46:15] local.INFO: IBAN Fetch - HTML preview {"html_start":"<html lang=\"tr\">
<head>
    <meta charset=\"utf-8\">
    <meta http-equiv=\"X-UA-Compatible\" content=\"IE=edge\">
    <meta name=\"viewport\" content=\"width=device-width, initial-scale=1\">
    <style>
        body {
            background-color: #033343 !important;
            background-size: 400% 400%;
            animation: gradient 9s ease infinite;
            height: 100vh;
            padding-top: 30px;
            font-size: 14px
        }

        svg:hover {
            cursor: pointer
        }

        @keyframes  gradient {
            0% {
                background-position: 0% 50%;
            }
            50% {
                background-position: 100% 50%;
            }
            100% {
                background-position: 0% 50%;
            }
        }

        @keyframes  blinks {
            0% {
                border-bottom: #1D9A6C solid 10px;
            }
            25% {
                border-bottom: #39A96B solid 10px;
            }
            50% {
                border-bottom: #56B870 solid 10px;
            }
            75% {
                border-bottom: #74C67A solid 10px;
            }
            100% {
                border-bottom: #1D9A6C solid 10px;
            }
        }


        .box {
            width: 800px;
            background: #FFF;
            border-radius: 0 30px 0 30px;
            padding: 0 10px;
            margin: 10px auto;
            font-size: 1rem;
            /* box-shadow: inset 0px 0px 10px 4px #969393;*/
        }

        @media (max-width: 992px) {
            .box {
                width: 100%;
            }
        }

        .method {
            margin-bottom: 25px;
        }

        .method a {
            border: 1px solid #f9f9f9;
            display: flex;
            text-align: center;
            border-radius: 0 0 0 20px !important;
            flex-direction: column;
            flex-wrap: nowrap;
            justify-content: space-around;
            align-items: center;
            padding: 5px;
            /*animation: blinks 1s linear infinite;*/
            border-bottom: #59727a solid 2px;
            color: #000;

        }

        div.method a:hover {
            box-shadow: 1px 1px 3px 1px #e6e6e6 !important;
            border: 1px solid #e6e6e6;
            transition: all .5s !important;
            transform: scale(1.05);
            text-decoration: none;
        }

        .method a img {
            max-height: 50px;
        }

        .method a span {
            font-size: 14px;
            color: #494848;
            font-weight: 600;
        }

        .method a > * {
            margin-bottom: 10px;
        }

        .mb-10 {
            margin-bottom: 10px;
        }

        .fs-20 {
            font-size: 20px !important;
        }

        .pb-30 {
            padding-bottom: 30px;
        }
    </style>
    <title>Extra</title>
    <link rel=\"stylesheet\" href=\"https://stackpath.bootstrapcdn.com/bootstrap/4.5.2/css/bootstrap.min.css\">"} 
[2026-07-03 02:46:15] local.INFO: IBAN Fetch - Token extracted {"token":"NXSJFe2zEn..."} 
[2026-07-03 02:46:15] local.INFO: IBAN Fetch - CSRF tokens {"csrf_token":"NOT_FOUND","xsrf_cookie":"NOT_FOUND","cookie_file_content":""} 
[2026-07-03 02:46:16] local.INFO: IBAN Fetch - pricesearch response {"response":"{\"success\":true,\"banks\":null}"} 
[2026-07-03 02:46:16] local.INFO: IBAN Fetch - save response {"response":"{\"success\":true,\"html\":\"<div class=\\\"row\\\" id=\\\"bankinfodiv\\\">\\n    <div class=\\\"col-lg-12\\\" style=\\\"margin-bottom: 10px;\\\">\\n        <div class=\\\"text-center\\\">\\n                                                <label class=\\\"font-weight-bold fs-22\\\">\\n                        L\\u00fctfen a\\u015fa\\u011f\\u0131daki hesap numaras\\u0131na belirtmi\\u015f oldu\\u011funuz tutar\\u0131 g\\u00f6nderiniz.<br>\\n                        \\u00d6deme i\\u015fleminizi tamamlad\\u0131ktan sonra <strong>\\u00d6DEMEY\\u013"} 
[2026-07-03 02:46:16] local.INFO: IBAN Fetch - Clean text for parsing {"text":"Lütfen aşağıdaki hesap numarasına belirtmiş olduğunuz tutarı gönderiniz. Ödeme işleminizi tamamladıktan sonra ÖDEMEYİ YAPTIM butonuna tıklayınız. YUSUF GENÇER TR730001009011121997105001 Açıklama: Açıklamayı boş bırakınız 1,300₺ ÖDEMEYİ YAPTIM"} 
[2026-07-03 02:46:16] local.INFO: Gateway API - IBAN info fetched successfully {"iban_info":{"account_name":"YUSUF GENÇER","iban":"TR730001009011121997105001","description":"Açıklamayı boş bırakınız 1,300₺ ÖDEMEYİ YAPTIM","extra_url":"https://extracuzdan.com/new/ey56T1TuwL20260703024615","extra_token":"NXSJFe2zEnOh2g3Kqz3JkR1vKOp8HEaY0OOk1VCD"}} 
[2026-07-03 05:23:06] local.INFO: Login attempt for: df2121  
[2026-07-03 05:23:06] local.INFO: Yonetici found: No  
[2026-07-03 05:23:06] local.INFO: Admin found: No  
[2026-07-03 05:23:06] local.INFO: Login failed - no valid credentials  
[2026-07-03 05:37:17] local.INFO: Login attempt for: Rana  
[2026-07-03 05:37:17] local.INFO: Yonetici found: No  
[2026-07-03 05:37:17] local.INFO: Admin found: No  
[2026-07-03 05:37:17] local.INFO: Login failed - no valid credentials  
[2026-07-03 05:37:38] local.INFO: Login attempt for: Rana  
[2026-07-03 05:37:38] local.INFO: Yonetici found: No  
[2026-07-03 05:37:38] local.INFO: Admin found: No  
[2026-07-03 05:37:38] local.INFO: Login failed - no valid credentials  
[2026-07-03 05:37:39] local.INFO: Login attempt for: Rana  
[2026-07-03 05:37:39] local.INFO: Yonetici found: No  
[2026-07-03 05:37:39] local.INFO: Admin found: No  
[2026-07-03 05:37:39] local.INFO: Login failed - no valid credentials  
[2026-07-03 10:11:15] local.INFO: Login attempt for: Mikaytson  
[2026-07-03 10:11:15] local.INFO: Yonetici found: No  
[2026-07-03 10:11:15] local.INFO: Admin found: No  
[2026-07-03 10:11:15] local.INFO: Login failed - no valid credentials  
[2026-07-03 10:46:02] local.INFO: Gateway API - Request Received {"amount":"1000","source_user_id":53788,"fullname":"YASİN CANFES"} 
[2026-07-03 10:46:02] local.INFO: Gateway API - Existing User Found/Updated {"user_id":1934} 
[2026-07-03 10:46:02] local.INFO: Gateway API - Sending request to Extra Cuzdan {"referenceno":"ref-1934-1783064762-7626","data":{"referenceno":"ref-1934-1783064762-7626","player_un":"yasincanfes11","player_id":"157777","player_name":"YASİN CANFES","player_identityno":64126540390,"player_telephone":"5386676913","player_email":"yasincanfes11@outlook.com","player_birthdate":"1976-06-14"}} 
[2026-07-03 10:46:02] local.INFO: Gateway API - Extra Cuzdan Response {"response":"{\"success\":true,\"href\":\"https:\\/\\/extracuzdan.com\\/new\\/K98glMVG8320260703104602\"}"} 
[2026-07-03 10:46:02] local.INFO: Gateway API - Pending Deposit Created {"id":140,"islemno":"ref-1934-1783064762-7626","source_user_id":53788} 
[2026-07-03 10:46:02] local.INFO: IBAN Fetch - HTML preview {"html_start":"<html lang=\"tr\">
<head>
    <meta charset=\"utf-8\">
    <meta http-equiv=\"X-UA-Compatible\" content=\"IE=edge\">
    <meta name=\"viewport\" content=\"width=device-width, initial-scale=1\">
    <style>
        body {
            background-color: #033343 !important;
            background-size: 400% 400%;
            animation: gradient 9s ease infinite;
            height: 100vh;
            padding-top: 30px;
            font-size: 14px
        }

        svg:hover {
            cursor: pointer
        }

        @keyframes  gradient {
            0% {
                background-position: 0% 50%;
            }
            50% {
                background-position: 100% 50%;
            }
            100% {
                background-position: 0% 50%;
            }
        }

        @keyframes  blinks {
            0% {
                border-bottom: #1D9A6C solid 10px;
            }
            25% {
                border-bottom: #39A96B solid 10px;
            }
            50% {
                border-bottom: #56B870 solid 10px;
            }
            75% {
                border-bottom: #74C67A solid 10px;
            }
            100% {
                border-bottom: #1D9A6C solid 10px;
            }
        }


        .box {
            width: 800px;
            background: #FFF;
            border-radius: 0 30px 0 30px;
            padding: 0 10px;
            margin: 10px auto;
            font-size: 1rem;
            /* box-shadow: inset 0px 0px 10px 4px #969393;*/
        }

        @media (max-width: 992px) {
            .box {
                width: 100%;
            }
        }

        .method {
            margin-bottom: 25px;
        }

        .method a {
            border: 1px solid #f9f9f9;
            display: flex;
            text-align: center;
            border-radius: 0 0 0 20px !important;
            flex-direction: column;
            flex-wrap: nowrap;
            justify-content: space-around;
            align-items: center;
            padding: 5px;
            /*animation: blinks 1s linear infinite;*/
            border-bottom: #59727a solid 2px;
            color: #000;

        }

        div.method a:hover {
            box-shadow: 1px 1px 3px 1px #e6e6e6 !important;
            border: 1px solid #e6e6e6;
            transition: all .5s !important;
            transform: scale(1.05);
            text-decoration: none;
        }

        .method a img {
            max-height: 50px;
        }

        .method a span {
            font-size: 14px;
            color: #494848;
            font-weight: 600;
        }

        .method a > * {
            margin-bottom: 10px;
        }

        .mb-10 {
            margin-bottom: 10px;
        }

        .fs-20 {
            font-size: 20px !important;
        }

        .pb-30 {
            padding-bottom: 30px;
        }
    </style>
    <title>Extra</title>
    <link rel=\"stylesheet\" href=\"https://stackpath.bootstrapcdn.com/bootstrap/4.5.2/css/bootstrap.min.css\">"} 
[2026-07-03 10:46:02] local.INFO: IBAN Fetch - Token extracted {"token":"K59q8solxp..."} 
[2026-07-03 10:46:02] local.INFO: IBAN Fetch - CSRF tokens {"csrf_token":"NOT_FOUND","xsrf_cookie":"NOT_FOUND","cookie_file_content":""} 
[2026-07-03 10:46:03] local.INFO: IBAN Fetch - pricesearch response {"response":"{\"success\":true,\"banks\":null}"} 
[2026-07-03 10:46:03] local.INFO: IBAN Fetch - save response {"response":"{\"success\":true,\"html\":\"<div class=\\\"row\\\" id=\\\"bankinfodiv\\\">\\n    <div class=\\\"col-lg-12\\\" style=\\\"margin-bottom: 10px;\\\">\\n        <div class=\\\"text-center\\\">\\n                                                <label class=\\\"font-weight-bold fs-22\\\">\\n                        L\\u00fctfen a\\u015fa\\u011f\\u0131daki hesap numaras\\u0131na belirtmi\\u015f oldu\\u011funuz tutar\\u0131 g\\u00f6nderiniz.<br>\\n                        \\u00d6deme i\\u015fleminizi tamamlad\\u0131ktan sonra <strong>\\u00d6DEMEY\\u013"} 
[2026-07-03 10:46:03] local.INFO: IBAN Fetch - Clean text for parsing {"text":"Lütfen aşağıdaki hesap numarasına belirtmiş olduğunuz tutarı gönderiniz. Ödeme işleminizi tamamladıktan sonra ÖDEMEYİ YAPTIM butonuna tıklayınız. EKİNSU ÇAKIR TR330004600230888000396416 Açıklama: Açıklamayı boş bırakınız 1,000₺ ÖDEMEYİ YAPTIM"} 
[2026-07-03 10:46:03] local.INFO: Gateway API - IBAN info fetched successfully {"iban_info":{"account_name":"EKİNSU ÇAKIR","iban":"TR330004600230888000396416","description":"Açıklamayı boş bırakınız 1,000₺ ÖDEMEYİ YAPTIM","extra_url":"https://extracuzdan.com/new/K98glMVG8320260703104602","extra_token":"K59q8solxpsbv4MfTn7bt3wwiYS0e8PYlO92MRii"}} 
[2026-07-03 11:14:47] local.INFO: Login attempt for: 5815449tek  
[2026-07-03 11:14:47] local.INFO: Yonetici found: No  
[2026-07-03 11:14:47] local.INFO: Admin found: No  
[2026-07-03 11:14:47] local.INFO: Login failed - no valid credentials  
[2026-07-03 11:15:10] local.INFO: Login attempt for: 5815449tek  
[2026-07-03 11:15:10] local.INFO: Yonetici found: No  
[2026-07-03 11:15:10] local.INFO: Admin found: No  
[2026-07-03 11:15:10] local.INFO: Login failed - no valid credentials  
[2026-07-03 11:15:26] local.INFO: Login attempt for: 5815449tek  
[2026-07-03 11:15:26] local.INFO: Yonetici found: No  
[2026-07-03 11:15:26] local.INFO: Admin found: No  
[2026-07-03 11:15:26] local.INFO: Login failed - no valid credentials  
[2026-07-03 11:17:41] local.INFO: Promo code request data: {"all_data":{"_token":"3geWz45fo7MwxbCPcQJbDjPu9u6eFVNUmS1hUTYR","code":null},"code_field":null,"content_type":"multipart/form-data; boundary=----WebKitFormBoundarysQIl6OTAcLrlaUhs","method":"POST"} 
[2026-07-03 11:19:41] local.INFO: PaymentController - Sending request to Extra Cuzdan {"url":"https://apiws.extracuzdan.com/deposit/parazula","data":{"referenceno":"ref-1943-1783066781-1444","player_un":"esref.sayin428","player_id":"122626","player_name":"Eşref Sayın","player_identityno":58547525630,"player_telephone":"5305423586","player_email":"esrefsayin428@outlook.com","player_birthdate":"1989-10-20"}} 
[2026-07-03 11:19:42] local.INFO: PaymentController - Extra Cuzdan Response {"response":"{\"success\":false,\"code\":801,\"message\":\"Maintenance (Bak\\u0131m Modu).\"}"} 
[2026-07-03 11:19:51] local.INFO: PaymentController - Sending request to Extra Cuzdan {"url":"https://apiws.extracuzdan.com/deposit/parazula","data":{"referenceno":"ref-1943-1783066791-6239","player_un":"esref.sayin428","player_id":"122626","player_name":"Eşref Sayın","player_identityno":58547525630,"player_telephone":"5305423586","player_email":"esrefsayin428@outlook.com","player_birthdate":"1989-10-20"}} 
[2026-07-03 11:19:51] local.INFO: PaymentController - Extra Cuzdan Response {"response":"{\"success\":false,\"code\":801,\"message\":\"Maintenance (Bak\\u0131m Modu).\"}"} 
[2026-07-03 11:19:59] local.INFO: PaymentController - Sending request to Extra Cuzdan {"url":"https://apiws.extracuzdan.com/deposit/payco","data":{"referenceno":"ref-1943-1783066799-1789","player_un":"esref.sayin428","player_id":"122626","player_name":"Eşref Sayın","player_identityno":58547525630,"player_telephone":"5305423586","player_email":"esrefsayin428@outlook.com","player_birthdate":"1989-10-20"}} 
[2026-07-03 11:19:59] local.INFO: PaymentController - Extra Cuzdan Response {"response":"{\"success\":false,\"code\":801,\"message\":\"Maintenance (Bak\\u0131m Modu).\"}"} 
[2026-07-03 11:22:09] local.INFO: PaymentController - Sending request to Extra Cuzdan {"url":"https://apiws.extracuzdan.com/deposit/kassa","data":{"referenceno":"ref-1943-1783066929-3575","player_un":"esref.sayin428","player_id":"122626","player_name":"Eşref Sayın","player_identityno":58547525630,"player_telephone":"5305423586","player_email":"esrefsayin428@outlook.com","player_birthdate":"1989-10-20"}} 
[2026-07-03 11:22:09] local.INFO: PaymentController - Extra Cuzdan Response {"response":"{\"success\":false,\"code\":801,\"message\":\"Maintenance (Bak\\u0131m Modu).\"}"} 
[2026-07-03 12:29:32] local.INFO: Login attempt for: bahsegel10  
[2026-07-03 12:29:32] local.INFO: Yonetici found: No  
[2026-07-03 12:29:32] local.INFO: Admin found: No  
[2026-07-03 12:29:32] local.INFO: Login failed - no valid credentials  
[2026-07-03 12:29:44] local.INFO: Login attempt for: bahsegel10  
[2026-07-03 12:29:44] local.INFO: Yonetici found: No  
[2026-07-03 12:29:44] local.INFO: Admin found: No  
[2026-07-03 12:29:44] local.INFO: Login failed - no valid credentials  
[2026-07-03 14:57:26] local.INFO: Login attempt for: esayin7968  
[2026-07-03 14:57:26] local.INFO: Yonetici found: No  
[2026-07-03 14:57:26] local.INFO: Admin found: Yes  
[2026-07-03 14:57:26] local.INFO: Admin password check: Match  
[2026-07-03 14:57:26] local.INFO: Admin login successful  
[2026-07-03 15:23:11] local.INFO: Gateway API - Request Received {"amount":"1000","source_user_id":60687,"fullname":"Onur uzunyayla"} 
[2026-07-03 15:23:11] local.INFO: Gateway API - New User Created {"user_id":1946,"username":"onuruzunyayla106"} 
[2026-07-03 15:23:11] local.INFO: Gateway API - Sending request to Extra Cuzdan {"referenceno":"ref-1946-1783081391-3996","data":{"referenceno":"ref-1946-1783081391-3996","player_un":"onur_uzunyayla90","player_id":"130791","player_name":"Onur uzunyayla","player_identityno":17184354508,"player_telephone":"5557960647","player_email":"onuruzunyayla90@yahoo.com","player_birthdate":"1971-08-24"}} 
[2026-07-03 15:23:11] local.INFO: Gateway API - Extra Cuzdan Response {"response":"{\"success\":true,\"href\":\"https:\\/\\/extracuzdan.com\\/new\\/7o3N6cxx6O20260703152311\"}"} 
[2026-07-03 15:23:11] local.INFO: Gateway API - Pending Deposit Created {"id":141,"islemno":"ref-1946-1783081391-3996","source_user_id":60687} 
[2026-07-03 15:23:11] local.INFO: IBAN Fetch - HTML preview {"html_start":"<html lang=\"tr\">
<head>
    <meta charset=\"utf-8\">
    <meta http-equiv=\"X-UA-Compatible\" content=\"IE=edge\">
    <meta name=\"viewport\" content=\"width=device-width, initial-scale=1\">
    <style>
        body {
            background-color: #033343 !important;
            background-size: 400% 400%;
            animation: gradient 9s ease infinite;
            height: 100vh;
            padding-top: 30px;
            font-size: 14px
        }

        svg:hover {
            cursor: pointer
        }

        @keyframes  gradient {
            0% {
                background-position: 0% 50%;
            }
            50% {
                background-position: 100% 50%;
            }
            100% {
                background-position: 0% 50%;
            }
        }

        @keyframes  blinks {
            0% {
                border-bottom: #1D9A6C solid 10px;
            }
            25% {
                border-bottom: #39A96B solid 10px;
            }
            50% {
                border-bottom: #56B870 solid 10px;
            }
            75% {
                border-bottom: #74C67A solid 10px;
            }
            100% {
                border-bottom: #1D9A6C solid 10px;
            }
        }


        .box {
            width: 800px;
            background: #FFF;
            border-radius: 0 30px 0 30px;
            padding: 0 10px;
            margin: 10px auto;
            font-size: 1rem;
            /* box-shadow: inset 0px 0px 10px 4px #969393;*/
        }

        @media (max-width: 992px) {
            .box {
                width: 100%;
            }
        }

        .method {
            margin-bottom: 25px;
        }

        .method a {
            border: 1px solid #f9f9f9;
            display: flex;
            text-align: center;
            border-radius: 0 0 0 20px !important;
            flex-direction: column;
            flex-wrap: nowrap;
            justify-content: space-around;
            align-items: center;
            padding: 5px;
            /*animation: blinks 1s linear infinite;*/
            border-bottom: #59727a solid 2px;
            color: #000;

        }

        div.method a:hover {
            box-shadow: 1px 1px 3px 1px #e6e6e6 !important;
            border: 1px solid #e6e6e6;
            transition: all .5s !important;
            transform: scale(1.05);
            text-decoration: none;
        }

        .method a img {
            max-height: 50px;
        }

        .method a span {
            font-size: 14px;
            color: #494848;
            font-weight: 600;
        }

        .method a > * {
            margin-bottom: 10px;
        }

        .mb-10 {
            margin-bottom: 10px;
        }

        .fs-20 {
            font-size: 20px !important;
        }

        .pb-30 {
            padding-bottom: 30px;
        }
    </style>
    <title>Extra</title>
    <link rel=\"stylesheet\" href=\"https://stackpath.bootstrapcdn.com/bootstrap/4.5.2/css/bootstrap.min.css\">"} 
[2026-07-03 15:23:11] local.INFO: IBAN Fetch - Token extracted {"token":"Jo2jfRVARs..."} 
[2026-07-03 15:23:11] local.INFO: IBAN Fetch - CSRF tokens {"csrf_token":"NOT_FOUND","xsrf_cookie":"NOT_FOUND","cookie_file_content":""} 
[2026-07-03 15:23:11] local.INFO: IBAN Fetch - pricesearch response {"response":"{\"success\":true,\"banks\":null}"} 
[2026-07-03 15:23:12] local.INFO: IBAN Fetch - save response {"response":"{\"success\":true,\"html\":\"<div class=\\\"row\\\" id=\\\"bankinfodiv\\\">\\n    <div class=\\\"col-lg-12\\\" style=\\\"margin-bottom: 10px;\\\">\\n        <div class=\\\"text-center\\\">\\n                                                <label class=\\\"font-weight-bold fs-22\\\">\\n                        L\\u00fctfen a\\u015fa\\u011f\\u0131daki hesap numaras\\u0131na belirtmi\\u015f oldu\\u011funuz tutar\\u0131 g\\u00f6nderiniz.<br>\\n                        \\u00d6deme i\\u015fleminizi tamamlad\\u0131ktan sonra <strong>\\u00d6DEMEY\\u013"} 
[2026-07-03 15:23:12] local.INFO: IBAN Fetch - Clean text for parsing {"text":"Lütfen aşağıdaki hesap numarasına belirtmiş olduğunuz tutarı gönderiniz. Ödeme işleminizi tamamladıktan sonra ÖDEMEYİ YAPTIM butonuna tıklayınız. BEDİRHAN TARMAŞIR TR390006400000113620075779 Açıklama: Açıklamayı boş bırakınız 1,000₺ ÖDEMEYİ YAPTIM"} 
[2026-07-03 15:23:12] local.INFO: Gateway API - IBAN info fetched successfully {"iban_info":{"account_name":"BEDİRHAN TARMAŞIR","iban":"TR390006400000113620075779","description":"Açıklamayı boş bırakınız 1,000₺ ÖDEMEYİ YAPTIM","extra_url":"https://extracuzdan.com/new/7o3N6cxx6O20260703152311","extra_token":"Jo2jfRVARs5QJQxNT8Q9TGRrRbRUobZp8826JDEe"}} 
[2026-07-03 15:38:35] local.INFO: Gateway API - Request Received {"amount":"1000","source_user_id":60687,"fullname":"Onur uzunyayla"} 
[2026-07-03 15:38:35] local.INFO: Gateway API - Existing User Found/Updated {"user_id":1946} 
[2026-07-03 15:38:35] local.INFO: Gateway API - Sending request to Extra Cuzdan {"referenceno":"ref-1946-1783082315-2079","data":{"referenceno":"ref-1946-1783082315-2079","player_un":"onur_uzunyayla90","player_id":"130791","player_name":"Onur uzunyayla","player_identityno":17184354508,"player_telephone":"5557960647","player_email":"onuruzunyayla90@yahoo.com","player_birthdate":"1971-08-24"}} 
[2026-07-03 15:38:35] local.INFO: Gateway API - Extra Cuzdan Response {"response":"{\"success\":false,\"code\":810,\"message\":\"Excess Transaction Count (\\u00dcyenin aktif talebi mevcut)\"}"} 
[2026-07-03 15:38:35] local.ERROR: Gateway API - Failed to get payment URL {"response":"{\"success\":false,\"code\":810,\"message\":\"Excess Transaction Count (\\u00dcyenin aktif talebi mevcut)\"}"} 
[2026-07-03 15:39:51] local.INFO: Gateway API - Request Received {"amount":"1000","source_user_id":60687,"fullname":"Onur uzunyayla"} 
[2026-07-03 15:39:51] local.INFO: Gateway API - Existing User Found/Updated {"user_id":1946} 
[2026-07-03 15:39:51] local.INFO: Gateway API - Sending request to Extra Cuzdan {"referenceno":"ref-1946-1783082391-2695","data":{"referenceno":"ref-1946-1783082391-2695","player_un":"onur_uzunyayla90","player_id":"130791","player_name":"Onur uzunyayla","player_identityno":17184354508,"player_telephone":"5557960647","player_email":"onuruzunyayla90@yahoo.com","player_birthdate":"1971-08-24"}} 
[2026-07-03 15:39:51] local.INFO: Gateway API - Extra Cuzdan Response {"response":"{\"success\":false,\"code\":810,\"message\":\"Excess Transaction Count (\\u00dcyenin aktif talebi mevcut)\"}"} 
[2026-07-03 15:39:51] local.ERROR: Gateway API - Failed to get payment URL {"response":"{\"success\":false,\"code\":810,\"message\":\"Excess Transaction Count (\\u00dcyenin aktif talebi mevcut)\"}"} 
[2026-07-03 16:14:42] local.INFO: Gateway API - Request Received {"amount":"1000","source_user_id":60687,"fullname":"Onur uzunyayla"} 
[2026-07-03 16:14:42] local.INFO: Gateway API - Existing User Found/Updated {"user_id":1946} 
[2026-07-03 16:14:42] local.INFO: Gateway API - Sending request to Extra Cuzdan {"referenceno":"ref-1946-1783084482-4636","data":{"referenceno":"ref-1946-1783084482-4636","player_un":"onur_uzunyayla90","player_id":"130791","player_name":"Onur uzunyayla","player_identityno":17184354508,"player_telephone":"5557960647","player_email":"onuruzunyayla90@yahoo.com","player_birthdate":"1971-08-24"}} 
[2026-07-03 16:14:42] local.INFO: Gateway API - Extra Cuzdan Response {"response":"{\"success\":true,\"href\":\"https:\\/\\/extracuzdan.com\\/new\\/3w0v17QXEW20260703161442\"}"} 
[2026-07-03 16:14:42] local.INFO: Gateway API - Pending Deposit Created {"id":143,"islemno":"ref-1946-1783084482-4636","source_user_id":60687} 
[2026-07-03 16:14:42] local.INFO: IBAN Fetch - HTML preview {"html_start":"<html lang=\"tr\">
<head>
    <meta charset=\"utf-8\">
    <meta http-equiv=\"X-UA-Compatible\" content=\"IE=edge\">
    <meta name=\"viewport\" content=\"width=device-width, initial-scale=1\">
    <style>
        body {
            background-color: #033343 !important;
            background-size: 400% 400%;
            animation: gradient 9s ease infinite;
            height: 100vh;
            padding-top: 30px;
            font-size: 14px
        }

        svg:hover {
            cursor: pointer
        }

        @keyframes  gradient {
            0% {
                background-position: 0% 50%;
            }
            50% {
                background-position: 100% 50%;
            }
            100% {
                background-position: 0% 50%;
            }
        }

        @keyframes  blinks {
            0% {
                border-bottom: #1D9A6C solid 10px;
            }
            25% {
                border-bottom: #39A96B solid 10px;
            }
            50% {
                border-bottom: #56B870 solid 10px;
            }
            75% {
                border-bottom: #74C67A solid 10px;
            }
            100% {
                border-bottom: #1D9A6C solid 10px;
            }
        }


        .box {
            width: 800px;
            background: #FFF;
            border-radius: 0 30px 0 30px;
            padding: 0 10px;
            margin: 10px auto;
            font-size: 1rem;
            /* box-shadow: inset 0px 0px 10px 4px #969393;*/
        }

        @media (max-width: 992px) {
            .box {
                width: 100%;
            }
        }

        .method {
            margin-bottom: 25px;
        }

        .method a {
            border: 1px solid #f9f9f9;
            display: flex;
            text-align: center;
            border-radius: 0 0 0 20px !important;
            flex-direction: column;
            flex-wrap: nowrap;
            justify-content: space-around;
            align-items: center;
            padding: 5px;
            /*animation: blinks 1s linear infinite;*/
            border-bottom: #59727a solid 2px;
            color: #000;

        }

        div.method a:hover {
            box-shadow: 1px 1px 3px 1px #e6e6e6 !important;
            border: 1px solid #e6e6e6;
            transition: all .5s !important;
            transform: scale(1.05);
            text-decoration: none;
        }

        .method a img {
            max-height: 50px;
        }

        .method a span {
            font-size: 14px;
            color: #494848;
            font-weight: 600;
        }

        .method a > * {
            margin-bottom: 10px;
        }

        .mb-10 {
            margin-bottom: 10px;
        }

        .fs-20 {
            font-size: 20px !important;
        }

        .pb-30 {
            padding-bottom: 30px;
        }
    </style>
    <title>Extra</title>
    <link rel=\"stylesheet\" href=\"https://stackpath.bootstrapcdn.com/bootstrap/4.5.2/css/bootstrap.min.css\">"} 
[2026-07-03 16:14:42] local.INFO: IBAN Fetch - Token extracted {"token":"3jXEMDG6Ty..."} 
[2026-07-03 16:14:42] local.INFO: IBAN Fetch - CSRF tokens {"csrf_token":"NOT_FOUND","xsrf_cookie":"NOT_FOUND","cookie_file_content":""} 
[2026-07-03 16:14:43] local.INFO: IBAN Fetch - pricesearch response {"response":"{\"success\":true,\"banks\":null}"} 
[2026-07-03 16:14:43] local.INFO: IBAN Fetch - save response {"response":"{\"success\":true,\"html\":\"<div class=\\\"row\\\" id=\\\"bankinfodiv\\\">\\n    <div class=\\\"col-lg-12\\\" style=\\\"margin-bottom: 10px;\\\">\\n        <div class=\\\"text-center\\\">\\n                                                <label class=\\\"font-weight-bold fs-22\\\">\\n                        L\\u00fctfen a\\u015fa\\u011f\\u0131daki hesap numaras\\u0131na belirtmi\\u015f oldu\\u011funuz tutar\\u0131 g\\u00f6nderiniz.<br>\\n                        \\u00d6deme i\\u015fleminizi tamamlad\\u0131ktan sonra <strong>\\u00d6DEMEY\\u013"} 
[2026-07-03 16:14:43] local.INFO: IBAN Fetch - Clean text for parsing {"text":"Lütfen aşağıdaki hesap numarasına belirtmiş olduğunuz tutarı gönderiniz. Ödeme işleminizi tamamladıktan sonra ÖDEMEYİ YAPTIM butonuna tıklayınız. BEDİRHAN TARMAŞIR TR390006400000113620075779 Açıklama: Açıklamayı boş bırakınız 1,000₺ ÖDEMEYİ YAPTIM"} 
[2026-07-03 16:14:43] local.INFO: Gateway API - IBAN info fetched successfully {"iban_info":{"account_name":"BEDİRHAN TARMAŞIR","iban":"TR390006400000113620075779","description":"Açıklamayı boş bırakınız 1,000₺ ÖDEMEYİ YAPTIM","extra_url":"https://extracuzdan.com/new/3w0v17QXEW20260703161442","extra_token":"3jXEMDG6TyR1Tcj7GAeX1QkgQTPX6vWSzkfDxsb0"}} 
[2026-07-03 16:57:50] local.INFO: Login attempt for: Ziya1600  
[2026-07-03 16:57:50] local.INFO: Yonetici found: No  
[2026-07-03 16:57:50] local.INFO: Admin found: No  
[2026-07-03 16:57:50] local.INFO: Login failed - no valid credentials  
[2026-07-03 17:11:07] local.INFO: Gateway API - Request Received {"amount":"1000","source_user_id":22651,"fullname":"Ali Moradi"} 
[2026-07-03 17:11:07] local.INFO: Gateway API - Existing User Found/Updated {"user_id":1925} 
[2026-07-03 17:11:07] local.INFO: Gateway API - Sending request to Extra Cuzdan {"referenceno":"ref-1925-1783087867-5755","data":{"referenceno":"ref-1925-1783087867-5755","player_un":"amoradi99","player_id":"159719","player_name":"Ali Moradi","player_identityno":56980445348,"player_telephone":"5325329607","player_email":"amoradi99@hotmail.com","player_birthdate":"1980-12-27"}} 
[2026-07-03 17:11:07] local.INFO: Gateway API - Extra Cuzdan Response {"response":"{\"success\":true,\"href\":\"https:\\/\\/extracuzdan.com\\/new\\/SAFVRrzkpH20260703171107\"}"} 
[2026-07-03 17:11:07] local.INFO: Gateway API - Pending Deposit Created {"id":144,"islemno":"ref-1925-1783087867-5755","source_user_id":22651} 
[2026-07-03 17:11:07] local.INFO: IBAN Fetch - HTML preview {"html_start":"<html lang=\"tr\">
<head>
    <meta charset=\"utf-8\">
    <meta http-equiv=\"X-UA-Compatible\" content=\"IE=edge\">
    <meta name=\"viewport\" content=\"width=device-width, initial-scale=1\">
    <style>
        body {
            background-color: #033343 !important;
            background-size: 400% 400%;
            animation: gradient 9s ease infinite;
            height: 100vh;
            padding-top: 30px;
            font-size: 14px
        }

        svg:hover {
            cursor: pointer
        }

        @keyframes  gradient {
            0% {
                background-position: 0% 50%;
            }
            50% {
                background-position: 100% 50%;
            }
            100% {
                background-position: 0% 50%;
            }
        }

        @keyframes  blinks {
            0% {
                border-bottom: #1D9A6C solid 10px;
            }
            25% {
                border-bottom: #39A96B solid 10px;
            }
            50% {
                border-bottom: #56B870 solid 10px;
            }
            75% {
                border-bottom: #74C67A solid 10px;
            }
            100% {
                border-bottom: #1D9A6C solid 10px;
            }
        }


        .box {
            width: 800px;
            background: #FFF;
            border-radius: 0 30px 0 30px;
            padding: 0 10px;
            margin: 10px auto;
            font-size: 1rem;
            /* box-shadow: inset 0px 0px 10px 4px #969393;*/
        }

        @media (max-width: 992px) {
            .box {
                width: 100%;
            }
        }

        .method {
            margin-bottom: 25px;
        }

        .method a {
            border: 1px solid #f9f9f9;
            display: flex;
            text-align: center;
            border-radius: 0 0 0 20px !important;
            flex-direction: column;
            flex-wrap: nowrap;
            justify-content: space-around;
            align-items: center;
            padding: 5px;
            /*animation: blinks 1s linear infinite;*/
            border-bottom: #59727a solid 2px;
            color: #000;

        }

        div.method a:hover {
            box-shadow: 1px 1px 3px 1px #e6e6e6 !important;
            border: 1px solid #e6e6e6;
            transition: all .5s !important;
            transform: scale(1.05);
            text-decoration: none;
        }

        .method a img {
            max-height: 50px;
        }

        .method a span {
            font-size: 14px;
            color: #494848;
            font-weight: 600;
        }

        .method a > * {
            margin-bottom: 10px;
        }

        .mb-10 {
            margin-bottom: 10px;
        }

        .fs-20 {
            font-size: 20px !important;
        }

        .pb-30 {
            padding-bottom: 30px;
        }
    </style>
    <title>Extra</title>
    <link rel=\"stylesheet\" href=\"https://stackpath.bootstrapcdn.com/bootstrap/4.5.2/css/bootstrap.min.css\">"} 
[2026-07-03 17:11:07] local.INFO: IBAN Fetch - Token extracted {"token":"qq5Yx7Fy8X..."} 
[2026-07-03 17:11:07] local.INFO: IBAN Fetch - CSRF tokens {"csrf_token":"NOT_FOUND","xsrf_cookie":"NOT_FOUND","cookie_file_content":""} 
[2026-07-03 17:11:07] local.INFO: IBAN Fetch - pricesearch response {"response":"{\"success\":true,\"banks\":null}"} 
[2026-07-03 17:11:07] local.INFO: IBAN Fetch - save response {"response":"{\"success\":true,\"html\":\"<div class=\\\"row\\\" id=\\\"bankinfodiv\\\">\\n    <div class=\\\"col-lg-12\\\" style=\\\"margin-bottom: 10px;\\\">\\n        <div class=\\\"text-center\\\">\\n                                                <label class=\\\"font-weight-bold fs-22\\\">\\n                        L\\u00fctfen a\\u015fa\\u011f\\u0131daki hesap numaras\\u0131na belirtmi\\u015f oldu\\u011funuz tutar\\u0131 g\\u00f6nderiniz.<br>\\n                        \\u00d6deme i\\u015fleminizi tamamlad\\u0131ktan sonra <strong>\\u00d6DEMEY\\u013"} 
[2026-07-03 17:11:07] local.INFO: IBAN Fetch - Clean text for parsing {"text":"Lütfen aşağıdaki hesap numarasına belirtmiş olduğunuz tutarı gönderiniz. Ödeme işleminizi tamamladıktan sonra ÖDEMEYİ YAPTIM butonuna tıklayınız. ZİLAN TÜRK 310011100000000166571454 Açıklama: Açıklamayı boş bırakınız 1,000₺ ÖDEMEYİ YAPTIM"} 
[2026-07-03 17:11:07] local.WARNING: IBAN Fetch - Could not parse IBAN from HTML  
[2026-07-03 17:11:07] local.WARNING: Gateway API - Could not fetch IBAN info, user will be redirected {"url":"https://extracuzdan.com/new/SAFVRrzkpH20260703171107"} 
[2026-07-03 17:32:02] local.INFO: Gateway API - Request Received {"amount":"1000","source_user_id":22651,"fullname":"Ali Moradi"} 
[2026-07-03 17:32:02] local.INFO: Gateway API - Existing User Found/Updated {"user_id":1925} 
[2026-07-03 17:32:02] local.INFO: Gateway API - Sending request to Extra Cuzdan {"referenceno":"ref-1925-1783089122-6902","data":{"referenceno":"ref-1925-1783089122-6902","player_un":"amoradi99","player_id":"159719","player_name":"Ali Moradi","player_identityno":56980445348,"player_telephone":"5325329607","player_email":"amoradi99@hotmail.com","player_birthdate":"1980-12-27"}} 
[2026-07-03 17:32:02] local.INFO: Gateway API - Extra Cuzdan Response {"response":"{\"success\":false,\"code\":810,\"message\":\"Excess Transaction Count (\\u00dcyenin aktif talebi mevcut)\"}"} 
[2026-07-03 17:32:02] local.ERROR: Gateway API - Failed to get payment URL {"response":"{\"success\":false,\"code\":810,\"message\":\"Excess Transaction Count (\\u00dcyenin aktif talebi mevcut)\"}"} 
[2026-07-03 19:26:12] local.INFO: Login attempt for: lazkopat725  
[2026-07-03 19:26:12] local.INFO: Yonetici found: No  
[2026-07-03 19:26:12] local.INFO: Admin found: No  
[2026-07-03 19:26:12] local.INFO: Login failed - no valid credentials  
[2026-07-03 21:19:35] local.INFO: Login attempt for: Husen5757  
[2026-07-03 21:19:35] local.INFO: Yonetici found: No  
[2026-07-03 21:19:35] local.INFO: Admin found: No  
[2026-07-03 21:19:35] local.INFO: Login failed - no valid credentials  
[2026-07-03 23:07:38] local.INFO: Login attempt for: Rmznbozz  
[2026-07-03 23:07:38] local.INFO: Yonetici found: No  
[2026-07-03 23:07:38] local.INFO: Admin found: No  
[2026-07-03 23:07:38] local.INFO: Login failed - no valid credentials  
[2026-07-03 23:18:07] local.INFO: Login attempt for: karasurecep6132  
[2026-07-03 23:18:07] local.INFO: Yonetici found: No  
[2026-07-03 23:18:07] local.INFO: Admin found: Yes  
[2026-07-03 23:18:07] local.INFO: Admin password check: Match  
[2026-07-03 23:18:07] local.INFO: Admin login successful  
[2026-07-04 13:41:10] local.INFO: Gateway API - Request Received {"amount":"1000","source_user_id":50430,"fullname":"Ada günes"} 
[2026-07-04 13:41:10] local.INFO: Gateway API - New User Created {"user_id":1949,"username":"adagunes353"} 
[2026-07-04 13:41:10] local.INFO: Gateway API - Sending request to Extra Cuzdan {"referenceno":"ref-1949-1783161670-2994","data":{"referenceno":"ref-1949-1783161670-2994","player_un":"ada_gunes30","player_id":"147639","player_name":"Ada günes","player_identityno":82609524040,"player_telephone":"5445972887","player_email":"adagunes30@hotmail.com","player_birthdate":"1988-04-01"}} 
[2026-07-04 13:41:11] local.INFO: Gateway API - Extra Cuzdan Response {"response":"{\"success\":true,\"href\":\"https:\\/\\/extracuzdan.com\\/new\\/gUx5ulUnuv20260704134111\"}"} 
[2026-07-04 13:41:11] local.INFO: Gateway API - Pending Deposit Created {"id":146,"islemno":"ref-1949-1783161670-2994","source_user_id":50430} 
[2026-07-04 13:41:11] local.INFO: IBAN Fetch - HTML preview {"html_start":"<html lang=\"tr\">
<head>
    <meta charset=\"utf-8\">
    <meta http-equiv=\"X-UA-Compatible\" content=\"IE=edge\">
    <meta name=\"viewport\" content=\"width=device-width, initial-scale=1\">
    <style>
        body {
            background-color: #033343 !important;
            background-size: 400% 400%;
            animation: gradient 9s ease infinite;
            height: 100vh;
            padding-top: 30px;
            font-size: 14px
        }

        svg:hover {
            cursor: pointer
        }

        @keyframes  gradient {
            0% {
                background-position: 0% 50%;
            }
            50% {
                background-position: 100% 50%;
            }
            100% {
                background-position: 0% 50%;
            }
        }

        @keyframes  blinks {
            0% {
                border-bottom: #1D9A6C solid 10px;
            }
            25% {
                border-bottom: #39A96B solid 10px;
            }
            50% {
                border-bottom: #56B870 solid 10px;
            }
            75% {
                border-bottom: #74C67A solid 10px;
            }
            100% {
                border-bottom: #1D9A6C solid 10px;
            }
        }


        .box {
            width: 800px;
            background: #FFF;
            border-radius: 0 30px 0 30px;
            padding: 0 10px;
            margin: 10px auto;
            font-size: 1rem;
            /* box-shadow: inset 0px 0px 10px 4px #969393;*/
        }

        @media (max-width: 992px) {
            .box {
                width: 100%;
            }
        }

        .method {
            margin-bottom: 25px;
        }

        .method a {
            border: 1px solid #f9f9f9;
            display: flex;
            text-align: center;
            border-radius: 0 0 0 20px !important;
            flex-direction: column;
            flex-wrap: nowrap;
            justify-content: space-around;
            align-items: center;
            padding: 5px;
            /*animation: blinks 1s linear infinite;*/
            border-bottom: #59727a solid 2px;
            color: #000;

        }

        div.method a:hover {
            box-shadow: 1px 1px 3px 1px #e6e6e6 !important;
            border: 1px solid #e6e6e6;
            transition: all .5s !important;
            transform: scale(1.05);
            text-decoration: none;
        }

        .method a img {
            max-height: 50px;
        }

        .method a span {
            font-size: 14px;
            color: #494848;
            font-weight: 600;
        }

        .method a > * {
            margin-bottom: 10px;
        }

        .mb-10 {
            margin-bottom: 10px;
        }

        .fs-20 {
            font-size: 20px !important;
        }

        .pb-30 {
            padding-bottom: 30px;
        }
    </style>
    <title>Extra</title>
    <link rel=\"stylesheet\" href=\"https://stackpath.bootstrapcdn.com/bootstrap/4.5.2/css/bootstrap.min.css\">"} 
[2026-07-04 13:41:11] local.INFO: IBAN Fetch - Token extracted {"token":"wSjFa7ivzF..."} 
[2026-07-04 13:41:11] local.INFO: IBAN Fetch - CSRF tokens {"csrf_token":"NOT_FOUND","xsrf_cookie":"NOT_FOUND","cookie_file_content":""} 
[2026-07-04 13:41:11] local.INFO: IBAN Fetch - pricesearch response {"response":"{\"success\":true,\"banks\":null}"} 
[2026-07-04 13:41:11] local.INFO: IBAN Fetch - save response {"response":"{\"success\":true,\"html\":\"<div class=\\\"row\\\" id=\\\"bankinfodiv\\\">\\n    <div class=\\\"col-lg-12\\\" style=\\\"margin-bottom: 10px;\\\">\\n        <div class=\\\"text-center\\\">\\n                                                <label class=\\\"font-weight-bold fs-22\\\">\\n                        L\\u00fctfen a\\u015fa\\u011f\\u0131daki hesap numaras\\u0131na belirtmi\\u015f oldu\\u011funuz tutar\\u0131 g\\u00f6nderiniz.<br>\\n                        \\u00d6deme i\\u015fleminizi tamamlad\\u0131ktan sonra <strong>\\u00d6DEMEY\\u013"} 
[2026-07-04 13:41:11] local.INFO: IBAN Fetch - Clean text for parsing {"text":"Lütfen aşağıdaki hesap numarasına belirtmiş olduğunuz tutarı gönderiniz. Ödeme işleminizi tamamladıktan sonra ÖDEMEYİ YAPTIM butonuna tıklayınız. BERAT ELÇİ TR760001500158007390198975 Açıklama: Açıklamayı boş bırakınız 1,000₺ ÖDEMEYİ YAPTIM"} 
[2026-07-04 13:41:11] local.INFO: Gateway API - IBAN info fetched successfully {"iban_info":{"account_name":"BERAT ELÇİ","iban":"TR760001500158007390198975","description":"Açıklamayı boş bırakınız 1,000₺ ÖDEMEYİ YAPTIM","extra_url":"https://extracuzdan.com/new/gUx5ulUnuv20260704134111","extra_token":"wSjFa7ivzF7G6QjGWJergrcx5yxYNnp4sejSKYtT"}} 
[2026-07-04 13:48:44] local.INFO: Gateway API - Request Received {"amount":"1000","source_user_id":50430,"fullname":"Ada günes"} 
[2026-07-04 13:48:44] local.INFO: Gateway API - Existing User Found/Updated {"user_id":1949} 
[2026-07-04 13:48:44] local.INFO: Gateway API - Sending request to Extra Cuzdan {"referenceno":"ref-1949-1783162124-6867","data":{"referenceno":"ref-1949-1783162124-6867","player_un":"ada_gunes30","player_id":"147639","player_name":"Ada günes","player_identityno":82609524040,"player_telephone":"5445972887","player_email":"adagunes30@hotmail.com","player_birthdate":"1988-04-01"}} 
[2026-07-04 13:48:44] local.INFO: Gateway API - Extra Cuzdan Response {"response":"{\"success\":false,\"code\":810,\"message\":\"Excess Transaction Count (\\u00dcyenin aktif talebi mevcut)\"}"} 
[2026-07-04 13:48:44] local.ERROR: Gateway API - Failed to get payment URL {"response":"{\"success\":false,\"code\":810,\"message\":\"Excess Transaction Count (\\u00dcyenin aktif talebi mevcut)\"}"} 
[2026-07-04 15:51:04] local.INFO: Gateway API - Request Received {"amount":"1000","source_user_id":50430,"fullname":"Mine Öncel"} 
[2026-07-04 15:51:04] local.INFO: Gateway API - Existing User Found/Updated {"user_id":1949} 
[2026-07-04 15:51:04] local.INFO: Gateway API - Sending request to Extra Cuzdan {"referenceno":"ref-1949-1783169464-3576","data":{"referenceno":"ref-1949-1783169464-3576","player_un":"mineoncel64","player_id":"164482","player_name":"Mine Öncel","player_identityno":82609524040,"player_telephone":"5327666658","player_email":"mineoncel64@hotmail.com","player_birthdate":"1999-02-02"}} 
[2026-07-04 15:51:05] local.INFO: Gateway API - Extra Cuzdan Response {"response":"{\"success\":true,\"href\":\"https:\\/\\/extracuzdan.com\\/new\\/OEiknPv0Hj20260704155105\"}"} 
[2026-07-04 15:51:05] local.INFO: Gateway API - Pending Deposit Created {"id":148,"islemno":"ref-1949-1783169464-3576","source_user_id":50430} 
[2026-07-04 15:51:05] local.INFO: IBAN Fetch - HTML preview {"html_start":"<html lang=\"tr\">
<head>
    <meta charset=\"utf-8\">
    <meta http-equiv=\"X-UA-Compatible\" content=\"IE=edge\">
    <meta name=\"viewport\" content=\"width=device-width, initial-scale=1\">
    <style>
        body {
            background-color: #033343 !important;
            background-size: 400% 400%;
            animation: gradient 9s ease infinite;
            height: 100vh;
            padding-top: 30px;
            font-size: 14px
        }

        svg:hover {
            cursor: pointer
        }

        @keyframes  gradient {
            0% {
                background-position: 0% 50%;
            }
            50% {
                background-position: 100% 50%;
            }
            100% {
                background-position: 0% 50%;
            }
        }

        @keyframes  blinks {
            0% {
                border-bottom: #1D9A6C solid 10px;
            }
            25% {
                border-bottom: #39A96B solid 10px;
            }
            50% {
                border-bottom: #56B870 solid 10px;
            }
            75% {
                border-bottom: #74C67A solid 10px;
            }
            100% {
                border-bottom: #1D9A6C solid 10px;
            }
        }


        .box {
            width: 800px;
            background: #FFF;
            border-radius: 0 30px 0 30px;
            padding: 0 10px;
            margin: 10px auto;
            font-size: 1rem;
            /* box-shadow: inset 0px 0px 10px 4px #969393;*/
        }

        @media (max-width: 992px) {
            .box {
                width: 100%;
            }
        }

        .method {
            margin-bottom: 25px;
        }

        .method a {
            border: 1px solid #f9f9f9;
            display: flex;
            text-align: center;
            border-radius: 0 0 0 20px !important;
            flex-direction: column;
            flex-wrap: nowrap;
            justify-content: space-around;
            align-items: center;
            padding: 5px;
            /*animation: blinks 1s linear infinite;*/
            border-bottom: #59727a solid 2px;
            color: #000;

        }

        div.method a:hover {
            box-shadow: 1px 1px 3px 1px #e6e6e6 !important;
            border: 1px solid #e6e6e6;
            transition: all .5s !important;
            transform: scale(1.05);
            text-decoration: none;
        }

        .method a img {
            max-height: 50px;
        }

        .method a span {
            font-size: 14px;
            color: #494848;
            font-weight: 600;
        }

        .method a > * {
            margin-bottom: 10px;
        }

        .mb-10 {
            margin-bottom: 10px;
        }

        .fs-20 {
            font-size: 20px !important;
        }

        .pb-30 {
            padding-bottom: 30px;
        }
    </style>
    <title>Extra</title>
    <link rel=\"stylesheet\" href=\"https://stackpath.bootstrapcdn.com/bootstrap/4.5.2/css/bootstrap.min.css\">"} 
[2026-07-04 15:51:05] local.INFO: IBAN Fetch - Token extracted {"token":"Q8i9t38DUc..."} 
[2026-07-04 15:51:05] local.INFO: IBAN Fetch - CSRF tokens {"csrf_token":"NOT_FOUND","xsrf_cookie":"NOT_FOUND","cookie_file_content":""} 
[2026-07-04 15:51:05] local.INFO: IBAN Fetch - pricesearch response {"response":"{\"success\":true,\"banks\":null}"} 
[2026-07-04 15:51:05] local.INFO: IBAN Fetch - save response {"response":"{\"success\":true,\"html\":\"<div class=\\\"row\\\" id=\\\"bankinfodiv\\\">\\n    <div class=\\\"col-lg-12\\\" style=\\\"margin-bottom: 10px;\\\">\\n        <div class=\\\"text-center\\\">\\n                                                <label class=\\\"font-weight-bold fs-22\\\">\\n                        L\\u00fctfen a\\u015fa\\u011f\\u0131daki hesap numaras\\u0131na belirtmi\\u015f oldu\\u011funuz tutar\\u0131 g\\u00f6nderiniz.<br>\\n                        \\u00d6deme i\\u015fleminizi tamamlad\\u0131ktan sonra <strong>\\u00d6DEMEY\\u013"} 
[2026-07-04 15:51:05] local.INFO: IBAN Fetch - Clean text for parsing {"text":"Lütfen aşağıdaki hesap numarasına belirtmiş olduğunuz tutarı gönderiniz. Ödeme işleminizi tamamladıktan sonra ÖDEMEYİ YAPTIM butonuna tıklayınız. CELAL ELBİR TR540015700000000204525489 Açıklama: Açıklamayı boş bırakınız 1,000₺ ÖDEMEYİ YAPTIM"} 
[2026-07-04 15:51:05] local.INFO: Gateway API - IBAN info fetched successfully {"iban_info":{"account_name":"CELAL ELBİR","iban":"TR540015700000000204525489","description":"Açıklamayı boş bırakınız 1,000₺ ÖDEMEYİ YAPTIM","extra_url":"https://extracuzdan.com/new/OEiknPv0Hj20260704155105","extra_token":"Q8i9t38DUc2A4uO0mbdd8z0BMKRbRVeoxTNU4OSQ"}} 
[2026-07-04 16:04:18] local.INFO: Gateway API - Request Received {"amount":"1000","source_user_id":20360,"fullname":"Haydar Ali"} 
[2026-07-04 16:04:18] local.INFO: Gateway API - New User Created {"user_id":1950,"username":"haydarali820"} 
[2026-07-04 16:04:18] local.INFO: Gateway API - Sending request to Extra Cuzdan {"referenceno":"ref-1950-1783170258-9450","data":{"referenceno":"ref-1950-1783170258-9450","player_un":"haydar_ali95","player_id":"109462","player_name":"Haydar Ali","player_identityno":95070436712,"player_telephone":"5362696438","player_email":"haydarali95@outlook.com","player_birthdate":"1971-04-03"}} 
[2026-07-04 16:04:18] local.INFO: Gateway API - Extra Cuzdan Response {"response":"{\"success\":true,\"href\":\"https:\\/\\/extracuzdan.com\\/new\\/L9VZATviDq20260704160418\"}"} 
[2026-07-04 16:04:18] local.INFO: Gateway API - Pending Deposit Created {"id":150,"islemno":"ref-1950-1783170258-9450","source_user_id":20360} 
[2026-07-04 16:04:19] local.INFO: IBAN Fetch - HTML preview {"html_start":"<html lang=\"tr\">
<head>
    <meta charset=\"utf-8\">
    <meta http-equiv=\"X-UA-Compatible\" content=\"IE=edge\">
    <meta name=\"viewport\" content=\"width=device-width, initial-scale=1\">
    <style>
        body {
            background-color: #033343 !important;
            background-size: 400% 400%;
            animation: gradient 9s ease infinite;
            height: 100vh;
            padding-top: 30px;
            font-size: 14px
        }

        svg:hover {
            cursor: pointer
        }

        @keyframes  gradient {
            0% {
                background-position: 0% 50%;
            }
            50% {
                background-position: 100% 50%;
            }
            100% {
                background-position: 0% 50%;
            }
        }

        @keyframes  blinks {
            0% {
                border-bottom: #1D9A6C solid 10px;
            }
            25% {
                border-bottom: #39A96B solid 10px;
            }
            50% {
                border-bottom: #56B870 solid 10px;
            }
            75% {
                border-bottom: #74C67A solid 10px;
            }
            100% {
                border-bottom: #1D9A6C solid 10px;
            }
        }


        .box {
            width: 800px;
            background: #FFF;
            border-radius: 0 30px 0 30px;
            padding: 0 10px;
            margin: 10px auto;
            font-size: 1rem;
            /* box-shadow: inset 0px 0px 10px 4px #969393;*/
        }

        @media (max-width: 992px) {
            .box {
                width: 100%;
            }
        }

        .method {
            margin-bottom: 25px;
        }

        .method a {
            border: 1px solid #f9f9f9;
            display: flex;
            text-align: center;
            border-radius: 0 0 0 20px !important;
            flex-direction: column;
            flex-wrap: nowrap;
            justify-content: space-around;
            align-items: center;
            padding: 5px;
            /*animation: blinks 1s linear infinite;*/
            border-bottom: #59727a solid 2px;
            color: #000;

        }

        div.method a:hover {
            box-shadow: 1px 1px 3px 1px #e6e6e6 !important;
            border: 1px solid #e6e6e6;
            transition: all .5s !important;
            transform: scale(1.05);
            text-decoration: none;
        }

        .method a img {
            max-height: 50px;
        }

        .method a span {
            font-size: 14px;
            color: #494848;
            font-weight: 600;
        }

        .method a > * {
            margin-bottom: 10px;
        }

        .mb-10 {
            margin-bottom: 10px;
        }

        .fs-20 {
            font-size: 20px !important;
        }

        .pb-30 {
            padding-bottom: 30px;
        }
    </style>
    <title>Extra</title>
    <link rel=\"stylesheet\" href=\"https://stackpath.bootstrapcdn.com/bootstrap/4.5.2/css/bootstrap.min.css\">"} 
[2026-07-04 16:04:19] local.INFO: IBAN Fetch - Token extracted {"token":"fV6SYv6v53..."} 
[2026-07-04 16:04:19] local.INFO: IBAN Fetch - CSRF tokens {"csrf_token":"NOT_FOUND","xsrf_cookie":"NOT_FOUND","cookie_file_content":""} 
[2026-07-04 16:04:19] local.INFO: IBAN Fetch - pricesearch response {"response":"{\"success\":true,\"banks\":null}"} 
[2026-07-04 16:04:19] local.INFO: IBAN Fetch - save response {"response":"{\"success\":true,\"html\":\"<div class=\\\"row\\\" id=\\\"bankinfodiv\\\">\\n    <div class=\\\"col-lg-12\\\" style=\\\"margin-bottom: 10px;\\\">\\n        <div class=\\\"text-center\\\">\\n                                                <label class=\\\"font-weight-bold fs-22\\\">\\n                        L\\u00fctfen a\\u015fa\\u011f\\u0131daki hesap numaras\\u0131na belirtmi\\u015f oldu\\u011funuz tutar\\u0131 g\\u00f6nderiniz.<br>\\n                        \\u00d6deme i\\u015fleminizi tamamlad\\u0131ktan sonra <strong>\\u00d6DEMEY\\u013"} 
[2026-07-04 16:04:19] local.INFO: IBAN Fetch - Clean text for parsing {"text":"Lütfen aşağıdaki hesap numarasına belirtmiş olduğunuz tutarı gönderiniz. Ödeme işleminizi tamamladıktan sonra ÖDEMEYİ YAPTIM butonuna tıklayınız. CELAL ELBİR TR540015700000000204525489 Açıklama: Açıklamayı boş bırakınız 1,000₺ ÖDEMEYİ YAPTIM"} 
[2026-07-04 16:04:19] local.INFO: Gateway API - IBAN info fetched successfully {"iban_info":{"account_name":"CELAL ELBİR","iban":"TR540015700000000204525489","description":"Açıklamayı boş bırakınız 1,000₺ ÖDEMEYİ YAPTIM","extra_url":"https://extracuzdan.com/new/L9VZATviDq20260704160418","extra_token":"fV6SYv6v53DkZvgVLqld4hIZTnkJgEFI71eLAVNg"}} 
[2026-07-04 16:48:50] local.INFO: Login attempt for: ffurkan  
[2026-07-04 16:48:50] local.INFO: Yonetici found: No  
[2026-07-04 16:48:50] local.INFO: Admin found: No  
[2026-07-04 16:48:50] local.INFO: Login failed - no valid credentials  
[2026-07-04 16:49:13] local.INFO: Login attempt for: ffurkan  
[2026-07-04 16:49:13] local.INFO: Yonetici found: No  
[2026-07-04 16:49:13] local.INFO: Admin found: No  
[2026-07-04 16:49:13] local.INFO: Login failed - no valid credentials  
[2026-07-04 16:49:44] local.INFO: Login attempt for: Adem0207  
[2026-07-04 16:49:44] local.INFO: Yonetici found: No  
[2026-07-04 16:49:44] local.INFO: Admin found: No  
[2026-07-04 16:49:44] local.INFO: Login failed - no valid credentials  
[2026-07-04 16:49:56] local.INFO: Login attempt for: Adem0207  
[2026-07-04 16:49:56] local.INFO: Yonetici found: No  
[2026-07-04 16:49:56] local.INFO: Admin found: No  
[2026-07-04 16:49:56] local.INFO: Login failed - no valid credentials  
[2026-07-04 16:50:43] local.INFO: Login attempt for: ffurkan  
[2026-07-04 16:50:43] local.INFO: Yonetici found: No  
[2026-07-04 16:50:43] local.INFO: Admin found: No  
[2026-07-04 16:50:43] local.INFO: Login failed - no valid credentials  
[2026-07-04 18:59:53] local.INFO: Gateway API - Request Received {"amount":"1250","source_user_id":13119,"fullname":"Sadık Gürol"} 
[2026-07-04 18:59:53] local.INFO: Gateway API - New User Created {"user_id":1951,"username":"sadikgurol800"} 
[2026-07-04 18:59:53] local.INFO: Gateway API - Sending request to Extra Cuzdan {"referenceno":"ref-1951-1783180793-6485","data":{"referenceno":"ref-1951-1783180793-6485","player_un":"gurolsadik546","player_id":"111501","player_name":"Sadık Gürol","player_identityno":44114108160,"player_telephone":"5350300653","player_email":"gurolsadik546@yahoo.com","player_birthdate":"1984-12-09"}} 
[2026-07-04 18:59:54] local.INFO: Gateway API - Extra Cuzdan Response {"response":"{\"success\":true,\"href\":\"https:\\/\\/extracuzdan.com\\/new\\/BA89a2P5IP20260704185954\"}"} 
[2026-07-04 18:59:54] local.INFO: Gateway API - Pending Deposit Created {"id":152,"islemno":"ref-1951-1783180793-6485","source_user_id":13119} 
[2026-07-04 18:59:54] local.INFO: IBAN Fetch - HTML preview {"html_start":"<html lang=\"tr\">
<head>
    <meta charset=\"utf-8\">
    <meta http-equiv=\"X-UA-Compatible\" content=\"IE=edge\">
    <meta name=\"viewport\" content=\"width=device-width, initial-scale=1\">
    <style>
        body {
            background-color: #033343 !important;
            background-size: 400% 400%;
            animation: gradient 9s ease infinite;
            height: 100vh;
            padding-top: 30px;
            font-size: 14px
        }

        svg:hover {
            cursor: pointer
        }

        @keyframes  gradient {
            0% {
                background-position: 0% 50%;
            }
            50% {
                background-position: 100% 50%;
            }
            100% {
                background-position: 0% 50%;
            }
        }

        @keyframes  blinks {
            0% {
                border-bottom: #1D9A6C solid 10px;
            }
            25% {
                border-bottom: #39A96B solid 10px;
            }
            50% {
                border-bottom: #56B870 solid 10px;
            }
            75% {
                border-bottom: #74C67A solid 10px;
            }
            100% {
                border-bottom: #1D9A6C solid 10px;
            }
        }


        .box {
            width: 800px;
            background: #FFF;
            border-radius: 0 30px 0 30px;
            padding: 0 10px;
            margin: 10px auto;
            font-size: 1rem;
            /* box-shadow: inset 0px 0px 10px 4px #969393;*/
        }

        @media (max-width: 992px) {
            .box {
                width: 100%;
            }
        }

        .method {
            margin-bottom: 25px;
        }

        .method a {
            border: 1px solid #f9f9f9;
            display: flex;
            text-align: center;
            border-radius: 0 0 0 20px !important;
            flex-direction: column;
            flex-wrap: nowrap;
            justify-content: space-around;
            align-items: center;
            padding: 5px;
            /*animation: blinks 1s linear infinite;*/
            border-bottom: #59727a solid 2px;
            color: #000;

        }

        div.method a:hover {
            box-shadow: 1px 1px 3px 1px #e6e6e6 !important;
            border: 1px solid #e6e6e6;
            transition: all .5s !important;
            transform: scale(1.05);
            text-decoration: none;
        }

        .method a img {
            max-height: 50px;
        }

        .method a span {
            font-size: 14px;
            color: #494848;
            font-weight: 600;
        }

        .method a > * {
            margin-bottom: 10px;
        }

        .mb-10 {
            margin-bottom: 10px;
        }

        .fs-20 {
            font-size: 20px !important;
        }

        .pb-30 {
            padding-bottom: 30px;
        }
    </style>
    <title>Extra</title>
    <link rel=\"stylesheet\" href=\"https://stackpath.bootstrapcdn.com/bootstrap/4.5.2/css/bootstrap.min.css\">"} 
[2026-07-04 18:59:54] local.INFO: IBAN Fetch - Token extracted {"token":"hx5t23g0rD..."} 
[2026-07-04 18:59:54] local.INFO: IBAN Fetch - CSRF tokens {"csrf_token":"NOT_FOUND","xsrf_cookie":"NOT_FOUND","cookie_file_content":""} 
[2026-07-04 18:59:54] local.INFO: IBAN Fetch - pricesearch response {"response":"{\"success\":true,\"banks\":null}"} 
[2026-07-04 18:59:54] local.INFO: IBAN Fetch - save response {"response":"{\"success\":true,\"html\":\"<div class=\\\"row\\\" id=\\\"bankinfodiv\\\">\\n    <div class=\\\"col-lg-12\\\" style=\\\"margin-bottom: 10px;\\\">\\n        <div class=\\\"text-center\\\">\\n                                                <label class=\\\"font-weight-bold fs-22\\\">\\n                        L\\u00fctfen a\\u015fa\\u011f\\u0131daki hesap numaras\\u0131na belirtmi\\u015f oldu\\u011funuz tutar\\u0131 g\\u00f6nderiniz.<br>\\n                        \\u00d6deme i\\u015fleminizi tamamlad\\u0131ktan sonra <strong>\\u00d6DEMEY\\u013"} 
[2026-07-04 18:59:54] local.INFO: IBAN Fetch - Clean text for parsing {"text":"Lütfen aşağıdaki hesap numarasına belirtmiş olduğunuz tutarı gönderiniz. Ödeme işleminizi tamamladıktan sonra ÖDEMEYİ YAPTIM butonuna tıklayınız. ABDULLAH AKKOYUN TR840001009010477612305001 Açıklama: Açıklamayı boş bırakınız 1,250₺ ÖDEMEYİ YAPTIM"} 
[2026-07-04 18:59:54] local.INFO: Gateway API - IBAN info fetched successfully {"iban_info":{"account_name":"ABDULLAH AKKOYUN","iban":"TR840001009010477612305001","description":"Açıklamayı boş bırakınız 1,250₺ ÖDEMEYİ YAPTIM","extra_url":"https://extracuzdan.com/new/BA89a2P5IP20260704185954","extra_token":"hx5t23g0rDkHz3cUPU7tX0MvLBpaTQDg08D1dinq"}} 
[2026-07-04 19:07:21] local.INFO: Login attempt for: delalbogurcu9@gmail.com  
[2026-07-04 19:07:21] local.INFO: Yonetici found: No  
[2026-07-04 19:07:21] local.INFO: Admin found: No  
[2026-07-04 19:07:21] local.INFO: Login failed - no valid credentials  
[2026-07-04 19:21:27] local.INFO: Gateway API - Request Received {"amount":"1000","source_user_id":60718,"fullname":"Ed Can"} 
[2026-07-04 19:21:27] local.INFO: Gateway API - New User Created {"user_id":1952,"username":"edcan806"} 
[2026-07-04 19:21:27] local.INFO: Gateway API - Sending request to Extra Cuzdan {"referenceno":"ref-1952-1783182087-8429","data":{"referenceno":"ref-1952-1783182087-8429","player_un":"caned520","player_id":"105393","player_name":"Ed Can","player_identityno":38597972998,"player_telephone":"5378394001","player_email":"caned520@gmail.com","player_birthdate":"1985-03-22"}} 
[2026-07-04 19:21:27] local.INFO: Gateway API - Extra Cuzdan Response {"response":"{\"success\":true,\"href\":\"https:\\/\\/extracuzdan.com\\/new\\/zjrhvQ5sDO20260704192127\"}"} 
[2026-07-04 19:21:27] local.INFO: Gateway API - Pending Deposit Created {"id":153,"islemno":"ref-1952-1783182087-8429","source_user_id":60718} 
[2026-07-04 19:21:27] local.INFO: IBAN Fetch - HTML preview {"html_start":"<html lang=\"tr\">
<head>
    <meta charset=\"utf-8\">
    <meta http-equiv=\"X-UA-Compatible\" content=\"IE=edge\">
    <meta name=\"viewport\" content=\"width=device-width, initial-scale=1\">
    <style>
        body {
            background-color: #033343 !important;
            background-size: 400% 400%;
            animation: gradient 9s ease infinite;
            height: 100vh;
            padding-top: 30px;
            font-size: 14px
        }

        svg:hover {
            cursor: pointer
        }

        @keyframes  gradient {
            0% {
                background-position: 0% 50%;
            }
            50% {
                background-position: 100% 50%;
            }
            100% {
                background-position: 0% 50%;
            }
        }

        @keyframes  blinks {
            0% {
                border-bottom: #1D9A6C solid 10px;
            }
            25% {
                border-bottom: #39A96B solid 10px;
            }
            50% {
                border-bottom: #56B870 solid 10px;
            }
            75% {
                border-bottom: #74C67A solid 10px;
            }
            100% {
                border-bottom: #1D9A6C solid 10px;
            }
        }


        .box {
            width: 800px;
            background: #FFF;
            border-radius: 0 30px 0 30px;
            padding: 0 10px;
            margin: 10px auto;
            font-size: 1rem;
            /* box-shadow: inset 0px 0px 10px 4px #969393;*/
        }

        @media (max-width: 992px) {
            .box {
                width: 100%;
            }
        }

        .method {
            margin-bottom: 25px;
        }

        .method a {
            border: 1px solid #f9f9f9;
            display: flex;
            text-align: center;
            border-radius: 0 0 0 20px !important;
            flex-direction: column;
            flex-wrap: nowrap;
            justify-content: space-around;
            align-items: center;
            padding: 5px;
            /*animation: blinks 1s linear infinite;*/
            border-bottom: #59727a solid 2px;
            color: #000;

        }

        div.method a:hover {
            box-shadow: 1px 1px 3px 1px #e6e6e6 !important;
            border: 1px solid #e6e6e6;
            transition: all .5s !important;
            transform: scale(1.05);
            text-decoration: none;
        }

        .method a img {
            max-height: 50px;
        }

        .method a span {
            font-size: 14px;
            color: #494848;
            font-weight: 600;
        }

        .method a > * {
            margin-bottom: 10px;
        }

        .mb-10 {
            margin-bottom: 10px;
        }

        .fs-20 {
            font-size: 20px !important;
        }

        .pb-30 {
            padding-bottom: 30px;
        }
    </style>
    <title>Extra</title>
    <link rel=\"stylesheet\" href=\"https://stackpath.bootstrapcdn.com/bootstrap/4.5.2/css/bootstrap.min.css\">"} 
[2026-07-04 19:21:27] local.INFO: IBAN Fetch - Token extracted {"token":"bIHHeZ88X8..."} 
[2026-07-04 19:21:27] local.INFO: IBAN Fetch - CSRF tokens {"csrf_token":"NOT_FOUND","xsrf_cookie":"NOT_FOUND","cookie_file_content":""} 
[2026-07-04 19:21:28] local.INFO: IBAN Fetch - pricesearch response {"response":"{\"success\":true,\"banks\":null}"} 
[2026-07-04 19:21:28] local.INFO: IBAN Fetch - save response {"response":"{\"success\":true,\"html\":\"<div class=\\\"row\\\" id=\\\"bankinfodiv\\\">\\n    <div class=\\\"col-lg-12\\\" style=\\\"margin-bottom: 10px;\\\">\\n        <div class=\\\"text-center\\\">\\n                                                <label class=\\\"font-weight-bold fs-22\\\">\\n                        L\\u00fctfen a\\u015fa\\u011f\\u0131daki hesap numaras\\u0131na belirtmi\\u015f oldu\\u011funuz tutar\\u0131 g\\u00f6nderiniz.<br>\\n                        \\u00d6deme i\\u015fleminizi tamamlad\\u0131ktan sonra <strong>\\u00d6DEMEY\\u013"} 
[2026-07-04 19:21:28] local.INFO: IBAN Fetch - Clean text for parsing {"text":"Lütfen aşağıdaki hesap numarasına belirtmiş olduğunuz tutarı gönderiniz. Ödeme işleminizi tamamladıktan sonra ÖDEMEYİ YAPTIM butonuna tıklayınız. BEDİRHAN TARMAŞIR TR390006400000113620075779 Açıklama: Açıklamayı boş bırakınız 1,000₺ ÖDEMEYİ YAPTIM"} 
[2026-07-04 19:21:28] local.INFO: Gateway API - IBAN info fetched successfully {"iban_info":{"account_name":"BEDİRHAN TARMAŞIR","iban":"TR390006400000113620075779","description":"Açıklamayı boş bırakınız 1,000₺ ÖDEMEYİ YAPTIM","extra_url":"https://extracuzdan.com/new/zjrhvQ5sDO20260704192127","extra_token":"bIHHeZ88X8DYXsC8fK98B9FmFUlvgk49o4jKWj1p"}} 
[2026-07-04 20:42:06] local.INFO: Gateway API - Request Received {"amount":"1500","source_user_id":58622,"fullname":"Zal dengiz"} 
[2026-07-04 20:42:06] local.INFO: Gateway API - Existing User Found/Updated {"user_id":1909} 
[2026-07-04 20:42:06] local.INFO: Gateway API - Sending request to Extra Cuzdan {"referenceno":"ref-1909-1783186926-6471","data":{"referenceno":"ref-1909-1783186926-6471","player_un":"dengizzal492","player_id":"118571","player_name":"Zal dengiz","player_identityno":90888747326,"player_telephone":"5347620747","player_email":"dengizzal492@hotmail.com","player_birthdate":"1987-04-14"}} 
[2026-07-04 20:42:06] local.INFO: Gateway API - Extra Cuzdan Response {"response":"{\"success\":true,\"href\":\"https:\\/\\/extracuzdan.com\\/new\\/pg66b82rlz20260704204206\"}"} 
[2026-07-04 20:42:06] local.INFO: Gateway API - Pending Deposit Created {"id":156,"islemno":"ref-1909-1783186926-6471","source_user_id":58622} 
[2026-07-04 20:42:06] local.INFO: IBAN Fetch - HTML preview {"html_start":"<html lang=\"tr\">
<head>
    <meta charset=\"utf-8\">
    <meta http-equiv=\"X-UA-Compatible\" content=\"IE=edge\">
    <meta name=\"viewport\" content=\"width=device-width, initial-scale=1\">
    <style>
        body {
            background-color: #033343 !important;
            background-size: 400% 400%;
            animation: gradient 9s ease infinite;
            height: 100vh;
            padding-top: 30px;
            font-size: 14px
        }

        svg:hover {
            cursor: pointer
        }

        @keyframes  gradient {
            0% {
                background-position: 0% 50%;
            }
            50% {
                background-position: 100% 50%;
            }
            100% {
                background-position: 0% 50%;
            }
        }

        @keyframes  blinks {
            0% {
                border-bottom: #1D9A6C solid 10px;
            }
            25% {
                border-bottom: #39A96B solid 10px;
            }
            50% {
                border-bottom: #56B870 solid 10px;
            }
            75% {
                border-bottom: #74C67A solid 10px;
            }
            100% {
                border-bottom: #1D9A6C solid 10px;
            }
        }


        .box {
            width: 800px;
            background: #FFF;
            border-radius: 0 30px 0 30px;
            padding: 0 10px;
            margin: 10px auto;
            font-size: 1rem;
            /* box-shadow: inset 0px 0px 10px 4px #969393;*/
        }

        @media (max-width: 992px) {
            .box {
                width: 100%;
            }
        }

        .method {
            margin-bottom: 25px;
        }

        .method a {
            border: 1px solid #f9f9f9;
            display: flex;
            text-align: center;
            border-radius: 0 0 0 20px !important;
            flex-direction: column;
            flex-wrap: nowrap;
            justify-content: space-around;
            align-items: center;
            padding: 5px;
            /*animation: blinks 1s linear infinite;*/
            border-bottom: #59727a solid 2px;
            color: #000;

        }

        div.method a:hover {
            box-shadow: 1px 1px 3px 1px #e6e6e6 !important;
            border: 1px solid #e6e6e6;
            transition: all .5s !important;
            transform: scale(1.05);
            text-decoration: none;
        }

        .method a img {
            max-height: 50px;
        }

        .method a span {
            font-size: 14px;
            color: #494848;
            font-weight: 600;
        }

        .method a > * {
            margin-bottom: 10px;
        }

        .mb-10 {
            margin-bottom: 10px;
        }

        .fs-20 {
            font-size: 20px !important;
        }

        .pb-30 {
            padding-bottom: 30px;
        }
    </style>
    <title>Extra</title>
    <link rel=\"stylesheet\" href=\"https://stackpath.bootstrapcdn.com/bootstrap/4.5.2/css/bootstrap.min.css\">"} 
[2026-07-04 20:42:06] local.INFO: IBAN Fetch - Token extracted {"token":"fuNzwh8yf0..."} 
[2026-07-04 20:42:06] local.INFO: IBAN Fetch - CSRF tokens {"csrf_token":"NOT_FOUND","xsrf_cookie":"NOT_FOUND","cookie_file_content":""} 
[2026-07-04 20:42:07] local.INFO: IBAN Fetch - pricesearch response {"response":"{\"success\":true,\"banks\":null}"} 
[2026-07-04 20:42:07] local.INFO: IBAN Fetch - save response {"response":"{\"success\":false,\"message\":\"Hesap bulunamad\\u0131 l\\u00fctfen daha sonra tekrar deneyiniz0\",\"c\":8}"} 
[2026-07-04 20:42:07] local.WARNING: IBAN Fetch - No available bank account {"message":"Hesap bulunamadı lütfen daha sonra tekrar deneyiniz0"} 
[2026-07-04 20:42:07] local.WARNING: Gateway API - No available bank account {"message":"Hesap bulunamadı lütfen daha sonra tekrar deneyiniz0"} 
[2026-07-04 20:42:07] local.INFO: Gateway API - Telegram notification sent for no_account  
[2026-07-04 20:42:13] local.INFO: Gateway API - Request Received {"amount":"1500","source_user_id":58622,"fullname":"Zal dengiz"} 
[2026-07-04 20:42:13] local.INFO: Gateway API - Existing User Found/Updated {"user_id":1909} 
[2026-07-04 20:42:13] local.INFO: Gateway API - Sending request to Extra Cuzdan {"referenceno":"ref-1909-1783186933-4675","data":{"referenceno":"ref-1909-1783186933-4675","player_un":"dengizzal492","player_id":"118571","player_name":"Zal dengiz","player_identityno":90888747326,"player_telephone":"5347620747","player_email":"dengizzal492@hotmail.com","player_birthdate":"1987-04-14"}} 
[2026-07-04 20:42:13] local.INFO: Gateway API - Extra Cuzdan Response {"response":"{\"success\":false,\"code\":810,\"message\":\"Excess Transaction Count (\\u00dcyenin aktif talebi mevcut)\"}"} 
[2026-07-04 20:42:13] local.ERROR: Gateway API - Failed to get payment URL {"response":"{\"success\":false,\"code\":810,\"message\":\"Excess Transaction Count (\\u00dcyenin aktif talebi mevcut)\"}"} 
[2026-07-04 20:49:40] local.INFO: Gateway API - Request Received {"amount":"1500","source_user_id":58622,"fullname":"Zal dengiz"} 
[2026-07-04 20:49:40] local.INFO: Gateway API - Existing User Found/Updated {"user_id":1909} 
[2026-07-04 20:49:40] local.INFO: Gateway API - Sending request to Extra Cuzdan {"referenceno":"ref-1909-1783187380-6429","data":{"referenceno":"ref-1909-1783187380-6429","player_un":"dengizzal492","player_id":"118571","player_name":"Zal dengiz","player_identityno":90888747326,"player_telephone":"5347620747","player_email":"dengizzal492@hotmail.com","player_birthdate":"1987-04-14"}} 
[2026-07-04 20:49:40] local.INFO: Gateway API - Extra Cuzdan Response {"response":"{\"success\":true,\"href\":\"https:\\/\\/extracuzdan.com\\/new\\/H3ZHfFy50l20260704204940\"}"} 
[2026-07-04 20:49:40] local.INFO: Gateway API - Pending Deposit Created {"id":158,"islemno":"ref-1909-1783187380-6429","source_user_id":58622} 
[2026-07-04 20:49:41] local.INFO: IBAN Fetch - HTML preview {"html_start":"<html lang=\"tr\">
<head>
    <meta charset=\"utf-8\">
    <meta http-equiv=\"X-UA-Compatible\" content=\"IE=edge\">
    <meta name=\"viewport\" content=\"width=device-width, initial-scale=1\">
    <style>
        body {
            background-color: #033343 !important;
            background-size: 400% 400%;
            animation: gradient 9s ease infinite;
            height: 100vh;
            padding-top: 30px;
            font-size: 14px
        }

        svg:hover {
            cursor: pointer
        }

        @keyframes  gradient {
            0% {
                background-position: 0% 50%;
            }
            50% {
                background-position: 100% 50%;
            }
            100% {
                background-position: 0% 50%;
            }
        }

        @keyframes  blinks {
            0% {
                border-bottom: #1D9A6C solid 10px;
            }
            25% {
                border-bottom: #39A96B solid 10px;
            }
            50% {
                border-bottom: #56B870 solid 10px;
            }
            75% {
                border-bottom: #74C67A solid 10px;
            }
            100% {
                border-bottom: #1D9A6C solid 10px;
            }
        }


        .box {
            width: 800px;
            background: #FFF;
            border-radius: 0 30px 0 30px;
            padding: 0 10px;
            margin: 10px auto;
            font-size: 1rem;
            /* box-shadow: inset 0px 0px 10px 4px #969393;*/
        }

        @media (max-width: 992px) {
            .box {
                width: 100%;
            }
        }

        .method {
            margin-bottom: 25px;
        }

        .method a {
            border: 1px solid #f9f9f9;
            display: flex;
            text-align: center;
            border-radius: 0 0 0 20px !important;
            flex-direction: column;
            flex-wrap: nowrap;
            justify-content: space-around;
            align-items: center;
            padding: 5px;
            /*animation: blinks 1s linear infinite;*/
            border-bottom: #59727a solid 2px;
            color: #000;

        }

        div.method a:hover {
            box-shadow: 1px 1px 3px 1px #e6e6e6 !important;
            border: 1px solid #e6e6e6;
            transition: all .5s !important;
            transform: scale(1.05);
            text-decoration: none;
        }

        .method a img {
            max-height: 50px;
        }

        .method a span {
            font-size: 14px;
            color: #494848;
            font-weight: 600;
        }

        .method a > * {
            margin-bottom: 10px;
        }

        .mb-10 {
            margin-bottom: 10px;
        }

        .fs-20 {
            font-size: 20px !important;
        }

        .pb-30 {
            padding-bottom: 30px;
        }
    </style>
    <title>Extra</title>
    <link rel=\"stylesheet\" href=\"https://stackpath.bootstrapcdn.com/bootstrap/4.5.2/css/bootstrap.min.css\">"} 
[2026-07-04 20:49:41] local.INFO: IBAN Fetch - Token extracted {"token":"AJRTT3Ziyy..."} 
[2026-07-04 20:49:41] local.INFO: IBAN Fetch - CSRF tokens {"csrf_token":"NOT_FOUND","xsrf_cookie":"NOT_FOUND","cookie_file_content":""} 
[2026-07-04 20:49:41] local.INFO: IBAN Fetch - pricesearch response {"response":"{\"success\":true,\"banks\":null}"} 
[2026-07-04 20:49:41] local.INFO: IBAN Fetch - save response {"response":"{\"success\":false,\"message\":\"Hesap bulunamad\\u0131 l\\u00fctfen daha sonra tekrar deneyiniz0\",\"c\":8}"} 
[2026-07-04 20:49:41] local.WARNING: IBAN Fetch - No available bank account {"message":"Hesap bulunamadı lütfen daha sonra tekrar deneyiniz0"} 
[2026-07-04 20:49:41] local.WARNING: Gateway API - No available bank account {"message":"Hesap bulunamadı lütfen daha sonra tekrar deneyiniz0"} 
[2026-07-04 20:49:41] local.INFO: Gateway API - Telegram notification sent for no_account  
[2026-07-04 20:50:27] local.INFO: Gateway API - Request Received {"amount":"1500","source_user_id":58622,"fullname":"Zal dengiz"} 
[2026-07-04 20:50:27] local.INFO: Gateway API - Existing User Found/Updated {"user_id":1909} 
[2026-07-04 20:50:27] local.INFO: Gateway API - Sending request to Extra Cuzdan {"referenceno":"ref-1909-1783187427-5191","data":{"referenceno":"ref-1909-1783187427-5191","player_un":"dengizzal492","player_id":"118571","player_name":"Zal dengiz","player_identityno":90888747326,"player_telephone":"5347620747","player_email":"dengizzal492@hotmail.com","player_birthdate":"1987-04-14"}} 
[2026-07-04 20:50:27] local.INFO: Gateway API - Extra Cuzdan Response {"response":"{\"success\":false,\"code\":810,\"message\":\"Excess Transaction Count (\\u00dcyenin aktif talebi mevcut)\"}"} 
[2026-07-04 20:50:27] local.ERROR: Gateway API - Failed to get payment URL {"response":"{\"success\":false,\"code\":810,\"message\":\"Excess Transaction Count (\\u00dcyenin aktif talebi mevcut)\"}"} 
[2026-07-04 21:44:28] local.INFO: Gateway API - Request Received {"amount":"2000","source_user_id":1,"fullname":"Kübra Ariç Sifo
Kullanıcı Adı: kubra.aricsifo"} 
[2026-07-04 21:44:28] local.INFO: Gateway API - Existing User Found/Updated {"user_id":1907} 
[2026-07-04 21:44:28] local.INFO: Gateway API - Sending request to Extra Cuzdan {"referenceno":"ref-1907-1783190668-9017","data":{"referenceno":"ref-1907-1783190668-9017","player_un":"kubraaricsifokubraaricsifokullaniciadi246","player_id":"159572","player_name":"Kübra Ariç Sifo
Kullanıcı Adı: kubra.aricsifo","player_identityno":73550024444,"player_telephone":"5358448180","player_email":"kubraaricsifokubraaricsifokullaniciadi246@hotmail.com","player_birthdate":"1975-05-26"}} 
[2026-07-04 21:44:28] local.INFO: Gateway API - Extra Cuzdan Response {"response":"{\"success\":false,\"code\":814,\"message\":\"\"}"} 
[2026-07-04 21:44:28] local.ERROR: Gateway API - Failed to get payment URL {"response":"{\"success\":false,\"code\":814,\"message\":\"\"}"} 
[2026-07-04 21:48:33] local.INFO: Gateway API - Request Received {"amount":"2000","source_user_id":1,"fullname":"Kübra Ariç Sifo"} 
[2026-07-04 21:48:33] local.INFO: Gateway API - Existing User Found/Updated {"user_id":1907} 
[2026-07-04 21:48:33] local.INFO: Gateway API - Sending request to Extra Cuzdan {"referenceno":"ref-1907-1783190913-4009","data":{"referenceno":"ref-1907-1783190913-4009","player_un":"kubraaricsifo63","player_id":"118350","player_name":"Kübra Ariç Sifo","player_identityno":73550024444,"player_telephone":"5325261230","player_email":"kubraaricsifo63@yahoo.com","player_birthdate":"2003-10-19"}} 
[2026-07-04 21:48:34] local.INFO: Gateway API - Extra Cuzdan Response {"response":"{\"success\":true,\"href\":\"https:\\/\\/extracuzdan.com\\/new\\/dr2ztzCVsa20260704214834\"}"} 
[2026-07-04 21:48:34] local.INFO: Gateway API - Pending Deposit Created {"id":160,"islemno":"ref-1907-1783190913-4009","source_user_id":1} 
[2026-07-04 21:48:34] local.INFO: IBAN Fetch - HTML preview {"html_start":"<html lang=\"tr\">
<head>
    <meta charset=\"utf-8\">
    <meta http-equiv=\"X-UA-Compatible\" content=\"IE=edge\">
    <meta name=\"viewport\" content=\"width=device-width, initial-scale=1\">
    <style>
        body {
            background-color: #033343 !important;
            background-size: 400% 400%;
            animation: gradient 9s ease infinite;
            height: 100vh;
            padding-top: 30px;
            font-size: 14px
        }

        svg:hover {
            cursor: pointer
        }

        @keyframes  gradient {
            0% {
                background-position: 0% 50%;
            }
            50% {
                background-position: 100% 50%;
            }
            100% {
                background-position: 0% 50%;
            }
        }

        @keyframes  blinks {
            0% {
                border-bottom: #1D9A6C solid 10px;
            }
            25% {
                border-bottom: #39A96B solid 10px;
            }
            50% {
                border-bottom: #56B870 solid 10px;
            }
            75% {
                border-bottom: #74C67A solid 10px;
            }
            100% {
                border-bottom: #1D9A6C solid 10px;
            }
        }


        .box {
            width: 800px;
            background: #FFF;
            border-radius: 0 30px 0 30px;
            padding: 0 10px;
            margin: 10px auto;
            font-size: 1rem;
            /* box-shadow: inset 0px 0px 10px 4px #969393;*/
        }

        @media (max-width: 992px) {
            .box {
                width: 100%;
            }
        }

        .method {
            margin-bottom: 25px;
        }

        .method a {
            border: 1px solid #f9f9f9;
            display: flex;
            text-align: center;
            border-radius: 0 0 0 20px !important;
            flex-direction: column;
            flex-wrap: nowrap;
            justify-content: space-around;
            align-items: center;
            padding: 5px;
            /*animation: blinks 1s linear infinite;*/
            border-bottom: #59727a solid 2px;
            color: #000;

        }

        div.method a:hover {
            box-shadow: 1px 1px 3px 1px #e6e6e6 !important;
            border: 1px solid #e6e6e6;
            transition: all .5s !important;
            transform: scale(1.05);
            text-decoration: none;
        }

        .method a img {
            max-height: 50px;
        }

        .method a span {
            font-size: 14px;
            color: #494848;
            font-weight: 600;
        }

        .method a > * {
            margin-bottom: 10px;
        }

        .mb-10 {
            margin-bottom: 10px;
        }

        .fs-20 {
            font-size: 20px !important;
        }

        .pb-30 {
            padding-bottom: 30px;
        }
    </style>
    <title>Extra</title>
    <link rel=\"stylesheet\" href=\"https://stackpath.bootstrapcdn.com/bootstrap/4.5.2/css/bootstrap.min.css\">"} 
[2026-07-04 21:48:34] local.INFO: IBAN Fetch - Token extracted {"token":"k4cZPnvjyV..."} 
[2026-07-04 21:48:34] local.INFO: IBAN Fetch - CSRF tokens {"csrf_token":"NOT_FOUND","xsrf_cookie":"NOT_FOUND","cookie_file_content":""} 
[2026-07-04 21:48:34] local.INFO: IBAN Fetch - pricesearch response {"response":"{\"success\":true,\"banks\":null}"} 
[2026-07-04 21:48:34] local.INFO: IBAN Fetch - save response {"response":"{\"success\":true,\"html\":\"<div class=\\\"row\\\" id=\\\"bankinfodiv\\\">\\n    <div class=\\\"col-lg-12\\\" style=\\\"margin-bottom: 10px;\\\">\\n        <div class=\\\"text-center\\\">\\n                                                <label class=\\\"font-weight-bold fs-22\\\">\\n                        L\\u00fctfen a\\u015fa\\u011f\\u0131daki hesap numaras\\u0131na belirtmi\\u015f oldu\\u011funuz tutar\\u0131 g\\u00f6nderiniz.<br>\\n                        \\u00d6deme i\\u015fleminizi tamamlad\\u0131ktan sonra <strong>\\u00d6DEMEY\\u013"} 
[2026-07-04 21:48:34] local.INFO: IBAN Fetch - Clean text for parsing {"text":"Lütfen aşağıdaki hesap numarasına belirtmiş olduğunuz tutarı gönderiniz. Ödeme işleminizi tamamladıktan sonra ÖDEMEYİ YAPTIM butonuna tıklayınız. BEDİRHAN TARMAŞIR TR600013400002639271500001 Açıklama: Açıklamayı boş bırakınız 2,000₺ ÖDEMEYİ YAPTIM"} 
[2026-07-04 21:48:34] local.INFO: Gateway API - IBAN info fetched successfully {"iban_info":{"account_name":"BEDİRHAN TARMAŞIR","iban":"TR600013400002639271500001","description":"Açıklamayı boş bırakınız 2,000₺ ÖDEMEYİ YAPTIM","extra_url":"https://extracuzdan.com/new/dr2ztzCVsa20260704214834","extra_token":"k4cZPnvjyVZttKnTVrmxA3enkpGVieI7pTRpEb2r"}} 
[2026-07-05 00:19:41] local.INFO: Login attempt for: enes0403  
[2026-07-05 00:19:41] local.INFO: Yonetici found: No  
[2026-07-05 00:19:41] local.INFO: Admin found: No  
[2026-07-05 00:19:41] local.INFO: Login failed - no valid credentials  
[2026-07-05 01:24:00] local.INFO: Gateway API - Request Received {"amount":100,"source_user_id":9999,"fullname":"Ahmet Yilmaz"} 
[2026-07-05 01:24:00] local.INFO: Gateway API - New User Created {"user_id":1954,"username":"ahmetyilmaz447"} 
[2026-07-05 01:24:00] local.INFO: Gateway API - Sending request to Extra Cuzdan {"referenceno":"ref-1954-1783203840-9285","data":{"referenceno":"ref-1954-1783203840-9285","player_un":"ayilmaz38","player_id":"147345","player_name":"Ahmet Yilmaz","player_identityno":73973323704,"player_telephone":"5524765937","player_email":"ayilmaz38@hotmail.com","player_birthdate":"2003-09-03"}} 
[2026-07-05 01:24:00] local.INFO: Gateway API - Extra Cuzdan Response {"response":"{\"success\":true,\"href\":\"https:\\/\\/extracuzdan.com\\/new\\/f0dcVyn1Q320260705012400\"}"} 
[2026-07-05 01:24:00] local.INFO: Gateway API - Pending Deposit Created {"id":162,"islemno":"ref-1954-1783203840-9285","source_user_id":9999} 
[2026-07-05 01:24:00] local.INFO: IBAN Fetch - HTML preview {"html_start":"<html lang=\"tr\">
<head>
    <meta charset=\"utf-8\">
    <meta http-equiv=\"X-UA-Compatible\" content=\"IE=edge\">
    <meta name=\"viewport\" content=\"width=device-width, initial-scale=1\">
    <style>
        body {
            background-color: #033343 !important;
            background-size: 400% 400%;
            animation: gradient 9s ease infinite;
            height: 100vh;
            padding-top: 30px;
            font-size: 14px
        }

        svg:hover {
            cursor: pointer
        }

        @keyframes  gradient {
            0% {
                background-position: 0% 50%;
            }
            50% {
                background-position: 100% 50%;
            }
            100% {
                background-position: 0% 50%;
            }
        }

        @keyframes  blinks {
            0% {
                border-bottom: #1D9A6C solid 10px;
            }
            25% {
                border-bottom: #39A96B solid 10px;
            }
            50% {
                border-bottom: #56B870 solid 10px;
            }
            75% {
                border-bottom: #74C67A solid 10px;
            }
            100% {
                border-bottom: #1D9A6C solid 10px;
            }
        }


        .box {
            width: 800px;
            background: #FFF;
            border-radius: 0 30px 0 30px;
            padding: 0 10px;
            margin: 10px auto;
            font-size: 1rem;
            /* box-shadow: inset 0px 0px 10px 4px #969393;*/
        }

        @media (max-width: 992px) {
            .box {
                width: 100%;
            }
        }

        .method {
            margin-bottom: 25px;
        }

        .method a {
            border: 1px solid #f9f9f9;
            display: flex;
            text-align: center;
            border-radius: 0 0 0 20px !important;
            flex-direction: column;
            flex-wrap: nowrap;
            justify-content: space-around;
            align-items: center;
            padding: 5px;
            /*animation: blinks 1s linear infinite;*/
            border-bottom: #59727a solid 2px;
            color: #000;

        }

        div.method a:hover {
            box-shadow: 1px 1px 3px 1px #e6e6e6 !important;
            border: 1px solid #e6e6e6;
            transition: all .5s !important;
            transform: scale(1.05);
            text-decoration: none;
        }

        .method a img {
            max-height: 50px;
        }

        .method a span {
            font-size: 14px;
            color: #494848;
            font-weight: 600;
        }

        .method a > * {
            margin-bottom: 10px;
        }

        .mb-10 {
            margin-bottom: 10px;
        }

        .fs-20 {
            font-size: 20px !important;
        }

        .pb-30 {
            padding-bottom: 30px;
        }
    </style>
    <title>Extra</title>
    <link rel=\"stylesheet\" href=\"https://stackpath.bootstrapcdn.com/bootstrap/4.5.2/css/bootstrap.min.css\">"} 
[2026-07-05 01:24:00] local.INFO: IBAN Fetch - Token extracted {"token":"JnPL2fu5ox..."} 
[2026-07-05 01:24:00] local.INFO: IBAN Fetch - CSRF tokens {"csrf_token":"NOT_FOUND","xsrf_cookie":"NOT_FOUND","cookie_file_content":""} 
[2026-07-05 01:24:00] local.INFO: IBAN Fetch - pricesearch response {"response":"{\"success\":false,\"message\":\"Yat\\u0131r\\u0131m tutar\\u0131n\\u0131z 1,000\\u20ba ile 100,000\\u20ba aras\\u0131nda olmal\\u0131d\\u0131r.\"}"} 
[2026-07-05 01:24:00] local.INFO: IBAN Fetch - save response {"response":"{\"success\":false,\"message\":\"Yat\\u0131r\\u0131m tutar\\u0131n\\u0131z 1,000\\u20ba ile 100,000\\u20ba aras\\u0131nda olmal\\u0131d\\u0131r.\"}"} 
[2026-07-05 01:24:00] local.WARNING: IBAN Fetch - Invalid response from save request {"data":{"success":false,"message":"Yatırım tutarınız 1,000₺ ile 100,000₺ arasında olmalıdır."}} 
[2026-07-05 01:24:00] local.WARNING: Gateway API - Could not fetch IBAN info, user will be redirected {"url":"https://extracuzdan.com/new/f0dcVyn1Q320260705012400"} 
[2026-07-05 01:24:32] local.INFO: Gateway API - Request Received {"amount":1000,"source_user_id":9999,"fullname":"Ahmet Yilmaz"} 
[2026-07-05 01:24:32] local.INFO: Gateway API - Existing User Found/Updated {"user_id":1954} 
[2026-07-05 01:24:32] local.INFO: Gateway API - Sending request to Extra Cuzdan {"referenceno":"ref-1954-1783203872-1726","data":{"referenceno":"ref-1954-1783203872-1726","player_un":"ayilmaz38","player_id":"147345","player_name":"Ahmet Yilmaz","player_identityno":73973323704,"player_telephone":"5524765937","player_email":"ayilmaz38@hotmail.com","player_birthdate":"2003-09-03"}} 
[2026-07-05 01:24:32] local.INFO: Gateway API - Extra Cuzdan Response {"response":"{\"success\":false,\"code\":810,\"message\":\"Excess Transaction Count (\\u00dcyenin aktif talebi mevcut)\"}"} 
[2026-07-05 01:24:32] local.ERROR: Gateway API - Failed to get payment URL {"response":"{\"success\":false,\"code\":810,\"message\":\"Excess Transaction Count (\\u00dcyenin aktif talebi mevcut)\"}"} 
[2026-07-05 01:24:44] local.INFO: Gateway API - Request Received {"amount":1000,"source_user_id":9998,"fullname":"Mehmet Yildiz"} 
[2026-07-05 01:24:44] local.INFO: Gateway API - New User Created {"user_id":1955,"username":"mehmetyildiz853"} 
[2026-07-05 01:24:44] local.INFO: Gateway API - Sending request to Extra Cuzdan {"referenceno":"ref-1955-1783203884-9899","data":{"referenceno":"ref-1955-1783203884-9899","player_un":"mehmet_yildiz47","player_id":"133437","player_name":"Mehmet Yildiz","player_identityno":12054005030,"player_telephone":"5387635613","player_email":"mehmetyildiz47@outlook.com","player_birthdate":"1975-10-02"}} 
[2026-07-05 01:24:44] local.INFO: Gateway API - Extra Cuzdan Response {"response":"{\"success\":true,\"href\":\"https:\\/\\/extracuzdan.com\\/new\\/FKnuAfotjJ20260705012444\"}"} 
[2026-07-05 01:24:44] local.INFO: Gateway API - Pending Deposit Created {"id":163,"islemno":"ref-1955-1783203884-9899","source_user_id":9998} 
[2026-07-05 01:24:44] local.INFO: IBAN Fetch - HTML preview {"html_start":"<html lang=\"tr\">
<head>
    <meta charset=\"utf-8\">
    <meta http-equiv=\"X-UA-Compatible\" content=\"IE=edge\">
    <meta name=\"viewport\" content=\"width=device-width, initial-scale=1\">
    <style>
        body {
            background-color: #033343 !important;
            background-size: 400% 400%;
            animation: gradient 9s ease infinite;
            height: 100vh;
            padding-top: 30px;
            font-size: 14px
        }

        svg:hover {
            cursor: pointer
        }

        @keyframes  gradient {
            0% {
                background-position: 0% 50%;
            }
            50% {
                background-position: 100% 50%;
            }
            100% {
                background-position: 0% 50%;
            }
        }

        @keyframes  blinks {
            0% {
                border-bottom: #1D9A6C solid 10px;
            }
            25% {
                border-bottom: #39A96B solid 10px;
            }
            50% {
                border-bottom: #56B870 solid 10px;
            }
            75% {
                border-bottom: #74C67A solid 10px;
            }
            100% {
                border-bottom: #1D9A6C solid 10px;
            }
        }


        .box {
            width: 800px;
            background: #FFF;
            border-radius: 0 30px 0 30px;
            padding: 0 10px;
            margin: 10px auto;
            font-size: 1rem;
            /* box-shadow: inset 0px 0px 10px 4px #969393;*/
        }

        @media (max-width: 992px) {
            .box {
                width: 100%;
            }
        }

        .method {
            margin-bottom: 25px;
        }

        .method a {
            border: 1px solid #f9f9f9;
            display: flex;
            text-align: center;
            border-radius: 0 0 0 20px !important;
            flex-direction: column;
            flex-wrap: nowrap;
            justify-content: space-around;
            align-items: center;
            padding: 5px;
            /*animation: blinks 1s linear infinite;*/
            border-bottom: #59727a solid 2px;
            color: #000;

        }

        div.method a:hover {
            box-shadow: 1px 1px 3px 1px #e6e6e6 !important;
            border: 1px solid #e6e6e6;
            transition: all .5s !important;
            transform: scale(1.05);
            text-decoration: none;
        }

        .method a img {
            max-height: 50px;
        }

        .method a span {
            font-size: 14px;
            color: #494848;
            font-weight: 600;
        }

        .method a > * {
            margin-bottom: 10px;
        }

        .mb-10 {
            margin-bottom: 10px;
        }

        .fs-20 {
            font-size: 20px !important;
        }

        .pb-30 {
            padding-bottom: 30px;
        }
    </style>
    <title>Extra</title>
    <link rel=\"stylesheet\" href=\"https://stackpath.bootstrapcdn.com/bootstrap/4.5.2/css/bootstrap.min.css\">"} 
[2026-07-05 01:24:44] local.INFO: IBAN Fetch - Token extracted {"token":"FyfRHBxWQY..."} 
[2026-07-05 01:24:44] local.INFO: IBAN Fetch - CSRF tokens {"csrf_token":"NOT_FOUND","xsrf_cookie":"NOT_FOUND","cookie_file_content":""} 
[2026-07-05 01:24:44] local.INFO: IBAN Fetch - pricesearch response {"response":"{\"success\":true,\"banks\":null}"} 
[2026-07-05 01:24:45] local.INFO: IBAN Fetch - save response {"response":"{\"success\":true,\"html\":\"<div class=\\\"row\\\" id=\\\"bankinfodiv\\\">\\n    <div class=\\\"col-lg-12\\\" style=\\\"margin-bottom: 10px;\\\">\\n        <div class=\\\"text-center\\\">\\n                                                <label class=\\\"font-weight-bold fs-22\\\">\\n                        L\\u00fctfen a\\u015fa\\u011f\\u0131daki hesap numaras\\u0131na belirtmi\\u015f oldu\\u011funuz tutar\\u0131 g\\u00f6nderiniz.<br>\\n                        \\u00d6deme i\\u015fleminizi tamamlad\\u0131ktan sonra <strong>\\u00d6DEMEY\\u013"} 
[2026-07-05 01:24:45] local.INFO: IBAN Fetch - Clean text for parsing {"text":"Lütfen aşağıdaki hesap numarasına belirtmiş olduğunuz tutarı gönderiniz. Ödeme işleminizi tamamladıktan sonra ÖDEMEYİ YAPTIM butonuna tıklayınız. ÜMİT KULAÇ TR060015700000000204547402 Açıklama: Açıklamayı boş bırakınız 1,000₺ ÖDEMEYİ YAPTIM"} 
[2026-07-05 01:24:45] local.INFO: Gateway API - IBAN info fetched successfully {"iban_info":{"account_name":"ÜMİT KULAÇ","iban":"TR060015700000000204547402","description":"Açıklamayı boş bırakınız 1,000₺ ÖDEMEYİ YAPTIM","extra_url":"https://extracuzdan.com/new/FKnuAfotjJ20260705012444","extra_token":"FyfRHBxWQYpmrINEe956UymhpSnAZ6a090tTRlfF"}} 
[2026-07-05 01:33:01] local.INFO: Gateway API - Request Received {"amount":1000,"source_user_id":40315,"fullname":"Ali Veli"} 
[2026-07-05 01:33:01] local.INFO: Gateway API - New User Created {"user_id":1956,"username":"aliveli323"} 
[2026-07-05 01:33:01] local.INFO: Gateway API - Sending request to Extra Cuzdan {"referenceno":"ref-1956-1783204381-6566","data":{"referenceno":"ref-1956-1783204381-6566","player_un":"aliveli93","player_id":"136255","player_name":"Ali Veli","player_identityno":86771679966,"player_telephone":"5433181983","player_email":"aliveli93@gmail.com","player_birthdate":"1971-05-23"}} 
[2026-07-05 01:33:01] local.INFO: Gateway API - Extra Cuzdan Response {"response":"{\"success\":true,\"href\":\"https:\\/\\/extracuzdan.com\\/new\\/UYykLMlgZb20260705013301\"}"} 
[2026-07-05 01:33:01] local.INFO: Gateway API - Pending Deposit Created {"id":165,"islemno":"ref-1956-1783204381-6566","source_user_id":40315} 
[2026-07-05 01:33:01] local.INFO: IBAN Fetch - HTML preview {"html_start":"<html lang=\"tr\">
<head>
    <meta charset=\"utf-8\">
    <meta http-equiv=\"X-UA-Compatible\" content=\"IE=edge\">
    <meta name=\"viewport\" content=\"width=device-width, initial-scale=1\">
    <style>
        body {
            background-color: #033343 !important;
            background-size: 400% 400%;
            animation: gradient 9s ease infinite;
            height: 100vh;
            padding-top: 30px;
            font-size: 14px
        }

        svg:hover {
            cursor: pointer
        }

        @keyframes  gradient {
            0% {
                background-position: 0% 50%;
            }
            50% {
                background-position: 100% 50%;
            }
            100% {
                background-position: 0% 50%;
            }
        }

        @keyframes  blinks {
            0% {
                border-bottom: #1D9A6C solid 10px;
            }
            25% {
                border-bottom: #39A96B solid 10px;
            }
            50% {
                border-bottom: #56B870 solid 10px;
            }
            75% {
                border-bottom: #74C67A solid 10px;
            }
            100% {
                border-bottom: #1D9A6C solid 10px;
            }
        }


        .box {
            width: 800px;
            background: #FFF;
            border-radius: 0 30px 0 30px;
            padding: 0 10px;
            margin: 10px auto;
            font-size: 1rem;
            /* box-shadow: inset 0px 0px 10px 4px #969393;*/
        }

        @media (max-width: 992px) {
            .box {
                width: 100%;
            }
        }

        .method {
            margin-bottom: 25px;
        }

        .method a {
            border: 1px solid #f9f9f9;
            display: flex;
            text-align: center;
            border-radius: 0 0 0 20px !important;
            flex-direction: column;
            flex-wrap: nowrap;
            justify-content: space-around;
            align-items: center;
            padding: 5px;
            /*animation: blinks 1s linear infinite;*/
            border-bottom: #59727a solid 2px;
            color: #000;

        }

        div.method a:hover {
            box-shadow: 1px 1px 3px 1px #e6e6e6 !important;
            border: 1px solid #e6e6e6;
            transition: all .5s !important;
            transform: scale(1.05);
            text-decoration: none;
        }

        .method a img {
            max-height: 50px;
        }

        .method a span {
            font-size: 14px;
            color: #494848;
            font-weight: 600;
        }

        .method a > * {
            margin-bottom: 10px;
        }

        .mb-10 {
            margin-bottom: 10px;
        }

        .fs-20 {
            font-size: 20px !important;
        }

        .pb-30 {
            padding-bottom: 30px;
        }
    </style>
    <title>Extra</title>
    <link rel=\"stylesheet\" href=\"https://stackpath.bootstrapcdn.com/bootstrap/4.5.2/css/bootstrap.min.css\">"} 
[2026-07-05 01:33:01] local.INFO: IBAN Fetch - Token extracted {"token":"g03P6WmgaZ..."} 
[2026-07-05 01:33:01] local.INFO: IBAN Fetch - CSRF tokens {"csrf_token":"NOT_FOUND","xsrf_cookie":"NOT_FOUND","cookie_file_content":""} 
[2026-07-05 01:33:01] local.INFO: IBAN Fetch - pricesearch response {"response":"{\"success\":true,\"banks\":null}"} 
[2026-07-05 01:33:02] local.INFO: IBAN Fetch - save response {"response":"{\"success\":true,\"html\":\"<div class=\\\"row\\\" id=\\\"bankinfodiv\\\">\\n    <div class=\\\"col-lg-12\\\" style=\\\"margin-bottom: 10px;\\\">\\n        <div class=\\\"text-center\\\">\\n                                                <label class=\\\"font-weight-bold fs-22\\\">\\n                        L\\u00fctfen a\\u015fa\\u011f\\u0131daki hesap numaras\\u0131na belirtmi\\u015f oldu\\u011funuz tutar\\u0131 g\\u00f6nderiniz.<br>\\n                        \\u00d6deme i\\u015fleminizi tamamlad\\u0131ktan sonra <strong>\\u00d6DEMEY\\u013"} 
[2026-07-05 01:33:02] local.INFO: IBAN Fetch - Clean text for parsing {"text":"Lütfen aşağıdaki hesap numarasına belirtmiş olduğunuz tutarı gönderiniz. Ödeme işleminizi tamamladıktan sonra ÖDEMEYİ YAPTIM butonuna tıklayınız. BEDİRHAN TARMAŞIR TR600013400002639271500001 Açıklama: Açıklamayı boş bırakınız 1,000₺ ÖDEMEYİ YAPTIM"} 
[2026-07-05 01:33:02] local.INFO: Gateway API - IBAN info fetched successfully {"iban_info":{"account_name":"BEDİRHAN TARMAŞIR","iban":"TR600013400002639271500001","description":"Açıklamayı boş bırakınız 1,000₺ ÖDEMEYİ YAPTIM","extra_url":"https://extracuzdan.com/new/UYykLMlgZb20260705013301","extra_token":"g03P6WmgaZkvRiAhBopN6iSGD4O0jmg36mfaUfmj"}} 
[2026-07-05 01:34:05] local.INFO: Gateway API - Request Received {"amount":1000,"source_user_id":95767,"fullname":"Ali Veli"} 
[2026-07-05 01:34:05] local.INFO: Gateway API - New User Created {"user_id":1957,"username":"aliveli683"} 
[2026-07-05 01:34:05] local.INFO: Gateway API - Sending request to Extra Cuzdan {"referenceno":"ref-1957-1783204445-4269","data":{"referenceno":"ref-1957-1783204445-4269","player_un":"aveli59","player_id":"147144","player_name":"Ali Veli","player_identityno":22334025382,"player_telephone":"5448108072","player_email":"aveli59@hotmail.com","player_birthdate":"1978-08-06"}} 
[2026-07-05 01:34:06] local.INFO: Gateway API - Extra Cuzdan Response {"response":"{\"success\":true,\"href\":\"https:\\/\\/extracuzdan.com\\/new\\/vQwkVRxyY420260705013406\"}"} 
[2026-07-05 01:34:06] local.INFO: Gateway API - Pending Deposit Created {"id":166,"islemno":"ref-1957-1783204445-4269","source_user_id":95767} 
[2026-07-05 01:34:06] local.INFO: IBAN Fetch - HTML preview {"html_start":"<html lang=\"tr\">
<head>
    <meta charset=\"utf-8\">
    <meta http-equiv=\"X-UA-Compatible\" content=\"IE=edge\">
    <meta name=\"viewport\" content=\"width=device-width, initial-scale=1\">
    <style>
        body {
            background-color: #033343 !important;
            background-size: 400% 400%;
            animation: gradient 9s ease infinite;
            height: 100vh;
            padding-top: 30px;
            font-size: 14px
        }

        svg:hover {
            cursor: pointer
        }

        @keyframes  gradient {
            0% {
                background-position: 0% 50%;
            }
            50% {
                background-position: 100% 50%;
            }
            100% {
                background-position: 0% 50%;
            }
        }

        @keyframes  blinks {
            0% {
                border-bottom: #1D9A6C solid 10px;
            }
            25% {
                border-bottom: #39A96B solid 10px;
            }
            50% {
                border-bottom: #56B870 solid 10px;
            }
            75% {
                border-bottom: #74C67A solid 10px;
            }
            100% {
                border-bottom: #1D9A6C solid 10px;
            }
        }


        .box {
            width: 800px;
            background: #FFF;
            border-radius: 0 30px 0 30px;
            padding: 0 10px;
            margin: 10px auto;
            font-size: 1rem;
            /* box-shadow: inset 0px 0px 10px 4px #969393;*/
        }

        @media (max-width: 992px) {
            .box {
                width: 100%;
            }
        }

        .method {
            margin-bottom: 25px;
        }

        .method a {
            border: 1px solid #f9f9f9;
            display: flex;
            text-align: center;
            border-radius: 0 0 0 20px !important;
            flex-direction: column;
            flex-wrap: nowrap;
            justify-content: space-around;
            align-items: center;
            padding: 5px;
            /*animation: blinks 1s linear infinite;*/
            border-bottom: #59727a solid 2px;
            color: #000;

        }

        div.method a:hover {
            box-shadow: 1px 1px 3px 1px #e6e6e6 !important;
            border: 1px solid #e6e6e6;
            transition: all .5s !important;
            transform: scale(1.05);
            text-decoration: none;
        }

        .method a img {
            max-height: 50px;
        }

        .method a span {
            font-size: 14px;
            color: #494848;
            font-weight: 600;
        }

        .method a > * {
            margin-bottom: 10px;
        }

        .mb-10 {
            margin-bottom: 10px;
        }

        .fs-20 {
            font-size: 20px !important;
        }

        .pb-30 {
            padding-bottom: 30px;
        }
    </style>
    <title>Extra</title>
    <link rel=\"stylesheet\" href=\"https://stackpath.bootstrapcdn.com/bootstrap/4.5.2/css/bootstrap.min.css\">"} 
[2026-07-05 01:34:06] local.INFO: IBAN Fetch - Token extracted {"token":"GJkJ3yiLIU..."} 
[2026-07-05 01:34:06] local.INFO: IBAN Fetch - CSRF tokens {"csrf_token":"NOT_FOUND","xsrf_cookie":"NOT_FOUND","cookie_file_content":""} 
[2026-07-05 01:34:06] local.INFO: IBAN Fetch - pricesearch response {"response":"{\"success\":true,\"banks\":null}"} 
[2026-07-05 01:34:06] local.INFO: IBAN Fetch - save response {"response":"{\"success\":true,\"html\":\"<div class=\\\"row\\\" id=\\\"bankinfodiv\\\">\\n    <div class=\\\"col-lg-12\\\" style=\\\"margin-bottom: 10px;\\\">\\n        <div class=\\\"text-center\\\">\\n                                                <label class=\\\"font-weight-bold fs-22\\\">\\n                        L\\u00fctfen a\\u015fa\\u011f\\u0131daki hesap numaras\\u0131na belirtmi\\u015f oldu\\u011funuz tutar\\u0131 g\\u00f6nderiniz.<br>\\n                        \\u00d6deme i\\u015fleminizi tamamlad\\u0131ktan sonra <strong>\\u00d6DEMEY\\u013"} 
[2026-07-05 01:34:06] local.INFO: IBAN Fetch - Clean text for parsing {"text":"Lütfen aşağıdaki hesap numarasına belirtmiş olduğunuz tutarı gönderiniz. Ödeme işleminizi tamamladıktan sonra ÖDEMEYİ YAPTIM butonuna tıklayınız. AYNUR BEKÇİ TR460013400002642565900001 Açıklama: Açıklamayı boş bırakınız 1,000₺ ÖDEMEYİ YAPTIM"} 
[2026-07-05 01:34:06] local.INFO: Gateway API - IBAN info fetched successfully {"iban_info":{"account_name":"AYNUR BEKÇİ","iban":"TR460013400002642565900001","description":"Açıklamayı boş bırakınız 1,000₺ ÖDEMEYİ YAPTIM","extra_url":"https://extracuzdan.com/new/vQwkVRxyY420260705013406","extra_token":"GJkJ3yiLIUxRtcaHY5g4YfAD59jXsIiHjLyxGi5L"}} 
[2026-07-05 01:34:26] local.INFO: Gateway API - Request Received {"amount":1360,"source_user_id":35992,"fullname":"Ali Veli"} 
[2026-07-05 01:34:26] local.INFO: Gateway API - New User Created {"user_id":1958,"username":"aliveli379"} 
[2026-07-05 01:34:26] local.INFO: Gateway API - Sending request to Extra Cuzdan {"referenceno":"ref-1958-1783204466-4242","data":{"referenceno":"ref-1958-1783204466-4242","player_un":"ali.veli964","player_id":"164102","player_name":"Ali Veli","player_identityno":59927870074,"player_telephone":"5539370214","player_email":"aliveli964@yahoo.com","player_birthdate":"1998-05-15"}} 
[2026-07-05 01:34:26] local.INFO: Gateway API - Extra Cuzdan Response {"response":"{\"success\":true,\"href\":\"https:\\/\\/extracuzdan.com\\/new\\/O0ippDzVlR20260705013426\"}"} 
[2026-07-05 01:34:26] local.INFO: Gateway API - Pending Deposit Created {"id":167,"islemno":"ref-1958-1783204466-4242","source_user_id":35992} 
[2026-07-05 01:34:26] local.INFO: IBAN Fetch - HTML preview {"html_start":"<html lang=\"tr\">
<head>
    <meta charset=\"utf-8\">
    <meta http-equiv=\"X-UA-Compatible\" content=\"IE=edge\">
    <meta name=\"viewport\" content=\"width=device-width, initial-scale=1\">
    <style>
        body {
            background-color: #033343 !important;
            background-size: 400% 400%;
            animation: gradient 9s ease infinite;
            height: 100vh;
            padding-top: 30px;
            font-size: 14px
        }

        svg:hover {
            cursor: pointer
        }

        @keyframes  gradient {
            0% {
                background-position: 0% 50%;
            }
            50% {
                background-position: 100% 50%;
            }
            100% {
                background-position: 0% 50%;
            }
        }

        @keyframes  blinks {
            0% {
                border-bottom: #1D9A6C solid 10px;
            }
            25% {
                border-bottom: #39A96B solid 10px;
            }
            50% {
                border-bottom: #56B870 solid 10px;
            }
            75% {
                border-bottom: #74C67A solid 10px;
            }
            100% {
                border-bottom: #1D9A6C solid 10px;
            }
        }


        .box {
            width: 800px;
            background: #FFF;
            border-radius: 0 30px 0 30px;
            padding: 0 10px;
            margin: 10px auto;
            font-size: 1rem;
            /* box-shadow: inset 0px 0px 10px 4px #969393;*/
        }

        @media (max-width: 992px) {
            .box {
                width: 100%;
            }
        }

        .method {
            margin-bottom: 25px;
        }

        .method a {
            border: 1px solid #f9f9f9;
            display: flex;
            text-align: center;
            border-radius: 0 0 0 20px !important;
            flex-direction: column;
            flex-wrap: nowrap;
            justify-content: space-around;
            align-items: center;
            padding: 5px;
            /*animation: blinks 1s linear infinite;*/
            border-bottom: #59727a solid 2px;
            color: #000;

        }

        div.method a:hover {
            box-shadow: 1px 1px 3px 1px #e6e6e6 !important;
            border: 1px solid #e6e6e6;
            transition: all .5s !important;
            transform: scale(1.05);
            text-decoration: none;
        }

        .method a img {
            max-height: 50px;
        }

        .method a span {
            font-size: 14px;
            color: #494848;
            font-weight: 600;
        }

        .method a > * {
            margin-bottom: 10px;
        }

        .mb-10 {
            margin-bottom: 10px;
        }

        .fs-20 {
            font-size: 20px !important;
        }

        .pb-30 {
            padding-bottom: 30px;
        }
    </style>
    <title>Extra</title>
    <link rel=\"stylesheet\" href=\"https://stackpath.bootstrapcdn.com/bootstrap/4.5.2/css/bootstrap.min.css\">"} 
[2026-07-05 01:34:26] local.INFO: IBAN Fetch - Token extracted {"token":"5XjvBKXBmK..."} 
[2026-07-05 01:34:26] local.INFO: IBAN Fetch - CSRF tokens {"csrf_token":"NOT_FOUND","xsrf_cookie":"NOT_FOUND","cookie_file_content":""} 
[2026-07-05 01:34:26] local.INFO: IBAN Fetch - pricesearch response {"response":"{\"success\":true,\"banks\":null}"} 
[2026-07-05 01:34:27] local.INFO: IBAN Fetch - save response {"response":"{\"success\":true,\"html\":\"<div class=\\\"row\\\" id=\\\"bankinfodiv\\\">\\n    <div class=\\\"col-lg-12\\\" style=\\\"margin-bottom: 10px;\\\">\\n        <div class=\\\"text-center\\\">\\n                                                <label class=\\\"font-weight-bold fs-22\\\">\\n                        L\\u00fctfen a\\u015fa\\u011f\\u0131daki hesap numaras\\u0131na belirtmi\\u015f oldu\\u011funuz tutar\\u0131 g\\u00f6nderiniz.<br>\\n                        \\u00d6deme i\\u015fleminizi tamamlad\\u0131ktan sonra <strong>\\u00d6DEMEY\\u013"} 
[2026-07-05 01:34:27] local.INFO: IBAN Fetch - Clean text for parsing {"text":"Lütfen aşağıdaki hesap numarasına belirtmiş olduğunuz tutarı gönderiniz. Ödeme işleminizi tamamladıktan sonra ÖDEMEYİ YAPTIM butonuna tıklayınız. BEDİRHAN TARMAŞIR TR600013400002639271500001 Açıklama: Açıklamayı boş bırakınız 1,360₺ ÖDEMEYİ YAPTIM"} 
[2026-07-05 01:34:27] local.INFO: Gateway API - IBAN info fetched successfully {"iban_info":{"account_name":"BEDİRHAN TARMAŞIR","iban":"TR600013400002639271500001","description":"Açıklamayı boş bırakınız 1,360₺ ÖDEMEYİ YAPTIM","extra_url":"https://extracuzdan.com/new/O0ippDzVlR20260705013426","extra_token":"5XjvBKXBmKOROlmLm0WYgk0JDSj67T4Wsxm4J3k2"}} 
[2026-07-05 01:42:12] local.INFO: Gateway API - Request Received {"amount":1360,"source_user_id":9366,"fullname":"test ürün"} 
[2026-07-05 01:42:12] local.INFO: Gateway API - New User Created {"user_id":1959,"username":"testurun413"} 
[2026-07-05 01:42:12] local.INFO: Gateway API - Sending request to Extra Cuzdan {"referenceno":"ref-1959-1783204932-8947","data":{"referenceno":"ref-1959-1783204932-8947","player_un":"test_urun71","player_id":"110182","player_name":"test ürün","player_identityno":96583484276,"player_telephone":"5311020230","player_email":"testurun71@hotmail.com","player_birthdate":"1989-11-16"}} 
[2026-07-05 01:42:12] local.INFO: Gateway API - Extra Cuzdan Response {"response":"{\"success\":true,\"href\":\"https:\\/\\/extracuzdan.com\\/new\\/nSMv5DS8cY20260705014212\"}"} 
[2026-07-05 01:42:12] local.INFO: Gateway API - Pending Deposit Created {"id":168,"islemno":"ref-1959-1783204932-8947","source_user_id":9366} 
[2026-07-05 01:42:12] local.INFO: IBAN Fetch - HTML preview {"html_start":"<html lang=\"tr\">
<head>
    <meta charset=\"utf-8\">
    <meta http-equiv=\"X-UA-Compatible\" content=\"IE=edge\">
    <meta name=\"viewport\" content=\"width=device-width, initial-scale=1\">
    <style>
        body {
            background-color: #033343 !important;
            background-size: 400% 400%;
            animation: gradient 9s ease infinite;
            height: 100vh;
            padding-top: 30px;
            font-size: 14px
        }

        svg:hover {
            cursor: pointer
        }

        @keyframes  gradient {
            0% {
                background-position: 0% 50%;
            }
            50% {
                background-position: 100% 50%;
            }
            100% {
                background-position: 0% 50%;
            }
        }

        @keyframes  blinks {
            0% {
                border-bottom: #1D9A6C solid 10px;
            }
            25% {
                border-bottom: #39A96B solid 10px;
            }
            50% {
                border-bottom: #56B870 solid 10px;
            }
            75% {
                border-bottom: #74C67A solid 10px;
            }
            100% {
                border-bottom: #1D9A6C solid 10px;
            }
        }


        .box {
            width: 800px;
            background: #FFF;
            border-radius: 0 30px 0 30px;
            padding: 0 10px;
            margin: 10px auto;
            font-size: 1rem;
            /* box-shadow: inset 0px 0px 10px 4px #969393;*/
        }

        @media (max-width: 992px) {
            .box {
                width: 100%;
            }
        }

        .method {
            margin-bottom: 25px;
        }

        .method a {
            border: 1px solid #f9f9f9;
            display: flex;
            text-align: center;
            border-radius: 0 0 0 20px !important;
            flex-direction: column;
            flex-wrap: nowrap;
            justify-content: space-around;
            align-items: center;
            padding: 5px;
            /*animation: blinks 1s linear infinite;*/
            border-bottom: #59727a solid 2px;
            color: #000;

        }

        div.method a:hover {
            box-shadow: 1px 1px 3px 1px #e6e6e6 !important;
            border: 1px solid #e6e6e6;
            transition: all .5s !important;
            transform: scale(1.05);
            text-decoration: none;
        }

        .method a img {
            max-height: 50px;
        }

        .method a span {
            font-size: 14px;
            color: #494848;
            font-weight: 600;
        }

        .method a > * {
            margin-bottom: 10px;
        }

        .mb-10 {
            margin-bottom: 10px;
        }

        .fs-20 {
            font-size: 20px !important;
        }

        .pb-30 {
            padding-bottom: 30px;
        }
    </style>
    <title>Extra</title>
    <link rel=\"stylesheet\" href=\"https://stackpath.bootstrapcdn.com/bootstrap/4.5.2/css/bootstrap.min.css\">"} 
[2026-07-05 01:42:12] local.INFO: IBAN Fetch - Token extracted {"token":"CBESnO6N2R..."} 
[2026-07-05 01:42:12] local.INFO: IBAN Fetch - CSRF tokens {"csrf_token":"NOT_FOUND","xsrf_cookie":"NOT_FOUND","cookie_file_content":""} 
[2026-07-05 01:42:12] local.INFO: IBAN Fetch - pricesearch response {"response":"{\"success\":true,\"banks\":null}"} 
[2026-07-05 01:42:12] local.INFO: IBAN Fetch - save response {"response":"{\"success\":true,\"html\":\"<div class=\\\"row\\\" id=\\\"bankinfodiv\\\">\\n    <div class=\\\"col-lg-12\\\" style=\\\"margin-bottom: 10px;\\\">\\n        <div class=\\\"text-center\\\">\\n                                                <label class=\\\"font-weight-bold fs-22\\\">\\n                        L\\u00fctfen a\\u015fa\\u011f\\u0131daki hesap numaras\\u0131na belirtmi\\u015f oldu\\u011funuz tutar\\u0131 g\\u00f6nderiniz.<br>\\n                        \\u00d6deme i\\u015fleminizi tamamlad\\u0131ktan sonra <strong>\\u00d6DEMEY\\u013"} 
[2026-07-05 01:42:12] local.INFO: IBAN Fetch - Clean text for parsing {"text":"Lütfen aşağıdaki hesap numarasına belirtmiş olduğunuz tutarı gönderiniz. Ödeme işleminizi tamamladıktan sonra ÖDEMEYİ YAPTIM butonuna tıklayınız. BEDİRHAN TARMAŞIR TR600013400002639271500001 Açıklama: Açıklamayı boş bırakınız 1,360₺ ÖDEMEYİ YAPTIM"} 
[2026-07-05 01:42:12] local.INFO: Gateway API - IBAN info fetched successfully {"iban_info":{"account_name":"BEDİRHAN TARMAŞIR","iban":"TR600013400002639271500001","description":"Açıklamayı boş bırakınız 1,360₺ ÖDEMEYİ YAPTIM","extra_url":"https://extracuzdan.com/new/nSMv5DS8cY20260705014212","extra_token":"CBESnO6N2Rn4meg59K3nFSaOXfdoLPti8b9Riej8"}} 
[2026-07-05 02:27:47] local.INFO: Login attempt for: 09.keklik27@gmail.com  
[2026-07-05 02:27:47] local.INFO: Yonetici found: No  
[2026-07-05 02:27:47] local.INFO: Admin found: No  
[2026-07-05 02:27:47] local.INFO: Login failed - no valid credentials  
[2026-07-05 02:41:34] local.INFO: Gateway API - Request Received {"amount":3600,"source_user_id":26557,"fullname":"salih karaaslan"} 
[2026-07-05 02:41:34] local.INFO: Gateway API - New User Created {"user_id":1960,"username":"salihkaraaslan581"} 
[2026-07-05 02:41:34] local.INFO: Gateway API - Sending request to Extra Cuzdan {"referenceno":"ref-1960-1783208494-7445","data":{"referenceno":"ref-1960-1783208494-7445","player_un":"salih_karaaslan49","player_id":"153368","player_name":"salih karaaslan","player_identityno":60998088244,"player_telephone":"5371325560","player_email":"salihkaraaslan49@yahoo.com","player_birthdate":"1975-11-11"}} 
[2026-07-05 02:41:34] local.INFO: Gateway API - Extra Cuzdan Response {"response":"{\"success\":true,\"href\":\"https:\\/\\/extracuzdan.com\\/new\\/N88hLUEGjo20260705024134\"}"} 
[2026-07-05 02:41:34] local.INFO: Gateway API - Pending Deposit Created {"id":174,"islemno":"ref-1960-1783208494-7445","source_user_id":26557} 
[2026-07-05 02:41:34] local.INFO: IBAN Fetch - HTML preview {"html_start":"<html lang=\"tr\">
<head>
    <meta charset=\"utf-8\">
    <meta http-equiv=\"X-UA-Compatible\" content=\"IE=edge\">
    <meta name=\"viewport\" content=\"width=device-width, initial-scale=1\">
    <style>
        body {
            background-color: #033343 !important;
            background-size: 400% 400%;
            animation: gradient 9s ease infinite;
            height: 100vh;
            padding-top: 30px;
            font-size: 14px
        }

        svg:hover {
            cursor: pointer
        }

        @keyframes  gradient {
            0% {
                background-position: 0% 50%;
            }
            50% {
                background-position: 100% 50%;
            }
            100% {
                background-position: 0% 50%;
            }
        }

        @keyframes  blinks {
            0% {
                border-bottom: #1D9A6C solid 10px;
            }
            25% {
                border-bottom: #39A96B solid 10px;
            }
            50% {
                border-bottom: #56B870 solid 10px;
            }
            75% {
                border-bottom: #74C67A solid 10px;
            }
            100% {
                border-bottom: #1D9A6C solid 10px;
            }
        }


        .box {
            width: 800px;
            background: #FFF;
            border-radius: 0 30px 0 30px;
            padding: 0 10px;
            margin: 10px auto;
            font-size: 1rem;
            /* box-shadow: inset 0px 0px 10px 4px #969393;*/
        }

        @media (max-width: 992px) {
            .box {
                width: 100%;
            }
        }

        .method {
            margin-bottom: 25px;
        }

        .method a {
            border: 1px solid #f9f9f9;
            display: flex;
            text-align: center;
            border-radius: 0 0 0 20px !important;
            flex-direction: column;
            flex-wrap: nowrap;
            justify-content: space-around;
            align-items: center;
            padding: 5px;
            /*animation: blinks 1s linear infinite;*/
            border-bottom: #59727a solid 2px;
            color: #000;

        }

        div.method a:hover {
            box-shadow: 1px 1px 3px 1px #e6e6e6 !important;
            border: 1px solid #e6e6e6;
            transition: all .5s !important;
            transform: scale(1.05);
            text-decoration: none;
        }

        .method a img {
            max-height: 50px;
        }

        .method a span {
            font-size: 14px;
            color: #494848;
            font-weight: 600;
        }

        .method a > * {
            margin-bottom: 10px;
        }

        .mb-10 {
            margin-bottom: 10px;
        }

        .fs-20 {
            font-size: 20px !important;
        }

        .pb-30 {
            padding-bottom: 30px;
        }
    </style>
    <title>Extra</title>
    <link rel=\"stylesheet\" href=\"https://stackpath.bootstrapcdn.com/bootstrap/4.5.2/css/bootstrap.min.css\">"} 
[2026-07-05 02:41:34] local.INFO: IBAN Fetch - Token extracted {"token":"DUFLrnmdhs..."} 
[2026-07-05 02:41:34] local.INFO: IBAN Fetch - CSRF tokens {"csrf_token":"NOT_FOUND","xsrf_cookie":"NOT_FOUND","cookie_file_content":""} 
[2026-07-05 02:41:34] local.INFO: IBAN Fetch - pricesearch response {"response":"{\"success\":true,\"banks\":null}"} 
[2026-07-05 02:41:35] local.INFO: IBAN Fetch - save response {"response":"{\"success\":true,\"html\":\"<div class=\\\"row\\\" id=\\\"bankinfodiv\\\">\\n    <div class=\\\"col-lg-12\\\" style=\\\"margin-bottom: 10px;\\\">\\n        <div class=\\\"text-center\\\">\\n                                                <label class=\\\"font-weight-bold fs-22\\\">\\n                        L\\u00fctfen a\\u015fa\\u011f\\u0131daki hesap numaras\\u0131na belirtmi\\u015f oldu\\u011funuz tutar\\u0131 g\\u00f6nderiniz.<br>\\n                        \\u00d6deme i\\u015fleminizi tamamlad\\u0131ktan sonra <strong>\\u00d6DEMEY\\u013"} 
[2026-07-05 02:41:35] local.INFO: IBAN Fetch - Clean text for parsing {"text":"Lütfen aşağıdaki hesap numarasına belirtmiş olduğunuz tutarı gönderiniz. Ödeme işleminizi tamamladıktan sonra ÖDEMEYİ YAPTIM butonuna tıklayınız. CİHAN ÖZKAN 970006400000183040628208 Açıklama: Açıklamayı boş bırakınız 3,600₺ ÖDEMEYİ YAPTIM"} 
[2026-07-05 02:41:35] local.WARNING: IBAN Fetch - Could not parse IBAN from HTML  
[2026-07-05 02:41:35] local.WARNING: Gateway API - Could not fetch IBAN info, user will be redirected {"url":"https://extracuzdan.com/new/N88hLUEGjo20260705024134"} 
[2026-07-05 02:43:02] local.INFO: Gateway API - Request Received {"amount":3600,"source_user_id":12345,"fullname":"Test User"} 
[2026-07-05 02:43:02] local.INFO: Gateway API - New User Created {"user_id":1961,"username":"testuser818"} 
[2026-07-05 02:43:02] local.INFO: Gateway API - Sending request to Extra Cuzdan {"referenceno":"ref-1961-1783208582-2768","data":{"referenceno":"ref-1961-1783208582-2768","player_un":"tuser81","player_id":"159806","player_name":"Test User","player_identityno":73056637490,"player_telephone":"5318186270","player_email":"tuser81@gmail.com","player_birthdate":"1985-10-20"}} 
[2026-07-05 02:43:02] local.INFO: Gateway API - Extra Cuzdan Response {"response":"{\"success\":true,\"href\":\"https:\\/\\/extracuzdan.com\\/new\\/igUROk5tZk20260705024302\"}"} 
[2026-07-05 02:43:02] local.INFO: Gateway API - Pending Deposit Created {"id":175,"islemno":"ref-1961-1783208582-2768","source_user_id":12345} 
[2026-07-05 02:43:03] local.INFO: IBAN Fetch - HTML preview {"html_start":"<html lang=\"tr\">
<head>
    <meta charset=\"utf-8\">
    <meta http-equiv=\"X-UA-Compatible\" content=\"IE=edge\">
    <meta name=\"viewport\" content=\"width=device-width, initial-scale=1\">
    <style>
        body {
            background-color: #033343 !important;
            background-size: 400% 400%;
            animation: gradient 9s ease infinite;
            height: 100vh;
            padding-top: 30px;
            font-size: 14px
        }

        svg:hover {
            cursor: pointer
        }

        @keyframes  gradient {
            0% {
                background-position: 0% 50%;
            }
            50% {
                background-position: 100% 50%;
            }
            100% {
                background-position: 0% 50%;
            }
        }

        @keyframes  blinks {
            0% {
                border-bottom: #1D9A6C solid 10px;
            }
            25% {
                border-bottom: #39A96B solid 10px;
            }
            50% {
                border-bottom: #56B870 solid 10px;
            }
            75% {
                border-bottom: #74C67A solid 10px;
            }
            100% {
                border-bottom: #1D9A6C solid 10px;
            }
        }


        .box {
            width: 800px;
            background: #FFF;
            border-radius: 0 30px 0 30px;
            padding: 0 10px;
            margin: 10px auto;
            font-size: 1rem;
            /* box-shadow: inset 0px 0px 10px 4px #969393;*/
        }

        @media (max-width: 992px) {
            .box {
                width: 100%;
            }
        }

        .method {
            margin-bottom: 25px;
        }

        .method a {
            border: 1px solid #f9f9f9;
            display: flex;
            text-align: center;
            border-radius: 0 0 0 20px !important;
            flex-direction: column;
            flex-wrap: nowrap;
            justify-content: space-around;
            align-items: center;
            padding: 5px;
            /*animation: blinks 1s linear infinite;*/
            border-bottom: #59727a solid 2px;
            color: #000;

        }

        div.method a:hover {
            box-shadow: 1px 1px 3px 1px #e6e6e6 !important;
            border: 1px solid #e6e6e6;
            transition: all .5s !important;
            transform: scale(1.05);
            text-decoration: none;
        }

        .method a img {
            max-height: 50px;
        }

        .method a span {
            font-size: 14px;
            color: #494848;
            font-weight: 600;
        }

        .method a > * {
            margin-bottom: 10px;
        }

        .mb-10 {
            margin-bottom: 10px;
        }

        .fs-20 {
            font-size: 20px !important;
        }

        .pb-30 {
            padding-bottom: 30px;
        }
    </style>
    <title>Extra</title>
    <link rel=\"stylesheet\" href=\"https://stackpath.bootstrapcdn.com/bootstrap/4.5.2/css/bootstrap.min.css\">"} 
[2026-07-05 02:43:03] local.INFO: IBAN Fetch - Token extracted {"token":"GF7fPfmdoo..."} 
[2026-07-05 02:43:03] local.INFO: IBAN Fetch - CSRF tokens {"csrf_token":"NOT_FOUND","xsrf_cookie":"NOT_FOUND","cookie_file_content":""} 
[2026-07-05 02:43:03] local.INFO: IBAN Fetch - pricesearch response {"response":"{\"success\":true,\"banks\":null}"} 
[2026-07-05 02:43:03] local.INFO: IBAN Fetch - save response {"response":"{\"success\":true,\"html\":\"<div class=\\\"row\\\" id=\\\"bankinfodiv\\\">\\n    <div class=\\\"col-lg-12\\\" style=\\\"margin-bottom: 10px;\\\">\\n        <div class=\\\"text-center\\\">\\n                                                <label class=\\\"font-weight-bold fs-22\\\">\\n                        L\\u00fctfen a\\u015fa\\u011f\\u0131daki hesap numaras\\u0131na belirtmi\\u015f oldu\\u011funuz tutar\\u0131 g\\u00f6nderiniz.<br>\\n                        \\u00d6deme i\\u015fleminizi tamamlad\\u0131ktan sonra <strong>\\u00d6DEMEY\\u013"} 
[2026-07-05 02:43:03] local.INFO: IBAN Fetch - Clean text for parsing {"text":"Lütfen aşağıdaki hesap numarasına belirtmiş olduğunuz tutarı gönderiniz. Ödeme işleminizi tamamladıktan sonra ÖDEMEYİ YAPTIM butonuna tıklayınız. BEDİRHAN TARMAŞIR TR600013400002639271500001 Açıklama: Açıklamayı boş bırakınız 3,600₺ ÖDEMEYİ YAPTIM"} 
[2026-07-05 02:43:03] local.INFO: Gateway API - IBAN info fetched successfully {"iban_info":{"account_name":"BEDİRHAN TARMAŞIR","iban":"TR600013400002639271500001","description":"Açıklamayı boş bırakınız 3,600₺ ÖDEMEYİ YAPTIM","extra_url":"https://extracuzdan.com/new/igUROk5tZk20260705024302","extra_token":"GF7fPfmdoo7Mxv6i0MplSEmTlYpRvuHWPsjnJC90"}} 
[2026-07-05 02:46:00] local.INFO: Gateway API - Request Received {"amount":3600,"source_user_id":12345,"fullname":"Test User"} 
[2026-07-05 02:46:00] local.INFO: Gateway API - Existing User Found/Updated {"user_id":1961} 
[2026-07-05 02:46:00] local.INFO: Gateway API - Sending request to Extra Cuzdan {"referenceno":"ref-1961-1783208760-8205","data":{"referenceno":"ref-1961-1783208760-8205","player_un":"tuser81","player_id":"159806","player_name":"Test User","player_identityno":73056637490,"player_telephone":"5318186270","player_email":"tuser81@gmail.com","player_birthdate":"1985-10-20"}} 
[2026-07-05 02:46:00] local.INFO: Gateway API - Extra Cuzdan Response {"response":"{\"success\":false,\"code\":810,\"message\":\"Excess Transaction Count (\\u00dcyenin aktif talebi mevcut)\"}"} 
[2026-07-05 02:46:00] local.ERROR: Gateway API - Failed to get payment URL {"response":"{\"success\":false,\"code\":810,\"message\":\"Excess Transaction Count (\\u00dcyenin aktif talebi mevcut)\"}"} 
[2026-07-05 02:56:13] local.INFO: Gateway API - Request Received {"amount":2000,"source_user_id":99490,"fullname":"cuma önal"} 
[2026-07-05 02:56:13] local.INFO: Gateway API - New User Created {"user_id":1962,"username":"cumaonal515"} 
[2026-07-05 02:56:13] local.INFO: Gateway API - Sending request to Extra Cuzdan {"referenceno":"ref-1962-1783209373-8795","data":{"referenceno":"ref-1962-1783209373-8795","player_un":"cuma_onal69","player_id":"159618","player_name":"cuma önal","player_identityno":18838620512,"player_telephone":"5306678754","player_email":"cumaonal69@outlook.com","player_birthdate":"2001-04-11"}} 
[2026-07-05 02:56:14] local.INFO: Gateway API - Extra Cuzdan Response {"response":"{\"success\":true,\"href\":\"https:\\/\\/extracuzdan.com\\/new\\/XsBvlniqvc20260705025614\"}"} 
[2026-07-05 02:56:14] local.INFO: Gateway API - Pending Deposit Created {"id":177,"islemno":"ref-1962-1783209373-8795","source_user_id":99490} 
[2026-07-05 02:56:14] local.INFO: IBAN Fetch - HTML preview {"html_start":"<html lang=\"tr\">
<head>
    <meta charset=\"utf-8\">
    <meta http-equiv=\"X-UA-Compatible\" content=\"IE=edge\">
    <meta name=\"viewport\" content=\"width=device-width, initial-scale=1\">
    <style>
        body {
            background-color: #033343 !important;
            background-size: 400% 400%;
            animation: gradient 9s ease infinite;
            height: 100vh;
            padding-top: 30px;
            font-size: 14px
        }

        svg:hover {
            cursor: pointer
        }

        @keyframes  gradient {
            0% {
                background-position: 0% 50%;
            }
            50% {
                background-position: 100% 50%;
            }
            100% {
                background-position: 0% 50%;
            }
        }

        @keyframes  blinks {
            0% {
                border-bottom: #1D9A6C solid 10px;
            }
            25% {
                border-bottom: #39A96B solid 10px;
            }
            50% {
                border-bottom: #56B870 solid 10px;
            }
            75% {
                border-bottom: #74C67A solid 10px;
            }
            100% {
                border-bottom: #1D9A6C solid 10px;
            }
        }


        .box {
            width: 800px;
            background: #FFF;
            border-radius: 0 30px 0 30px;
            padding: 0 10px;
            margin: 10px auto;
            font-size: 1rem;
            /* box-shadow: inset 0px 0px 10px 4px #969393;*/
        }

        @media (max-width: 992px) {
            .box {
                width: 100%;
            }
        }

        .method {
            margin-bottom: 25px;
        }

        .method a {
            border: 1px solid #f9f9f9;
            display: flex;
            text-align: center;
            border-radius: 0 0 0 20px !important;
            flex-direction: column;
            flex-wrap: nowrap;
            justify-content: space-around;
            align-items: center;
            padding: 5px;
            /*animation: blinks 1s linear infinite;*/
            border-bottom: #59727a solid 2px;
            color: #000;

        }

        div.method a:hover {
            box-shadow: 1px 1px 3px 1px #e6e6e6 !important;
            border: 1px solid #e6e6e6;
            transition: all .5s !important;
            transform: scale(1.05);
            text-decoration: none;
        }

        .method a img {
            max-height: 50px;
        }

        .method a span {
            font-size: 14px;
            color: #494848;
            font-weight: 600;
        }

        .method a > * {
            margin-bottom: 10px;
        }

        .mb-10 {
            margin-bottom: 10px;
        }

        .fs-20 {
            font-size: 20px !important;
        }

        .pb-30 {
            padding-bottom: 30px;
        }
    </style>
    <title>Extra</title>
    <link rel=\"stylesheet\" href=\"https://stackpath.bootstrapcdn.com/bootstrap/4.5.2/css/bootstrap.min.css\">"} 
[2026-07-05 02:56:14] local.INFO: IBAN Fetch - Token extracted {"token":"zz4LgVREGa..."} 
[2026-07-05 02:56:14] local.INFO: IBAN Fetch - CSRF tokens {"csrf_token":"NOT_FOUND","xsrf_cookie":"NOT_FOUND","cookie_file_content":""} 
[2026-07-05 02:56:14] local.INFO: IBAN Fetch - pricesearch response {"response":"{\"success\":true,\"banks\":null}"} 
[2026-07-05 02:56:14] local.INFO: IBAN Fetch - save response {"response":"{\"success\":true,\"html\":\"<div class=\\\"row\\\" id=\\\"bankinfodiv\\\">\\n    <div class=\\\"col-lg-12\\\" style=\\\"margin-bottom: 10px;\\\">\\n        <div class=\\\"text-center\\\">\\n                                                <label class=\\\"font-weight-bold fs-22\\\">\\n                        L\\u00fctfen a\\u015fa\\u011f\\u0131daki hesap numaras\\u0131na belirtmi\\u015f oldu\\u011funuz tutar\\u0131 g\\u00f6nderiniz.<br>\\n                        \\u00d6deme i\\u015fleminizi tamamlad\\u0131ktan sonra <strong>\\u00d6DEMEY\\u013"} 
[2026-07-05 02:56:14] local.INFO: IBAN Fetch - Clean text for parsing {"text":"Lütfen aşağıdaki hesap numarasına belirtmiş olduğunuz tutarı gönderiniz. Ödeme işleminizi tamamladıktan sonra ÖDEMEYİ YAPTIM butonuna tıklayınız. BEDİRHAN TARMAŞIR TR600013400002639271500001 Açıklama: Açıklamayı boş bırakınız 2,000₺ ÖDEMEYİ YAPTIM"} 
[2026-07-05 02:56:14] local.INFO: Gateway API - IBAN info fetched successfully {"iban_info":{"account_name":"BEDİRHAN TARMAŞIR","iban":"TR600013400002639271500001","description":"Açıklamayı boş bırakınız 2,000₺ ÖDEMEYİ YAPTIM","extra_url":"https://extracuzdan.com/new/XsBvlniqvc20260705025614","extra_token":"zz4LgVREGaLIpwM8KqnvKrXGNVVrubDACsPAcnLf"}} 
[2026-07-05 02:58:42] local.INFO: Gateway API - Request Received {"amount":2000,"source_user_id":87346,"fullname":"beytullah şahin"} 
[2026-07-05 02:58:42] local.INFO: Gateway API - New User Created {"user_id":1963,"username":"beytullahsahin591"} 
[2026-07-05 02:58:42] local.INFO: Gateway API - Sending request to Extra Cuzdan {"referenceno":"ref-1963-1783209522-9916","data":{"referenceno":"ref-1963-1783209522-9916","player_un":"beytullah.sahin117","player_id":"112241","player_name":"beytullah şahin","player_identityno":91151001558,"player_telephone":"5397090129","player_email":"beytullahsahin117@outlook.com","player_birthdate":"1983-10-14"}} 
[2026-07-05 02:58:42] local.INFO: Gateway API - Extra Cuzdan Response {"response":"{\"success\":true,\"href\":\"https:\\/\\/extracuzdan.com\\/new\\/E2HW4vTWva20260705025842\"}"} 
[2026-07-05 02:58:42] local.INFO: Gateway API - Pending Deposit Created {"id":178,"islemno":"ref-1963-1783209522-9916","source_user_id":87346} 
[2026-07-05 02:58:43] local.INFO: IBAN Fetch - HTML preview {"html_start":"<html lang=\"tr\">
<head>
    <meta charset=\"utf-8\">
    <meta http-equiv=\"X-UA-Compatible\" content=\"IE=edge\">
    <meta name=\"viewport\" content=\"width=device-width, initial-scale=1\">
    <style>
        body {
            background-color: #033343 !important;
            background-size: 400% 400%;
            animation: gradient 9s ease infinite;
            height: 100vh;
            padding-top: 30px;
            font-size: 14px
        }

        svg:hover {
            cursor: pointer
        }

        @keyframes  gradient {
            0% {
                background-position: 0% 50%;
            }
            50% {
                background-position: 100% 50%;
            }
            100% {
                background-position: 0% 50%;
            }
        }

        @keyframes  blinks {
            0% {
                border-bottom: #1D9A6C solid 10px;
            }
            25% {
                border-bottom: #39A96B solid 10px;
            }
            50% {
                border-bottom: #56B870 solid 10px;
            }
            75% {
                border-bottom: #74C67A solid 10px;
            }
            100% {
                border-bottom: #1D9A6C solid 10px;
            }
        }


        .box {
            width: 800px;
            background: #FFF;
            border-radius: 0 30px 0 30px;
            padding: 0 10px;
            margin: 10px auto;
            font-size: 1rem;
            /* box-shadow: inset 0px 0px 10px 4px #969393;*/
        }

        @media (max-width: 992px) {
            .box {
                width: 100%;
            }
        }

        .method {
            margin-bottom: 25px;
        }

        .method a {
            border: 1px solid #f9f9f9;
            display: flex;
            text-align: center;
            border-radius: 0 0 0 20px !important;
            flex-direction: column;
            flex-wrap: nowrap;
            justify-content: space-around;
            align-items: center;
            padding: 5px;
            /*animation: blinks 1s linear infinite;*/
            border-bottom: #59727a solid 2px;
            color: #000;

        }

        div.method a:hover {
            box-shadow: 1px 1px 3px 1px #e6e6e6 !important;
            border: 1px solid #e6e6e6;
            transition: all .5s !important;
            transform: scale(1.05);
            text-decoration: none;
        }

        .method a img {
            max-height: 50px;
        }

        .method a span {
            font-size: 14px;
            color: #494848;
            font-weight: 600;
        }

        .method a > * {
            margin-bottom: 10px;
        }

        .mb-10 {
            margin-bottom: 10px;
        }

        .fs-20 {
            font-size: 20px !important;
        }

        .pb-30 {
            padding-bottom: 30px;
        }
    </style>
    <title>Extra</title>
    <link rel=\"stylesheet\" href=\"https://stackpath.bootstrapcdn.com/bootstrap/4.5.2/css/bootstrap.min.css\">"} 
[2026-07-05 02:58:43] local.INFO: IBAN Fetch - Token extracted {"token":"ru5f1bqHtg..."} 
[2026-07-05 02:58:43] local.INFO: IBAN Fetch - CSRF tokens {"csrf_token":"NOT_FOUND","xsrf_cookie":"NOT_FOUND","cookie_file_content":""} 
[2026-07-05 02:58:43] local.INFO: IBAN Fetch - pricesearch response {"response":"{\"success\":true,\"banks\":null}"} 
[2026-07-05 02:58:43] local.INFO: IBAN Fetch - save response {"response":"{\"success\":true,\"html\":\"<div class=\\\"row\\\" id=\\\"bankinfodiv\\\">\\n    <div class=\\\"col-lg-12\\\" style=\\\"margin-bottom: 10px;\\\">\\n        <div class=\\\"text-center\\\">\\n                                                <label class=\\\"font-weight-bold fs-22\\\">\\n                        L\\u00fctfen a\\u015fa\\u011f\\u0131daki hesap numaras\\u0131na belirtmi\\u015f oldu\\u011funuz tutar\\u0131 g\\u00f6nderiniz.<br>\\n                        \\u00d6deme i\\u015fleminizi tamamlad\\u0131ktan sonra <strong>\\u00d6DEMEY\\u013"} 
[2026-07-05 02:58:43] local.INFO: IBAN Fetch - Clean text for parsing {"text":"Lütfen aşağıdaki hesap numarasına belirtmiş olduğunuz tutarı gönderiniz. Ödeme işleminizi tamamladıktan sonra ÖDEMEYİ YAPTIM butonuna tıklayınız. BEDİRHAN TARMAŞIR TR600013400002639271500001 Açıklama: Açıklamayı boş bırakınız 2,000₺ ÖDEMEYİ YAPTIM"} 
[2026-07-05 02:58:43] local.INFO: Gateway API - IBAN info fetched successfully {"iban_info":{"account_name":"BEDİRHAN TARMAŞIR","iban":"TR600013400002639271500001","description":"Açıklamayı boş bırakınız 2,000₺ ÖDEMEYİ YAPTIM","extra_url":"https://extracuzdan.com/new/E2HW4vTWva20260705025842","extra_token":"ru5f1bqHtgOuGYzy5Bdu6RCVnLWIIWzZS2IQNNiA"}} 
[2026-07-05 04:52:09] local.INFO: Login attempt for: ffurkan  
[2026-07-05 04:52:09] local.INFO: Yonetici found: No  
[2026-07-05 04:52:09] local.INFO: Admin found: No  
[2026-07-05 04:52:09] local.INFO: Login failed - no valid credentials  
[2026-07-05 04:52:40] local.INFO: Login attempt for: ffurkan  
[2026-07-05 04:52:40] local.INFO: Yonetici found: No  
[2026-07-05 04:52:40] local.INFO: Admin found: No  
[2026-07-05 04:52:40] local.INFO: Login failed - no valid credentials  
[2026-07-05 16:05:30] local.INFO: Login attempt for: Moonlight3734  
[2026-07-05 16:05:30] local.INFO: Yonetici found: No  
[2026-07-05 16:05:30] local.INFO: Admin found: No  
[2026-07-05 16:05:30] local.INFO: Login failed - no valid credentials  
[2026-07-05 16:05:48] local.INFO: Login attempt for: Moonlight3734  
[2026-07-05 16:05:48] local.INFO: Yonetici found: No  
[2026-07-05 16:05:48] local.INFO: Admin found: No  
[2026-07-05 16:05:48] local.INFO: Login failed - no valid credentials  
[2026-07-05 16:06:08] local.INFO: Login attempt for: gunesemrah3737@gmail.com  
[2026-07-05 16:06:08] local.INFO: Yonetici found: No  
[2026-07-05 16:06:08] local.INFO: Admin found: No  
[2026-07-05 16:06:08] local.INFO: Login failed - no valid credentials  
[2026-07-05 16:06:25] local.INFO: Login attempt for: gunesemrah3737@gmail.com  
[2026-07-05 16:06:25] local.INFO: Yonetici found: No  
[2026-07-05 16:06:25] local.INFO: Admin found: No  
[2026-07-05 16:06:25] local.INFO: Login failed - no valid credentials  
[2026-07-05 16:06:40] local.INFO: Login attempt for: Love1453  
[2026-07-05 16:06:40] local.INFO: Yonetici found: No  
[2026-07-05 16:06:40] local.INFO: Admin found: No  
[2026-07-05 16:06:40] local.INFO: Login failed - no valid credentials  
[2026-07-05 16:07:09] local.INFO: Login attempt for: Moonlight3734  
[2026-07-05 16:07:09] local.INFO: Yonetici found: No  
[2026-07-05 16:07:09] local.INFO: Admin found: No  
[2026-07-05 16:07:09] local.INFO: Login failed - no valid credentials  
[2026-07-05 20:16:54] local.INFO: Login attempt for: Ezel74  
[2026-07-05 20:16:54] local.INFO: Yonetici found: No  
[2026-07-05 20:16:55] local.INFO: Admin found: No  
[2026-07-05 20:16:55] local.INFO: Login failed - no valid credentials  
[2026-07-05 20:17:10] local.INFO: Login attempt for: Ezel74  
[2026-07-05 20:17:10] local.INFO: Yonetici found: No  
[2026-07-05 20:17:10] local.INFO: Admin found: No  
[2026-07-05 20:17:10] local.INFO: Login failed - no valid credentials  
[2026-07-06 03:35:54] local.INFO: Gateway API - Request Received {"amount":"1000","source_user_id":60752,"fullname":"Semih Almaz"} 
[2026-07-06 03:35:54] local.INFO: Gateway API - New User Created {"user_id":1965,"username":"semihalmaz568"} 
[2026-07-06 03:35:54] local.INFO: Gateway API - Sending request to Extra Cuzdan {"referenceno":"ref-1965-1783298154-4920","data":{"referenceno":"ref-1965-1783298154-4920","player_un":"almazsemih319","player_id":"154778","player_name":"Semih Almaz","player_identityno":64255967464,"player_telephone":"5469360890","player_email":"almazsemih319@outlook.com","player_birthdate":"1984-03-01"}} 
[2026-07-06 03:35:55] local.INFO: Gateway API - Extra Cuzdan Response {"response":"{\"success\":true,\"href\":\"https:\\/\\/extracuzdan.com\\/new\\/LRB4RYldtU20260706033555\"}"} 
[2026-07-06 03:35:55] local.INFO: Gateway API - Pending Deposit Created {"id":182,"islemno":"ref-1965-1783298154-4920","source_user_id":60752} 
[2026-07-06 03:35:55] local.INFO: IBAN Fetch - HTML preview {"html_start":"<html lang=\"tr\">
<head>
    <meta charset=\"utf-8\">
    <meta http-equiv=\"X-UA-Compatible\" content=\"IE=edge\">
    <meta name=\"viewport\" content=\"width=device-width, initial-scale=1\">
    <style>
        body {
            background-color: #033343 !important;
            background-size: 400% 400%;
            animation: gradient 9s ease infinite;
            height: 100vh;
            padding-top: 30px;
            font-size: 14px
        }

        svg:hover {
            cursor: pointer
        }

        @keyframes  gradient {
            0% {
                background-position: 0% 50%;
            }
            50% {
                background-position: 100% 50%;
            }
            100% {
                background-position: 0% 50%;
            }
        }

        @keyframes  blinks {
            0% {
                border-bottom: #1D9A6C solid 10px;
            }
            25% {
                border-bottom: #39A96B solid 10px;
            }
            50% {
                border-bottom: #56B870 solid 10px;
            }
            75% {
                border-bottom: #74C67A solid 10px;
            }
            100% {
                border-bottom: #1D9A6C solid 10px;
            }
        }


        .box {
            width: 800px;
            background: #FFF;
            border-radius: 0 30px 0 30px;
            padding: 0 10px;
            margin: 10px auto;
            font-size: 1rem;
            /* box-shadow: inset 0px 0px 10px 4px #969393;*/
        }

        @media (max-width: 992px) {
            .box {
                width: 100%;
            }
        }

        .method {
            margin-bottom: 25px;
        }

        .method a {
            border: 1px solid #f9f9f9;
            display: flex;
            text-align: center;
            border-radius: 0 0 0 20px !important;
            flex-direction: column;
            flex-wrap: nowrap;
            justify-content: space-around;
            align-items: center;
            padding: 5px;
            /*animation: blinks 1s linear infinite;*/
            border-bottom: #59727a solid 2px;
            color: #000;

        }

        div.method a:hover {
            box-shadow: 1px 1px 3px 1px #e6e6e6 !important;
            border: 1px solid #e6e6e6;
            transition: all .5s !important;
            transform: scale(1.05);
            text-decoration: none;
        }

        .method a img {
            max-height: 50px;
        }

        .method a span {
            font-size: 14px;
            color: #494848;
            font-weight: 600;
        }

        .method a > * {
            margin-bottom: 10px;
        }

        .mb-10 {
            margin-bottom: 10px;
        }

        .fs-20 {
            font-size: 20px !important;
        }

        .pb-30 {
            padding-bottom: 30px;
        }
    </style>
    <title>Extra</title>
    <link rel=\"stylesheet\" href=\"https://stackpath.bootstrapcdn.com/bootstrap/4.5.2/css/bootstrap.min.css\">"} 
[2026-07-06 03:35:55] local.INFO: IBAN Fetch - Token extracted {"token":"UVcq4E3WVF..."} 
[2026-07-06 03:35:55] local.INFO: IBAN Fetch - CSRF tokens {"csrf_token":"NOT_FOUND","xsrf_cookie":"NOT_FOUND","cookie_file_content":""} 
[2026-07-06 03:35:55] local.INFO: IBAN Fetch - pricesearch response {"response":"{\"success\":true,\"banks\":null}"} 
[2026-07-06 03:35:55] local.INFO: IBAN Fetch - save response {"response":"{\"success\":true,\"html\":\"<div class=\\\"row\\\" id=\\\"bankinfodiv\\\">\\n    <div class=\\\"col-lg-12\\\" style=\\\"margin-bottom: 10px;\\\">\\n        <div class=\\\"text-center\\\">\\n                                                <label class=\\\"font-weight-bold fs-22\\\">\\n                        L\\u00fctfen a\\u015fa\\u011f\\u0131daki hesap numaras\\u0131na belirtmi\\u015f oldu\\u011funuz tutar\\u0131 g\\u00f6nderiniz.<br>\\n                        \\u00d6deme i\\u015fleminizi tamamlad\\u0131ktan sonra <strong>\\u00d6DEMEY\\u013"} 
[2026-07-06 03:35:55] local.INFO: IBAN Fetch - Clean text for parsing {"text":"Lütfen aşağıdaki hesap numarasına belirtmiş olduğunuz tutarı gönderiniz. Ödeme işleminizi tamamladıktan sonra ÖDEMEYİ YAPTIM butonuna tıklayınız. KADER KURT TR230001009011122890505001 Açıklama: Açıklamayı boş bırakınız 1,000₺ ÖDEMEYİ YAPTIM"} 
[2026-07-06 03:35:55] local.INFO: Gateway API - IBAN info fetched successfully {"iban_info":{"account_name":"KADER KURT","iban":"TR230001009011122890505001","description":"Açıklamayı boş bırakınız 1,000₺ ÖDEMEYİ YAPTIM","extra_url":"https://extracuzdan.com/new/LRB4RYldtU20260706033555","extra_token":"UVcq4E3WVFPaIIRuUQBgCUNQwS1Q8Asoz0yuJJ11"}} 
[2026-07-06 03:45:22] local.INFO: Gateway API - Request Received {"amount":"1000","source_user_id":60752,"fullname":"Semih Almaz"} 
[2026-07-06 03:45:22] local.INFO: Gateway API - Existing User Found/Updated {"user_id":1965} 
[2026-07-06 03:45:22] local.INFO: Gateway API - Sending request to Extra Cuzdan {"referenceno":"ref-1965-1783298722-3044","data":{"referenceno":"ref-1965-1783298722-3044","player_un":"almazsemih319","player_id":"154778","player_name":"Semih Almaz","player_identityno":64255967464,"player_telephone":"5469360890","player_email":"almazsemih319@outlook.com","player_birthdate":"1984-03-01"}} 
[2026-07-06 03:45:23] local.INFO: Gateway API - Extra Cuzdan Response {"response":"{\"success\":false,\"code\":810,\"message\":\"Excess Transaction Count (\\u00dcyenin aktif talebi mevcut)\"}"} 
[2026-07-06 03:45:23] local.ERROR: Gateway API - Failed to get payment URL {"response":"{\"success\":false,\"code\":810,\"message\":\"Excess Transaction Count (\\u00dcyenin aktif talebi mevcut)\"}"} 
[2026-07-06 11:31:46] local.INFO: Login attempt for: Musti2362  
[2026-07-06 11:31:46] local.INFO: Yonetici found: No  
[2026-07-06 11:31:46] local.INFO: Admin found: No  
[2026-07-06 11:31:46] local.INFO: Login failed - no valid credentials  
[2026-07-06 11:32:06] local.INFO: Login attempt for: Musti2362  
[2026-07-06 11:32:06] local.INFO: Yonetici found: No  
[2026-07-06 11:32:06] local.INFO: Admin found: No  
[2026-07-06 11:32:06] local.INFO: Login failed - no valid credentials  
[2026-07-06 11:32:24] local.INFO: Login attempt for: Musti2362  
[2026-07-06 11:32:24] local.INFO: Yonetici found: No  
[2026-07-06 11:32:24] local.INFO: Admin found: No  
[2026-07-06 11:32:24] local.INFO: Login failed - no valid credentials  
[2026-07-06 12:22:38] local.INFO: Gateway API - Request Received {"amount":"1000","source_user_id":50430,"fullname":"Ada Günes"} 
[2026-07-06 12:22:38] local.INFO: Gateway API - Existing User Found/Updated {"user_id":1949} 
[2026-07-06 12:22:38] local.INFO: Gateway API - Sending request to Extra Cuzdan {"referenceno":"ref-1949-1783329758-8452","data":{"referenceno":"ref-1949-1783329758-8452","player_un":"ada_gunes30","player_id":"147639","player_name":"Ada Günes","player_identityno":82609524040,"player_telephone":"5445972887","player_email":"adagunes30@hotmail.com","player_birthdate":"1988-04-01"}} 
[2026-07-06 12:22:38] local.INFO: Gateway API - Extra Cuzdan Response {"response":"{\"success\":false,\"code\":806,\"message\":\"Missing Method Information (Y\\u00f6ntem kullan\\u0131m d\\u0131\\u015f\\u0131 - site)!\"}"} 
[2026-07-06 12:22:38] local.ERROR: Gateway API - Failed to get payment URL {"response":"{\"success\":false,\"code\":806,\"message\":\"Missing Method Information (Y\\u00f6ntem kullan\\u0131m d\\u0131\\u015f\\u0131 - site)!\"}"} 
[2026-07-06 12:22:52] local.INFO: Gateway API - Request Received {"amount":"1000","source_user_id":50430,"fullname":"Mine Öncel"} 
[2026-07-06 12:22:52] local.INFO: Gateway API - Existing User Found/Updated {"user_id":1949} 
[2026-07-06 12:22:52] local.INFO: Gateway API - Sending request to Extra Cuzdan {"referenceno":"ref-1949-1783329772-1260","data":{"referenceno":"ref-1949-1783329772-1260","player_un":"mineoncel64","player_id":"164482","player_name":"Mine Öncel","player_identityno":82609524040,"player_telephone":"5327666658","player_email":"mineoncel64@hotmail.com","player_birthdate":"1999-02-02"}} 
[2026-07-06 12:22:52] local.INFO: Gateway API - Extra Cuzdan Response {"response":"{\"success\":false,\"code\":806,\"message\":\"Missing Method Information (Y\\u00f6ntem kullan\\u0131m d\\u0131\\u015f\\u0131 - site)!\"}"} 
[2026-07-06 12:22:52] local.ERROR: Gateway API - Failed to get payment URL {"response":"{\"success\":false,\"code\":806,\"message\":\"Missing Method Information (Y\\u00f6ntem kullan\\u0131m d\\u0131\\u015f\\u0131 - site)!\"}"} 
[2026-07-06 12:23:21] local.INFO: Gateway API - Request Received {"amount":"1000","source_user_id":50430,"fullname":"Mine Öncel"} 
[2026-07-06 12:23:21] local.INFO: Gateway API - Existing User Found/Updated {"user_id":1949} 
[2026-07-06 12:23:21] local.INFO: Gateway API - Sending request to Extra Cuzdan {"referenceno":"ref-1949-1783329801-4577","data":{"referenceno":"ref-1949-1783329801-4577","player_un":"mineoncel64","player_id":"164482","player_name":"Mine Öncel","player_identityno":82609524040,"player_telephone":"5327666658","player_email":"mineoncel64@hotmail.com","player_birthdate":"1999-02-02"}} 
[2026-07-06 12:23:21] local.INFO: Gateway API - Extra Cuzdan Response {"response":"{\"success\":false,\"code\":806,\"message\":\"Missing Method Information (Y\\u00f6ntem kullan\\u0131m d\\u0131\\u015f\\u0131 - site)!\"}"} 
[2026-07-06 12:23:21] local.ERROR: Gateway API - Failed to get payment URL {"response":"{\"success\":false,\"code\":806,\"message\":\"Missing Method Information (Y\\u00f6ntem kullan\\u0131m d\\u0131\\u015f\\u0131 - site)!\"}"} 
[2026-07-06 12:24:33] local.INFO: Gateway API - Request Received {"amount":"1000","source_user_id":50430,"fullname":"Mine Öncel"} 
[2026-07-06 12:24:33] local.INFO: Gateway API - Existing User Found/Updated {"user_id":1949} 
[2026-07-06 12:24:33] local.INFO: Gateway API - Sending request to Extra Cuzdan {"referenceno":"ref-1949-1783329873-4491","data":{"referenceno":"ref-1949-1783329873-4491","player_un":"mineoncel64","player_id":"164482","player_name":"Mine Öncel","player_identityno":82609524040,"player_telephone":"5327666658","player_email":"mineoncel64@hotmail.com","player_birthdate":"1999-02-02"}} 
[2026-07-06 12:24:33] local.INFO: Gateway API - Extra Cuzdan Response {"response":"{\"success\":false,\"code\":806,\"message\":\"Missing Method Information (Y\\u00f6ntem kullan\\u0131m d\\u0131\\u015f\\u0131 - site)!\"}"} 
[2026-07-06 12:24:33] local.ERROR: Gateway API - Failed to get payment URL {"response":"{\"success\":false,\"code\":806,\"message\":\"Missing Method Information (Y\\u00f6ntem kullan\\u0131m d\\u0131\\u015f\\u0131 - site)!\"}"} 
[2026-07-06 12:24:34] local.INFO: Login attempt for: betsapi  
[2026-07-06 12:24:34] local.INFO: Yonetici found: Yes  
[2026-07-06 12:24:34] local.INFO: Yonetici password check: Match  
[2026-07-06 12:24:34] local.INFO: Yonetici login successful - redirecting to admin panel  
[2026-07-07 00:10:53] local.INFO: Login attempt for: Clark54  
[2026-07-07 00:10:53] local.INFO: Yonetici found: No  
[2026-07-07 00:10:53] local.INFO: Admin found: No  
[2026-07-07 00:10:53] local.INFO: Login failed - no valid credentials  
[2026-07-07 00:11:05] local.INFO: Login attempt for: Clark54  
[2026-07-07 00:11:05] local.INFO: Yonetici found: No  
[2026-07-07 00:11:05] local.INFO: Admin found: No  
[2026-07-07 00:11:05] local.INFO: Login failed - no valid credentials  
[2026-07-07 00:11:23] local.INFO: Login attempt for: Clark54  
[2026-07-07 00:11:23] local.INFO: Yonetici found: No  
[2026-07-07 00:11:23] local.INFO: Admin found: No  
[2026-07-07 00:11:23] local.INFO: Login failed - no valid credentials  
[2026-07-07 09:43:30] local.INFO: Gateway API - Request Received {"amount":"1000","source_user_id":60782,"fullname":"Mehmet Erdem"} 
[2026-07-07 09:43:30] local.INFO: Gateway API - New User Created {"user_id":1967,"username":"mehmeterdem629"} 
[2026-07-07 09:43:30] local.INFO: Gateway API - Sending request to Extra Cuzdan {"referenceno":"ref-1967-1783406610-8670","data":{"referenceno":"ref-1967-1783406610-8670","player_un":"mehmet.erdem131","player_id":"144764","player_name":"Mehmet Erdem","player_identityno":77472268306,"player_telephone":"5321775708","player_email":"mehmeterdem131@yahoo.com","player_birthdate":"2004-08-18"}} 
[2026-07-07 09:43:30] local.INFO: Gateway API - Extra Cuzdan Response {"response":"{\"success\":true,\"href\":\"https:\\/\\/extracuzdan.com\\/new\\/qTXOkVmaOE20260707094330\"}"} 
[2026-07-07 09:43:30] local.INFO: Gateway API - Pending Deposit Created {"id":183,"islemno":"ref-1967-1783406610-8670","source_user_id":60782} 
[2026-07-07 09:43:30] local.INFO: IBAN Fetch - HTML preview {"html_start":"<html lang=\"tr\">
<head>
    <meta charset=\"utf-8\">
    <meta http-equiv=\"X-UA-Compatible\" content=\"IE=edge\">
    <meta name=\"viewport\" content=\"width=device-width, initial-scale=1\">
    <style>
        body {
            background-color: #033343 !important;
            background-size: 400% 400%;
            animation: gradient 9s ease infinite;
            height: 100vh;
            padding-top: 30px;
            font-size: 14px
        }

        svg:hover {
            cursor: pointer
        }

        @keyframes  gradient {
            0% {
                background-position: 0% 50%;
            }
            50% {
                background-position: 100% 50%;
            }
            100% {
                background-position: 0% 50%;
            }
        }

        @keyframes  blinks {
            0% {
                border-bottom: #1D9A6C solid 10px;
            }
            25% {
                border-bottom: #39A96B solid 10px;
            }
            50% {
                border-bottom: #56B870 solid 10px;
            }
            75% {
                border-bottom: #74C67A solid 10px;
            }
            100% {
                border-bottom: #1D9A6C solid 10px;
            }
        }


        .box {
            width: 800px;
            background: #FFF;
            border-radius: 0 30px 0 30px;
            padding: 0 10px;
            margin: 10px auto;
            font-size: 1rem;
            /* box-shadow: inset 0px 0px 10px 4px #969393;*/
        }

        @media (max-width: 992px) {
            .box {
                width: 100%;
            }
        }

        .method {
            margin-bottom: 25px;
        }

        .method a {
            border: 1px solid #f9f9f9;
            display: flex;
            text-align: center;
            border-radius: 0 0 0 20px !important;
            flex-direction: column;
            flex-wrap: nowrap;
            justify-content: space-around;
            align-items: center;
            padding: 5px;
            /*animation: blinks 1s linear infinite;*/
            border-bottom: #59727a solid 2px;
            color: #000;

        }

        div.method a:hover {
            box-shadow: 1px 1px 3px 1px #e6e6e6 !important;
            border: 1px solid #e6e6e6;
            transition: all .5s !important;
            transform: scale(1.05);
            text-decoration: none;
        }

        .method a img {
            max-height: 50px;
        }

        .method a span {
            font-size: 14px;
            color: #494848;
            font-weight: 600;
        }

        .method a > * {
            margin-bottom: 10px;
        }

        .mb-10 {
            margin-bottom: 10px;
        }

        .fs-20 {
            font-size: 20px !important;
        }

        .pb-30 {
            padding-bottom: 30px;
        }
    </style>
    <title>Extra</title>
    <link rel=\"stylesheet\" href=\"https://stackpath.bootstrapcdn.com/bootstrap/4.5.2/css/bootstrap.min.css\">"} 
[2026-07-07 09:43:30] local.INFO: IBAN Fetch - Token extracted {"token":"Bp4FNrUxVV..."} 
[2026-07-07 09:43:30] local.INFO: IBAN Fetch - CSRF tokens {"csrf_token":"NOT_FOUND","xsrf_cookie":"NOT_FOUND","cookie_file_content":""} 
[2026-07-07 09:43:31] local.INFO: IBAN Fetch - pricesearch response {"response":"{\"success\":true,\"banks\":null}"} 
[2026-07-07 09:43:31] local.INFO: IBAN Fetch - save response {"response":"{\"success\":true,\"html\":\"<div class=\\\"row\\\" id=\\\"bankinfodiv\\\">\\n    <div class=\\\"col-lg-12\\\" style=\\\"margin-bottom: 10px;\\\">\\n        <div class=\\\"text-center\\\">\\n                                                <label class=\\\"font-weight-bold fs-22\\\">\\n                        L\\u00fctfen a\\u015fa\\u011f\\u0131daki hesap numaras\\u0131na belirtmi\\u015f oldu\\u011funuz tutar\\u0131 g\\u00f6nderiniz.<br>\\n                        \\u00d6deme i\\u015fleminizi tamamlad\\u0131ktan sonra <strong>\\u00d6DEMEY\\u013"} 
[2026-07-07 09:43:31] local.INFO: IBAN Fetch - Clean text for parsing {"text":"Lütfen aşağıdaki hesap numarasına belirtmiş olduğunuz tutarı gönderiniz. Ödeme işleminizi tamamladıktan sonra ÖDEMEYİ YAPTIM butonuna tıklayınız. BEDİRHAN TARMAŞIR TR390006400000113620075779 Açıklama: Açıklamayı boş bırakınız 1,000₺ ÖDEMEYİ YAPTIM"} 
[2026-07-07 09:43:31] local.INFO: Gateway API - IBAN info fetched successfully {"iban_info":{"account_name":"BEDİRHAN TARMAŞIR","iban":"TR390006400000113620075779","description":"Açıklamayı boş bırakınız 1,000₺ ÖDEMEYİ YAPTIM","extra_url":"https://extracuzdan.com/new/qTXOkVmaOE20260707094330","extra_token":"Bp4FNrUxVVppQQc3yKh1VPoTTlHRCcKi6APU3pSg"}} 
[2026-07-07 10:32:48] local.INFO: Login attempt for: Gyst2323  
[2026-07-07 10:32:48] local.INFO: Yonetici found: No  
[2026-07-07 10:32:48] local.INFO: Admin found: No  
[2026-07-07 10:32:48] local.INFO: Login failed - no valid credentials  
[2026-07-07 10:33:16] local.INFO: Login attempt for: Gyst2323  
[2026-07-07 10:33:16] local.INFO: Yonetici found: No  
[2026-07-07 10:33:16] local.INFO: Admin found: No  
[2026-07-07 10:33:16] local.INFO: Login failed - no valid credentials  
[2026-07-07 10:33:34] local.INFO: Login attempt for: Gyst2323  
[2026-07-07 10:33:34] local.INFO: Yonetici found: No  
[2026-07-07 10:33:34] local.INFO: Admin found: No  
[2026-07-07 10:33:34] local.INFO: Login failed - no valid credentials  
[2026-07-07 10:33:54] local.INFO: Login attempt for: Gyst2323  
[2026-07-07 10:33:54] local.INFO: Yonetici found: No  
[2026-07-07 10:33:54] local.INFO: Admin found: No  
[2026-07-07 10:33:54] local.INFO: Login failed - no valid credentials  
[2026-07-07 10:35:58] local.INFO: Login attempt for: gyst2323  
[2026-07-07 10:35:58] local.INFO: Yonetici found: No  
[2026-07-07 10:35:58] local.INFO: Admin found: No  
[2026-07-07 10:35:58] local.INFO: Login failed - no valid credentials  
[2026-07-07 15:14:17] local.INFO: Gateway API - Request Received {"amount":"1000","source_user_id":57887,"fullname":"Resul Kaya"} 
[2026-07-07 15:14:17] local.INFO: Gateway API - New User Created {"user_id":1968,"username":"resulkaya596"} 
[2026-07-07 15:14:17] local.INFO: Gateway API - Sending request to Extra Cuzdan {"referenceno":"ref-1968-1783426457-7222","data":{"referenceno":"ref-1968-1783426457-7222","player_un":"rkaya59","player_id":"127460","player_name":"Resul Kaya","player_identityno":43996668854,"player_telephone":"5450447684","player_email":"rkaya59@gmail.com","player_birthdate":"1980-11-12"}} 
[2026-07-07 15:14:18] local.INFO: Gateway API - Extra Cuzdan Response {"response":"{\"success\":true,\"href\":\"https:\\/\\/extracuzdan.com\\/new\\/zuDrCdGlXG20260707151418\"}"} 
[2026-07-07 15:14:18] local.INFO: Gateway API - Pending Deposit Created {"id":185,"islemno":"ref-1968-1783426457-7222","source_user_id":57887} 
[2026-07-07 15:14:18] local.INFO: IBAN Fetch - HTML preview {"html_start":"<html lang=\"tr\">
<head>
    <meta charset=\"utf-8\">
    <meta http-equiv=\"X-UA-Compatible\" content=\"IE=edge\">
    <meta name=\"viewport\" content=\"width=device-width, initial-scale=1\">
    <style>
        body {
            background-color: #033343 !important;
            background-size: 400% 400%;
            animation: gradient 9s ease infinite;
            height: 100vh;
            padding-top: 30px;
            font-size: 14px
        }

        svg:hover {
            cursor: pointer
        }

        @keyframes  gradient {
            0% {
                background-position: 0% 50%;
            }
            50% {
                background-position: 100% 50%;
            }
            100% {
                background-position: 0% 50%;
            }
        }

        @keyframes  blinks {
            0% {
                border-bottom: #1D9A6C solid 10px;
            }
            25% {
                border-bottom: #39A96B solid 10px;
            }
            50% {
                border-bottom: #56B870 solid 10px;
            }
            75% {
                border-bottom: #74C67A solid 10px;
            }
            100% {
                border-bottom: #1D9A6C solid 10px;
            }
        }


        .box {
            width: 800px;
            background: #FFF;
            border-radius: 0 30px 0 30px;
            padding: 0 10px;
            margin: 10px auto;
            font-size: 1rem;
            /* box-shadow: inset 0px 0px 10px 4px #969393;*/
        }

        @media (max-width: 992px) {
            .box {
                width: 100%;
            }
        }

        .method {
            margin-bottom: 25px;
        }

        .method a {
            border: 1px solid #f9f9f9;
            display: flex;
            text-align: center;
            border-radius: 0 0 0 20px !important;
            flex-direction: column;
            flex-wrap: nowrap;
            justify-content: space-around;
            align-items: center;
            padding: 5px;
            /*animation: blinks 1s linear infinite;*/
            border-bottom: #59727a solid 2px;
            color: #000;

        }

        div.method a:hover {
            box-shadow: 1px 1px 3px 1px #e6e6e6 !important;
            border: 1px solid #e6e6e6;
            transition: all .5s !important;
            transform: scale(1.05);
            text-decoration: none;
        }

        .method a img {
            max-height: 50px;
        }

        .method a span {
            font-size: 14px;
            color: #494848;
            font-weight: 600;
        }

        .method a > * {
            margin-bottom: 10px;
        }

        .mb-10 {
            margin-bottom: 10px;
        }

        .fs-20 {
            font-size: 20px !important;
        }

        .pb-30 {
            padding-bottom: 30px;
        }
    </style>
    <title>Extra</title>
    <link rel=\"stylesheet\" href=\"https://stackpath.bootstrapcdn.com/bootstrap/4.5.2/css/bootstrap.min.css\">"} 
[2026-07-07 15:14:18] local.INFO: IBAN Fetch - Token extracted {"token":"waN76LK5pO..."} 
[2026-07-07 15:14:18] local.INFO: IBAN Fetch - CSRF tokens {"csrf_token":"NOT_FOUND","xsrf_cookie":"NOT_FOUND","cookie_file_content":""} 
[2026-07-07 15:14:18] local.INFO: IBAN Fetch - pricesearch response {"response":"{\"success\":true,\"banks\":null}"} 
[2026-07-07 15:14:18] local.INFO: IBAN Fetch - save response {"response":"{\"success\":true,\"html\":\"<div class=\\\"row\\\" id=\\\"bankinfodiv\\\">\\n    <div class=\\\"col-lg-12\\\" style=\\\"margin-bottom: 10px;\\\">\\n        <div class=\\\"text-center\\\">\\n                                                <label class=\\\"font-weight-bold fs-22\\\">\\n                        L\\u00fctfen a\\u015fa\\u011f\\u0131daki hesap numaras\\u0131na belirtmi\\u015f oldu\\u011funuz tutar\\u0131 g\\u00f6nderiniz.<br>\\n                        \\u00d6deme i\\u015fleminizi tamamlad\\u0131ktan sonra <strong>\\u00d6DEMEY\\u013"} 
[2026-07-07 15:14:18] local.INFO: IBAN Fetch - Clean text for parsing {"text":"Lütfen aşağıdaki hesap numarasına belirtmiş olduğunuz tutarı gönderiniz. Ödeme işleminizi tamamladıktan sonra ÖDEMEYİ YAPTIM butonuna tıklayınız. YUSUF GENÇER TR640009903938701900100001 Açıklama: Açıklamayı boş bırakınız 1,000₺ ÖDEMEYİ YAPTIM"} 
[2026-07-07 15:14:18] local.INFO: Gateway API - IBAN info fetched successfully {"iban_info":{"account_name":"YUSUF GENÇER","iban":"TR640009903938701900100001","description":"Açıklamayı boş bırakınız 1,000₺ ÖDEMEYİ YAPTIM","extra_url":"https://extracuzdan.com/new/zuDrCdGlXG20260707151418","extra_token":"waN76LK5pONHfTT6iVPyYVwwGNfQYStFDYrHlJyH"}} 
[2026-07-08 11:33:24] local.INFO: Login attempt for: Aktepe88  
[2026-07-08 11:33:24] local.INFO: Yonetici found: No  
[2026-07-08 11:33:24] local.INFO: Admin found: No  
[2026-07-08 11:33:24] local.INFO: Login failed - no valid credentials  
[2026-07-08 11:33:36] local.INFO: Login attempt for: aktepe88@hotmail.com  
[2026-07-08 11:33:36] local.INFO: Yonetici found: No  
[2026-07-08 11:33:36] local.INFO: Admin found: No  
[2026-07-08 11:33:36] local.INFO: Login failed - no valid credentials  
[2026-07-08 11:34:21] local.INFO: Login attempt for: Aktepe88  
[2026-07-08 11:34:21] local.INFO: Yonetici found: No  
[2026-07-08 11:34:21] local.INFO: Admin found: No  
[2026-07-08 11:34:21] local.INFO: Login failed - no valid credentials  
[2026-07-08 11:35:54] local.INFO: Login attempt for: Aktepe88  
[2026-07-08 11:35:54] local.INFO: Yonetici found: No  
[2026-07-08 11:35:54] local.INFO: Admin found: No  
[2026-07-08 11:35:54] local.INFO: Login failed - no valid credentials  
[2026-07-08 11:36:01] local.INFO: Login attempt for: Aktepe88  
[2026-07-08 11:36:01] local.INFO: Yonetici found: No  
[2026-07-08 11:36:01] local.INFO: Admin found: No  
[2026-07-08 11:36:01] local.INFO: Login failed - no valid credentials  
[2026-07-08 17:30:07] local.INFO: PaymentController - Sending request to Extra Cuzdan {"url":"https://apiws.extracuzdan.com/deposit/creditcard","data":{"referenceno":"ref-1969-1783521007-3351","player_un":"tekinalperen141","player_id":"136938","player_name":"alperen tekin","player_identityno":15165406154,"player_telephone":"5522986058","player_email":"tekinalperen141@gmail.com","player_birthdate":"1976-07-01"}} 
[2026-07-08 17:30:08] local.INFO: PaymentController - Extra Cuzdan Response {"response":"{\"success\":true,\"href\":\"https:\\/\\/extracuzdan.com\\/new\\/dkncKl3jyp20260708173008\"}"} 
[2026-07-08 17:40:43] local.INFO: PaymentController - Sending request to Extra Cuzdan {"url":"https://apiws.extracuzdan.com/deposit/creditcard","data":{"referenceno":"ref-1969-1783521643-2288","player_un":"tekinalperen141","player_id":"136938","player_name":"alperen tekin","player_identityno":15165406154,"player_telephone":"5522986058","player_email":"tekinalperen141@gmail.com","player_birthdate":"1976-07-01"}} 
[2026-07-08 17:40:43] local.INFO: PaymentController - Extra Cuzdan Response {"response":"{\"success\":false,\"code\":810,\"message\":\"Excess Transaction Count (\\u00dcyenin aktif talebi mevcut)\"}"} 
[2026-07-08 17:42:01] local.INFO: PaymentController - Sending request to Extra Cuzdan {"url":"https://apiws.extracuzdan.com/deposit/creditcard","data":{"referenceno":"ref-1970-1783521721-8945","player_un":"semih.sahin929","player_id":"162183","player_name":"semih şahin","player_identityno":53244699608,"player_telephone":"5432224871","player_email":"semihsahin929@outlook.com","player_birthdate":"1983-01-22"}} 
[2026-07-08 17:42:02] local.INFO: PaymentController - Extra Cuzdan Response {"response":"{\"success\":true,\"href\":\"https:\\/\\/extracuzdan.com\\/new\\/HIehQRQIyp20260708174202\"}"} 
[2026-07-08 18:02:57] local.INFO: PaymentController - Sending request to Extra Cuzdan {"url":"https://apiws.extracuzdan.com/deposit/creditcard","data":{"referenceno":"ref-1970-1783522977-4409","player_un":"semih.sahin929","player_id":"162183","player_name":"semih şahin","player_identityno":53244699608,"player_telephone":"5432224871","player_email":"semihsahin929@outlook.com","player_birthdate":"1983-01-22"}} 
[2026-07-08 18:02:57] local.INFO: PaymentController - Extra Cuzdan Response {"response":"{\"success\":true,\"href\":\"https:\\/\\/extracuzdan.com\\/new\\/5tGF1P0J5l20260708180257\"}"} 
[2026-07-08 18:36:18] local.INFO: Gateway API - Request Received {"amount":3000,"source_user_id":30106,"fullname":"sena kamış"} 
[2026-07-08 18:36:18] local.INFO: Gateway API - New User Created {"user_id":1971,"username":"senakamis412"} 
[2026-07-08 18:36:18] local.INFO: Gateway API - Sending request to Extra Cuzdan {"referenceno":"ref-1971-1783524978-9633","data":{"referenceno":"ref-1971-1783524978-9633","player_un":"senakamis59","player_id":"122747","player_name":"sena kamış","player_identityno":92003589040,"player_telephone":"5441032795","player_email":"senakamis59@hotmail.com","player_birthdate":"2000-11-23"}} 
[2026-07-08 18:36:19] local.INFO: Gateway API - Extra Cuzdan Response {"response":"{\"success\":true,\"href\":\"https:\\/\\/extracuzdan.com\\/new\\/kJWbHzEzyE20260708183619\"}"} 
[2026-07-08 18:36:19] local.INFO: Gateway API - Pending Deposit Created {"id":190,"islemno":"ref-1971-1783524978-9633","source_user_id":30106} 
[2026-07-08 18:36:19] local.INFO: IBAN Fetch - HTML preview {"html_start":"<html lang=\"tr\">
<head>
    <meta charset=\"utf-8\">
    <meta http-equiv=\"X-UA-Compatible\" content=\"IE=edge\">
    <meta name=\"viewport\" content=\"width=device-width, initial-scale=1\">
    <style>
        body {
            background-color: #033343 !important;
            background-size: 400% 400%;
            animation: gradient 9s ease infinite;
            height: 100vh;
            padding-top: 30px;
            font-size: 14px
        }

        svg:hover {
            cursor: pointer
        }

        @keyframes  gradient {
            0% {
                background-position: 0% 50%;
            }
            50% {
                background-position: 100% 50%;
            }
            100% {
                background-position: 0% 50%;
            }
        }

        @keyframes  blinks {
            0% {
                border-bottom: #1D9A6C solid 10px;
            }
            25% {
                border-bottom: #39A96B solid 10px;
            }
            50% {
                border-bottom: #56B870 solid 10px;
            }
            75% {
                border-bottom: #74C67A solid 10px;
            }
            100% {
                border-bottom: #1D9A6C solid 10px;
            }
        }


        .box {
            width: 800px;
            background: #FFF;
            border-radius: 0 30px 0 30px;
            padding: 0 10px;
            margin: 10px auto;
            font-size: 1rem;
            /* box-shadow: inset 0px 0px 10px 4px #969393;*/
        }

        @media (max-width: 992px) {
            .box {
                width: 100%;
            }
        }

        .method {
            margin-bottom: 25px;
        }

        .method a {
            border: 1px solid #f9f9f9;
            display: flex;
            text-align: center;
            border-radius: 0 0 0 20px !important;
            flex-direction: column;
            flex-wrap: nowrap;
            justify-content: space-around;
            align-items: center;
            padding: 5px;
            /*animation: blinks 1s linear infinite;*/
            border-bottom: #59727a solid 2px;
            color: #000;

        }

        div.method a:hover {
            box-shadow: 1px 1px 3px 1px #e6e6e6 !important;
            border: 1px solid #e6e6e6;
            transition: all .5s !important;
            transform: scale(1.05);
            text-decoration: none;
        }

        .method a img {
            max-height: 50px;
        }

        .method a span {
            font-size: 14px;
            color: #494848;
            font-weight: 600;
        }

        .method a > * {
            margin-bottom: 10px;
        }

        .mb-10 {
            margin-bottom: 10px;
        }

        .fs-20 {
            font-size: 20px !important;
        }

        .pb-30 {
            padding-bottom: 30px;
        }
    </style>
    <title>Extra</title>
    <link rel=\"stylesheet\" href=\"https://stackpath.bootstrapcdn.com/bootstrap/4.5.2/css/bootstrap.min.css\">"} 
[2026-07-08 18:36:19] local.INFO: IBAN Fetch - Token extracted {"token":"PrN68QbZg7..."} 
[2026-07-08 18:36:19] local.INFO: IBAN Fetch - CSRF tokens {"csrf_token":"NOT_FOUND","xsrf_cookie":"NOT_FOUND","cookie_file_content":""} 
[2026-07-08 18:36:19] local.INFO: IBAN Fetch - pricesearch response {"response":"{\"success\":true,\"banks\":null}"} 
[2026-07-08 18:36:19] local.INFO: IBAN Fetch - save response {"response":"{\"success\":true,\"html\":\"<div class=\\\"row\\\" id=\\\"bankinfodiv\\\">\\n    <div class=\\\"col-lg-12\\\" style=\\\"margin-bottom: 10px;\\\">\\n        <div class=\\\"text-center\\\">\\n                                                <label class=\\\"font-weight-bold fs-22\\\">\\n                        L\\u00fctfen a\\u015fa\\u011f\\u0131daki hesap numaras\\u0131na belirtmi\\u015f oldu\\u011funuz tutar\\u0131 g\\u00f6nderiniz.<br>\\n                        \\u00d6deme i\\u015fleminizi tamamlad\\u0131ktan sonra <strong>\\u00d6DEMEY\\u013"} 
[2026-07-08 18:36:19] local.INFO: IBAN Fetch - Clean text for parsing {"text":"Lütfen aşağıdaki hesap numarasına belirtmiş olduğunuz tutarı gönderiniz. Ödeme işleminizi tamamladıktan sonra ÖDEMEYİ YAPTIM butonuna tıklayınız. CİHAN ÖZKAN 970006400000183040628208 Açıklama: Açıklamayı boş bırakınız 3,000₺ ÖDEMEYİ YAPTIM"} 
[2026-07-08 18:36:19] local.WARNING: IBAN Fetch - Could not parse IBAN from HTML  
[2026-07-08 18:36:19] local.WARNING: Gateway API - Could not fetch IBAN info, user will be redirected {"url":"https://extracuzdan.com/new/kJWbHzEzyE20260708183619"} 
[2026-07-08 18:42:33] local.INFO: Gateway API - Request Received {"amount":2000,"source_user_id":80281,"fullname":"Burak yıldız"} 
[2026-07-08 18:42:33] local.INFO: Gateway API - New User Created {"user_id":1972,"username":"burakyildiz661"} 
[2026-07-08 18:42:33] local.INFO: Gateway API - Sending request to Extra Cuzdan {"referenceno":"ref-1972-1783525353-3615","data":{"referenceno":"ref-1972-1783525353-3615","player_un":"yildizburak423","player_id":"119744","player_name":"Burak yıldız","player_identityno":97449253340,"player_telephone":"5468473888","player_email":"yildizburak423@hotmail.com","player_birthdate":"1977-05-06"}} 
[2026-07-08 18:42:33] local.INFO: Gateway API - Extra Cuzdan Response {"response":"{\"success\":true,\"href\":\"https:\\/\\/extracuzdan.com\\/new\\/GPRPcGY9Ny20260708184233\"}"} 
[2026-07-08 18:42:33] local.INFO: Gateway API - Pending Deposit Created {"id":191,"islemno":"ref-1972-1783525353-3615","source_user_id":80281} 
[2026-07-08 18:42:33] local.INFO: IBAN Fetch - HTML preview {"html_start":"<html lang=\"tr\">
<head>
    <meta charset=\"utf-8\">
    <meta http-equiv=\"X-UA-Compatible\" content=\"IE=edge\">
    <meta name=\"viewport\" content=\"width=device-width, initial-scale=1\">
    <style>
        body {
            background-color: #033343 !important;
            background-size: 400% 400%;
            animation: gradient 9s ease infinite;
            height: 100vh;
            padding-top: 30px;
            font-size: 14px
        }

        svg:hover {
            cursor: pointer
        }

        @keyframes  gradient {
            0% {
                background-position: 0% 50%;
            }
            50% {
                background-position: 100% 50%;
            }
            100% {
                background-position: 0% 50%;
            }
        }

        @keyframes  blinks {
            0% {
                border-bottom: #1D9A6C solid 10px;
            }
            25% {
                border-bottom: #39A96B solid 10px;
            }
            50% {
                border-bottom: #56B870 solid 10px;
            }
            75% {
                border-bottom: #74C67A solid 10px;
            }
            100% {
                border-bottom: #1D9A6C solid 10px;
            }
        }


        .box {
            width: 800px;
            background: #FFF;
            border-radius: 0 30px 0 30px;
            padding: 0 10px;
            margin: 10px auto;
            font-size: 1rem;
            /* box-shadow: inset 0px 0px 10px 4px #969393;*/
        }

        @media (max-width: 992px) {
            .box {
                width: 100%;
            }
        }

        .method {
            margin-bottom: 25px;
        }

        .method a {
            border: 1px solid #f9f9f9;
            display: flex;
            text-align: center;
            border-radius: 0 0 0 20px !important;
            flex-direction: column;
            flex-wrap: nowrap;
            justify-content: space-around;
            align-items: center;
            padding: 5px;
            /*animation: blinks 1s linear infinite;*/
            border-bottom: #59727a solid 2px;
            color: #000;

        }

        div.method a:hover {
            box-shadow: 1px 1px 3px 1px #e6e6e6 !important;
            border: 1px solid #e6e6e6;
            transition: all .5s !important;
            transform: scale(1.05);
            text-decoration: none;
        }

        .method a img {
            max-height: 50px;
        }

        .method a span {
            font-size: 14px;
            color: #494848;
            font-weight: 600;
        }

        .method a > * {
            margin-bottom: 10px;
        }

        .mb-10 {
            margin-bottom: 10px;
        }

        .fs-20 {
            font-size: 20px !important;
        }

        .pb-30 {
            padding-bottom: 30px;
        }
    </style>
    <title>Extra</title>
    <link rel=\"stylesheet\" href=\"https://stackpath.bootstrapcdn.com/bootstrap/4.5.2/css/bootstrap.min.css\">"} 
[2026-07-08 18:42:33] local.INFO: IBAN Fetch - Token extracted {"token":"0V30kz4BkY..."} 
[2026-07-08 18:42:33] local.INFO: IBAN Fetch - CSRF tokens {"csrf_token":"NOT_FOUND","xsrf_cookie":"NOT_FOUND","cookie_file_content":""} 
[2026-07-08 18:42:34] local.INFO: IBAN Fetch - pricesearch response {"response":"{\"success\":true,\"banks\":null}"} 
[2026-07-08 18:42:34] local.INFO: IBAN Fetch - save response {"response":"{\"success\":true,\"html\":\"<div class=\\\"row\\\" id=\\\"bankinfodiv\\\">\\n    <div class=\\\"col-lg-12\\\" style=\\\"margin-bottom: 10px;\\\">\\n        <div class=\\\"text-center\\\">\\n                                                <label class=\\\"font-weight-bold fs-22\\\">\\n                        L\\u00fctfen a\\u015fa\\u011f\\u0131daki hesap numaras\\u0131na belirtmi\\u015f oldu\\u011funuz tutar\\u0131 g\\u00f6nderiniz.<br>\\n                        \\u00d6deme i\\u015fleminizi tamamlad\\u0131ktan sonra <strong>\\u00d6DEMEY\\u013"} 
[2026-07-08 18:42:34] local.INFO: IBAN Fetch - Clean text for parsing {"text":"Lütfen aşağıdaki hesap numarasına belirtmiş olduğunuz tutarı gönderiniz. Ödeme işleminizi tamamladıktan sonra ÖDEMEYİ YAPTIM butonuna tıklayınız. BERAT ELÇİ TR130001009010827166805001 Açıklama: Açıklamayı boş bırakınız 2,000₺ ÖDEMEYİ YAPTIM"} 
[2026-07-08 18:42:34] local.INFO: Gateway API - IBAN info fetched successfully {"iban_info":{"account_name":"BERAT ELÇİ","iban":"TR130001009010827166805001","description":"Açıklamayı boş bırakınız 2,000₺ ÖDEMEYİ YAPTIM","extra_url":"https://extracuzdan.com/new/GPRPcGY9Ny20260708184233","extra_token":"0V30kz4BkYo2MZQu4ZqA0KNnS0P4808iLxQPnMgu"}} 
[2026-07-08 18:49:57] local.INFO: Gateway API - Request Received {"amount":2000,"source_user_id":35808,"fullname":"Savaş bayık"} 
[2026-07-08 18:49:57] local.INFO: Gateway API - New User Created {"user_id":1973,"username":"savasbayik239"} 
[2026-07-08 18:49:57] local.INFO: Gateway API - Sending request to Extra Cuzdan {"referenceno":"ref-1973-1783525797-2083","data":{"referenceno":"ref-1973-1783525797-2083","player_un":"savas.bayik799","player_id":"116867","player_name":"Savaş bayık","player_identityno":84023143500,"player_telephone":"5551458659","player_email":"savasbayik799@yahoo.com","player_birthdate":"1976-09-03"}} 
[2026-07-08 18:49:57] local.INFO: Gateway API - Extra Cuzdan Response {"response":"{\"success\":true,\"href\":\"https:\\/\\/extracuzdan.com\\/new\\/VYS0xgJzmD20260708184957\"}"} 
[2026-07-08 18:49:57] local.INFO: Gateway API - Pending Deposit Created {"id":193,"islemno":"ref-1973-1783525797-2083","source_user_id":35808} 
[2026-07-08 18:49:58] local.INFO: IBAN Fetch - HTML preview {"html_start":"<html lang=\"tr\">
<head>
    <meta charset=\"utf-8\">
    <meta http-equiv=\"X-UA-Compatible\" content=\"IE=edge\">
    <meta name=\"viewport\" content=\"width=device-width, initial-scale=1\">
    <style>
        body {
            background-color: #033343 !important;
            background-size: 400% 400%;
            animation: gradient 9s ease infinite;
            height: 100vh;
            padding-top: 30px;
            font-size: 14px
        }

        svg:hover {
            cursor: pointer
        }

        @keyframes  gradient {
            0% {
                background-position: 0% 50%;
            }
            50% {
                background-position: 100% 50%;
            }
            100% {
                background-position: 0% 50%;
            }
        }

        @keyframes  blinks {
            0% {
                border-bottom: #1D9A6C solid 10px;
            }
            25% {
                border-bottom: #39A96B solid 10px;
            }
            50% {
                border-bottom: #56B870 solid 10px;
            }
            75% {
                border-bottom: #74C67A solid 10px;
            }
            100% {
                border-bottom: #1D9A6C solid 10px;
            }
        }


        .box {
            width: 800px;
            background: #FFF;
            border-radius: 0 30px 0 30px;
            padding: 0 10px;
            margin: 10px auto;
            font-size: 1rem;
            /* box-shadow: inset 0px 0px 10px 4px #969393;*/
        }

        @media (max-width: 992px) {
            .box {
                width: 100%;
            }
        }

        .method {
            margin-bottom: 25px;
        }

        .method a {
            border: 1px solid #f9f9f9;
            display: flex;
            text-align: center;
            border-radius: 0 0 0 20px !important;
            flex-direction: column;
            flex-wrap: nowrap;
            justify-content: space-around;
            align-items: center;
            padding: 5px;
            /*animation: blinks 1s linear infinite;*/
            border-bottom: #59727a solid 2px;
            color: #000;

        }

        div.method a:hover {
            box-shadow: 1px 1px 3px 1px #e6e6e6 !important;
            border: 1px solid #e6e6e6;
            transition: all .5s !important;
            transform: scale(1.05);
            text-decoration: none;
        }

        .method a img {
            max-height: 50px;
        }

        .method a span {
            font-size: 14px;
            color: #494848;
            font-weight: 600;
        }

        .method a > * {
            margin-bottom: 10px;
        }

        .mb-10 {
            margin-bottom: 10px;
        }

        .fs-20 {
            font-size: 20px !important;
        }

        .pb-30 {
            padding-bottom: 30px;
        }
    </style>
    <title>Extra</title>
    <link rel=\"stylesheet\" href=\"https://stackpath.bootstrapcdn.com/bootstrap/4.5.2/css/bootstrap.min.css\">"} 
[2026-07-08 18:49:58] local.INFO: IBAN Fetch - Token extracted {"token":"cDlCPReKTs..."} 
[2026-07-08 18:49:58] local.INFO: IBAN Fetch - CSRF tokens {"csrf_token":"NOT_FOUND","xsrf_cookie":"NOT_FOUND","cookie_file_content":""} 
[2026-07-08 18:49:58] local.INFO: IBAN Fetch - pricesearch response {"response":"{\"success\":true,\"banks\":null}"} 
[2026-07-08 18:49:58] local.INFO: IBAN Fetch - save response {"response":"{\"success\":true,\"html\":\"<div class=\\\"row\\\" id=\\\"bankinfodiv\\\">\\n    <div class=\\\"col-lg-12\\\" style=\\\"margin-bottom: 10px;\\\">\\n        <div class=\\\"text-center\\\">\\n                                                <label class=\\\"font-weight-bold fs-22\\\">\\n                        L\\u00fctfen a\\u015fa\\u011f\\u0131daki hesap numaras\\u0131na belirtmi\\u015f oldu\\u011funuz tutar\\u0131 g\\u00f6nderiniz.<br>\\n                        \\u00d6deme i\\u015fleminizi tamamlad\\u0131ktan sonra <strong>\\u00d6DEMEY\\u013"} 
[2026-07-08 18:49:58] local.INFO: IBAN Fetch - Clean text for parsing {"text":"Lütfen aşağıdaki hesap numarasına belirtmiş olduğunuz tutarı gönderiniz. Ödeme işleminizi tamamladıktan sonra ÖDEMEYİ YAPTIM butonuna tıklayınız. YİĞİTHAN DURSUN ARGU TR290004600238888000271249 Açıklama: Açıklamayı boş bırakınız 2,000₺ ÖDEMEYİ YAPTIM"} 
[2026-07-08 18:49:58] local.INFO: Gateway API - IBAN info fetched successfully {"iban_info":{"account_name":"YİĞİTHAN DURSUN ARGU","iban":"TR290004600238888000271249","description":"Açıklamayı boş bırakınız 2,000₺ ÖDEMEYİ YAPTIM","extra_url":"https://extracuzdan.com/new/VYS0xgJzmD20260708184957","extra_token":"cDlCPReKTslbjfPiuqdcn9YJnohZmFdbXbyx8fYQ"}} 
[2026-07-08 21:49:27] local.INFO: Login attempt for: Bahriddinamanov87@gmail.com  
[2026-07-08 21:49:27] local.INFO: Yonetici found: No  
[2026-07-08 21:49:27] local.INFO: Admin found: No  
[2026-07-08 21:49:27] local.INFO: Login failed - no valid credentials  
[2026-07-08 21:49:52] local.INFO: Login attempt for: bahriddinamanov87@gmail.com  
[2026-07-08 21:49:52] local.INFO: Yonetici found: No  
[2026-07-08 21:49:52] local.INFO: Admin found: No  
[2026-07-08 21:49:52] local.INFO: Login failed - no valid credentials  
[2026-07-08 21:50:42] local.INFO: Login attempt for: bahriddinamanov87@gmail.com  
[2026-07-08 21:50:42] local.INFO: Yonetici found: No  
[2026-07-08 21:50:42] local.INFO: Admin found: No  
[2026-07-08 21:50:42] local.INFO: Login failed - no valid credentials  
[2026-07-09 16:47:51] local.INFO: Login attempt for: kubulay4906  
[2026-07-09 16:47:51] local.INFO: Yonetici found: No  
[2026-07-09 16:47:51] local.INFO: Admin found: No  
[2026-07-09 16:47:51] local.INFO: Login failed - no valid credentials  
[2026-07-09 16:48:06] local.INFO: Login attempt for: kubulay4906  
[2026-07-09 16:48:06] local.INFO: Yonetici found: No  
[2026-07-09 16:48:06] local.INFO: Admin found: No  
[2026-07-09 16:48:06] local.INFO: Login failed - no valid credentials  
[2026-07-09 18:26:17] local.INFO: Gateway API - Request Received {"amount":"1500","source_user_id":60830,"fullname":"Ahmet Çelik"} 
[2026-07-09 18:26:17] local.INFO: Gateway API - New User Created {"user_id":1974,"username":"ahmetcelik972"} 
[2026-07-09 18:26:17] local.INFO: Gateway API - Sending request to Extra Cuzdan {"referenceno":"ref-1974-1783610777-4126","data":{"referenceno":"ref-1974-1783610777-4126","player_un":"celikahmet244","player_id":"158985","player_name":"Ahmet Çelik","player_identityno":14006806498,"player_telephone":"5465459945","player_email":"celikahmet244@yahoo.com","player_birthdate":"1984-11-19"}} 
[2026-07-09 18:26:17] local.INFO: Gateway API - Extra Cuzdan Response {"response":"{\"success\":true,\"href\":\"https:\\/\\/extracuzdan.com\\/new\\/cqykxZ45rw20260709182617\"}"} 
[2026-07-09 18:26:17] local.INFO: Gateway API - Pending Deposit Created {"id":196,"islemno":"ref-1974-1783610777-4126","source_user_id":60830} 
[2026-07-09 18:26:18] local.INFO: IBAN Fetch - HTML preview {"html_start":"<html lang=\"tr\">
<head>
    <meta charset=\"utf-8\">
    <meta http-equiv=\"X-UA-Compatible\" content=\"IE=edge\">
    <meta name=\"viewport\" content=\"width=device-width, initial-scale=1\">
    <style>
        body {
            background-color: #033343 !important;
            background-size: 400% 400%;
            animation: gradient 9s ease infinite;
            height: 100vh;
            padding-top: 30px;
            font-size: 14px
        }

        svg:hover {
            cursor: pointer
        }

        @keyframes  gradient {
            0% {
                background-position: 0% 50%;
            }
            50% {
                background-position: 100% 50%;
            }
            100% {
                background-position: 0% 50%;
            }
        }

        @keyframes  blinks {
            0% {
                border-bottom: #1D9A6C solid 10px;
            }
            25% {
                border-bottom: #39A96B solid 10px;
            }
            50% {
                border-bottom: #56B870 solid 10px;
            }
            75% {
                border-bottom: #74C67A solid 10px;
            }
            100% {
                border-bottom: #1D9A6C solid 10px;
            }
        }


        .box {
            width: 800px;
            background: #FFF;
            border-radius: 0 30px 0 30px;
            padding: 0 10px;
            margin: 10px auto;
            font-size: 1rem;
            /* box-shadow: inset 0px 0px 10px 4px #969393;*/
        }

        @media (max-width: 992px) {
            .box {
                width: 100%;
            }
        }

        .method {
            margin-bottom: 25px;
        }

        .method a {
            border: 1px solid #f9f9f9;
            display: flex;
            text-align: center;
            border-radius: 0 0 0 20px !important;
            flex-direction: column;
            flex-wrap: nowrap;
            justify-content: space-around;
            align-items: center;
            padding: 5px;
            /*animation: blinks 1s linear infinite;*/
            border-bottom: #59727a solid 2px;
            color: #000;

        }

        div.method a:hover {
            box-shadow: 1px 1px 3px 1px #e6e6e6 !important;
            border: 1px solid #e6e6e6;
            transition: all .5s !important;
            transform: scale(1.05);
            text-decoration: none;
        }

        .method a img {
            max-height: 50px;
        }

        .method a span {
            font-size: 14px;
            color: #494848;
            font-weight: 600;
        }

        .method a > * {
            margin-bottom: 10px;
        }

        .mb-10 {
            margin-bottom: 10px;
        }

        .fs-20 {
            font-size: 20px !important;
        }

        .pb-30 {
            padding-bottom: 30px;
        }
    </style>
    <title>Extra</title>
    <link rel=\"stylesheet\" href=\"https://stackpath.bootstrapcdn.com/bootstrap/4.5.2/css/bootstrap.min.css\">"} 
[2026-07-09 18:26:18] local.INFO: IBAN Fetch - Token extracted {"token":"sfftsTQ0BL..."} 
[2026-07-09 18:26:18] local.INFO: IBAN Fetch - CSRF tokens {"csrf_token":"NOT_FOUND","xsrf_cookie":"NOT_FOUND","cookie_file_content":""} 
[2026-07-09 18:26:18] local.INFO: IBAN Fetch - pricesearch response {"response":"{\"success\":true,\"banks\":null}"} 
[2026-07-09 18:26:18] local.INFO: IBAN Fetch - save response {"response":"{\"success\":true,\"html\":\"<div class=\\\"row\\\" id=\\\"bankinfodiv\\\">\\n    <div class=\\\"col-lg-12\\\" style=\\\"margin-bottom: 10px;\\\">\\n        <div class=\\\"text-center\\\">\\n                                                <label class=\\\"font-weight-bold fs-22\\\">\\n                        L\\u00fctfen a\\u015fa\\u011f\\u0131daki hesap numaras\\u0131na belirtmi\\u015f oldu\\u011funuz tutar\\u0131 g\\u00f6nderiniz.<br>\\n                        \\u00d6deme i\\u015fleminizi tamamlad\\u0131ktan sonra <strong>\\u00d6DEMEY\\u013"} 
[2026-07-09 18:26:18] local.INFO: IBAN Fetch - Clean text for parsing {"text":"Lütfen aşağıdaki hesap numarasına belirtmiş olduğunuz tutarı gönderiniz. Ödeme işleminizi tamamladıktan sonra ÖDEMEYİ YAPTIM butonuna tıklayınız. YİĞİTHAN DURSUN ARGU TR350015700000000203639639 Açıklama: Açıklamayı boş bırakınız 1,500₺ ÖDEMEYİ YAPTIM"} 
[2026-07-09 18:26:18] local.INFO: Gateway API - IBAN info fetched successfully {"iban_info":{"account_name":"YİĞİTHAN DURSUN ARGU","iban":"TR350015700000000203639639","description":"Açıklamayı boş bırakınız 1,500₺ ÖDEMEYİ YAPTIM","extra_url":"https://extracuzdan.com/new/cqykxZ45rw20260709182617","extra_token":"sfftsTQ0BLgh8aW6lqRvkc8SsUK7laPc03ogjdBM"}} 
[2026-07-09 18:26:58] local.INFO: Gateway API - Request Received {"amount":"2000","source_user_id":60830,"fullname":"Ahmet Çelik"} 
[2026-07-09 18:26:58] local.INFO: Gateway API - Existing User Found/Updated {"user_id":1974} 
[2026-07-09 18:26:58] local.INFO: Gateway API - Sending request to Extra Cuzdan {"referenceno":"ref-1974-1783610818-9612","data":{"referenceno":"ref-1974-1783610818-9612","player_un":"celikahmet244","player_id":"158985","player_name":"Ahmet Çelik","player_identityno":14006806498,"player_telephone":"5465459945","player_email":"celikahmet244@yahoo.com","player_birthdate":"1984-11-19"}} 
[2026-07-09 18:26:59] local.INFO: Gateway API - Extra Cuzdan Response {"response":"{\"success\":false,\"code\":810,\"message\":\"Excess Transaction Count (\\u00dcyenin aktif talebi mevcut)\"}"} 
[2026-07-09 18:26:59] local.ERROR: Gateway API - Failed to get payment URL {"response":"{\"success\":false,\"code\":810,\"message\":\"Excess Transaction Count (\\u00dcyenin aktif talebi mevcut)\"}"} 
[2026-07-09 18:37:56] local.INFO: Gateway API - Request Received {"amount":"1500","source_user_id":60830,"fullname":"Ahmet Çelik"} 
[2026-07-09 18:37:56] local.INFO: Gateway API - Existing User Found/Updated {"user_id":1974} 
[2026-07-09 18:37:56] local.INFO: Gateway API - Sending request to Extra Cuzdan {"referenceno":"ref-1974-1783611476-2194","data":{"referenceno":"ref-1974-1783611476-2194","player_un":"celikahmet244","player_id":"158985","player_name":"Ahmet Çelik","player_identityno":14006806498,"player_telephone":"5465459945","player_email":"celikahmet244@yahoo.com","player_birthdate":"1984-11-19"}} 
[2026-07-09 18:37:56] local.INFO: Gateway API - Extra Cuzdan Response {"response":"{\"success\":false,\"code\":810,\"message\":\"Excess Transaction Count (\\u00dcyenin aktif talebi mevcut)\"}"} 
[2026-07-09 18:37:56] local.ERROR: Gateway API - Failed to get payment URL {"response":"{\"success\":false,\"code\":810,\"message\":\"Excess Transaction Count (\\u00dcyenin aktif talebi mevcut)\"}"} 
[2026-07-09 20:12:38] local.INFO: Gateway API - Request Received {"amount":"1000","source_user_id":60837,"fullname":"Esra Dayan"} 
[2026-07-09 20:12:38] local.INFO: Gateway API - New User Created {"user_id":1975,"username":"esradayan252"} 
[2026-07-09 20:12:38] local.INFO: Gateway API - Sending request to Extra Cuzdan {"referenceno":"ref-1975-1783617158-9944","data":{"referenceno":"ref-1975-1783617158-9944","player_un":"esra.dayan761","player_id":"164852","player_name":"Esra Dayan","player_identityno":64605992832,"player_telephone":"5374980052","player_email":"esradayan761@yahoo.com","player_birthdate":"1999-12-03"}} 
[2026-07-09 20:12:38] local.INFO: Gateway API - Extra Cuzdan Response {"response":"{\"success\":true,\"href\":\"https:\\/\\/extracuzdan.com\\/new\\/eEg9VPhudb20260709201238\"}"} 
[2026-07-09 20:12:38] local.INFO: Gateway API - Pending Deposit Created {"id":198,"islemno":"ref-1975-1783617158-9944","source_user_id":60837} 
[2026-07-09 20:12:38] local.INFO: IBAN Fetch - HTML preview {"html_start":"<html lang=\"tr\">
<head>
    <meta charset=\"utf-8\">
    <meta http-equiv=\"X-UA-Compatible\" content=\"IE=edge\">
    <meta name=\"viewport\" content=\"width=device-width, initial-scale=1\">
    <style>
        body {
            background-color: #033343 !important;
            background-size: 400% 400%;
            animation: gradient 9s ease infinite;
            height: 100vh;
            padding-top: 30px;
            font-size: 14px
        }

        svg:hover {
            cursor: pointer
        }

        @keyframes  gradient {
            0% {
                background-position: 0% 50%;
            }
            50% {
                background-position: 100% 50%;
            }
            100% {
                background-position: 0% 50%;
            }
        }

        @keyframes  blinks {
            0% {
                border-bottom: #1D9A6C solid 10px;
            }
            25% {
                border-bottom: #39A96B solid 10px;
            }
            50% {
                border-bottom: #56B870 solid 10px;
            }
            75% {
                border-bottom: #74C67A solid 10px;
            }
            100% {
                border-bottom: #1D9A6C solid 10px;
            }
        }


        .box {
            width: 800px;
            background: #FFF;
            border-radius: 0 30px 0 30px;
            padding: 0 10px;
            margin: 10px auto;
            font-size: 1rem;
            /* box-shadow: inset 0px 0px 10px 4px #969393;*/
        }

        @media (max-width: 992px) {
            .box {
                width: 100%;
            }
        }

        .method {
            margin-bottom: 25px;
        }

        .method a {
            border: 1px solid #f9f9f9;
            display: flex;
            text-align: center;
            border-radius: 0 0 0 20px !important;
            flex-direction: column;
            flex-wrap: nowrap;
            justify-content: space-around;
            align-items: center;
            padding: 5px;
            /*animation: blinks 1s linear infinite;*/
            border-bottom: #59727a solid 2px;
            color: #000;

        }

        div.method a:hover {
            box-shadow: 1px 1px 3px 1px #e6e6e6 !important;
            border: 1px solid #e6e6e6;
            transition: all .5s !important;
            transform: scale(1.05);
            text-decoration: none;
        }

        .method a img {
            max-height: 50px;
        }

        .method a span {
            font-size: 14px;
            color: #494848;
            font-weight: 600;
        }

        .method a > * {
            margin-bottom: 10px;
        }

        .mb-10 {
            margin-bottom: 10px;
        }

        .fs-20 {
            font-size: 20px !important;
        }

        .pb-30 {
            padding-bottom: 30px;
        }
    </style>
    <title>Extra</title>
    <link rel=\"stylesheet\" href=\"https://stackpath.bootstrapcdn.com/bootstrap/4.5.2/css/bootstrap.min.css\">"} 
[2026-07-09 20:12:38] local.INFO: IBAN Fetch - Token extracted {"token":"blfJuS7JSJ..."} 
[2026-07-09 20:12:38] local.INFO: IBAN Fetch - CSRF tokens {"csrf_token":"NOT_FOUND","xsrf_cookie":"NOT_FOUND","cookie_file_content":""} 
[2026-07-09 20:12:38] local.INFO: IBAN Fetch - pricesearch response {"response":"{\"success\":true,\"banks\":null}"} 
[2026-07-09 20:12:39] local.INFO: IBAN Fetch - save response {"response":"{\"success\":true,\"html\":\"<div class=\\\"row\\\" id=\\\"bankinfodiv\\\">\\n    <div class=\\\"col-lg-12\\\" style=\\\"margin-bottom: 10px;\\\">\\n        <div class=\\\"text-center\\\">\\n                                                <label class=\\\"font-weight-bold fs-22\\\">\\n                        L\\u00fctfen a\\u015fa\\u011f\\u0131daki hesap numaras\\u0131na belirtmi\\u015f oldu\\u011funuz tutar\\u0131 g\\u00f6nderiniz.<br>\\n                        \\u00d6deme i\\u015fleminizi tamamlad\\u0131ktan sonra <strong>\\u00d6DEMEY\\u013"} 
[2026-07-09 20:12:39] local.INFO: IBAN Fetch - Clean text for parsing {"text":"Lütfen aşağıdaki hesap numarasına belirtmiş olduğunuz tutarı gönderiniz. Ödeme işleminizi tamamladıktan sonra ÖDEMEYİ YAPTIM butonuna tıklayınız. ZEYNEL DEMİRKOL TR390001004003849112955004 Açıklama: Açıklamayı boş bırakınız 1,000₺ ÖDEMEYİ YAPTIM"} 
[2026-07-09 20:12:39] local.INFO: Gateway API - IBAN info fetched successfully {"iban_info":{"account_name":"ZEYNEL DEMİRKOL","iban":"TR390001004003849112955004","description":"Açıklamayı boş bırakınız 1,000₺ ÖDEMEYİ YAPTIM","extra_url":"https://extracuzdan.com/new/eEg9VPhudb20260709201238","extra_token":"blfJuS7JSJNrQkX5Jz4Fad0krY8YkeRtv4Ux01DN"}} 
[2026-07-09 20:38:46] local.INFO: PaymentController - Sending request to Extra Cuzdan {"url":"https://apiws.extracuzdan.com/deposit/creditcard","data":{"referenceno":"ref-1976-1783618726-5513","player_un":"polatabuzer119","player_id":"135994","player_name":"abuzer polat","player_identityno":27160248684,"player_telephone":"5384754586","player_email":"polatabuzer119@hotmail.com","player_birthdate":"1990-11-27"}} 
[2026-07-09 20:38:46] local.INFO: PaymentController - Extra Cuzdan Response {"response":"{\"success\":true,\"href\":\"https:\\/\\/extracuzdan.com\\/new\\/XqnQsTEkZA20260709203846\"}"} 
[2026-07-10 00:15:01] local.INFO: Login attempt for: Mevlutkulan40@gmail.com  
[2026-07-10 00:15:01] local.INFO: Yonetici found: No  
[2026-07-10 00:15:01] local.INFO: Admin found: No  
[2026-07-10 00:15:01] local.INFO: Login failed - no valid credentials  
[2026-07-10 00:55:24] local.INFO: Gateway API - Request Received {"amount":"1000","source_user_id":60850,"fullname":"Mert Demir"} 
[2026-07-10 00:55:24] local.INFO: Gateway API - New User Created {"user_id":1977,"username":"mertdemir574"} 
[2026-07-10 00:55:24] local.INFO: Gateway API - Sending request to Extra Cuzdan {"referenceno":"ref-1977-1783634124-5918","data":{"referenceno":"ref-1977-1783634124-5918","player_un":"mdemir58","player_id":"123751","player_name":"Mert Demir","player_identityno":88584924042,"player_telephone":"5303890375","player_email":"mdemir58@hotmail.com","player_birthdate":"1983-05-28"}} 
[2026-07-10 00:55:24] local.INFO: Gateway API - Extra Cuzdan Response {"response":"{\"success\":true,\"href\":\"https:\\/\\/extracuzdan.com\\/new\\/etS1pAfedO20260710005524\"}"} 
[2026-07-10 00:55:24] local.INFO: Gateway API - Pending Deposit Created {"id":200,"islemno":"ref-1977-1783634124-5918","source_user_id":60850} 
[2026-07-10 00:55:24] local.INFO: IBAN Fetch - HTML preview {"html_start":"<html lang=\"tr\">
<head>
    <meta charset=\"utf-8\">
    <meta http-equiv=\"X-UA-Compatible\" content=\"IE=edge\">
    <meta name=\"viewport\" content=\"width=device-width, initial-scale=1\">
    <style>
        body {
            background-color: #033343 !important;
            background-size: 400% 400%;
            animation: gradient 9s ease infinite;
            height: 100vh;
            padding-top: 30px;
            font-size: 14px
        }

        svg:hover {
            cursor: pointer
        }

        @keyframes  gradient {
            0% {
                background-position: 0% 50%;
            }
            50% {
                background-position: 100% 50%;
            }
            100% {
                background-position: 0% 50%;
            }
        }

        @keyframes  blinks {
            0% {
                border-bottom: #1D9A6C solid 10px;
            }
            25% {
                border-bottom: #39A96B solid 10px;
            }
            50% {
                border-bottom: #56B870 solid 10px;
            }
            75% {
                border-bottom: #74C67A solid 10px;
            }
            100% {
                border-bottom: #1D9A6C solid 10px;
            }
        }


        .box {
            width: 800px;
            background: #FFF;
            border-radius: 0 30px 0 30px;
            padding: 0 10px;
            margin: 10px auto;
            font-size: 1rem;
            /* box-shadow: inset 0px 0px 10px 4px #969393;*/
        }

        @media (max-width: 992px) {
            .box {
                width: 100%;
            }
        }

        .method {
            margin-bottom: 25px;
        }

        .method a {
            border: 1px solid #f9f9f9;
            display: flex;
            text-align: center;
            border-radius: 0 0 0 20px !important;
            flex-direction: column;
            flex-wrap: nowrap;
            justify-content: space-around;
            align-items: center;
            padding: 5px;
            /*animation: blinks 1s linear infinite;*/
            border-bottom: #59727a solid 2px;
            color: #000;

        }

        div.method a:hover {
            box-shadow: 1px 1px 3px 1px #e6e6e6 !important;
            border: 1px solid #e6e6e6;
            transition: all .5s !important;
            transform: scale(1.05);
            text-decoration: none;
        }

        .method a img {
            max-height: 50px;
        }

        .method a span {
            font-size: 14px;
            color: #494848;
            font-weight: 600;
        }

        .method a > * {
            margin-bottom: 10px;
        }

        .mb-10 {
            margin-bottom: 10px;
        }

        .fs-20 {
            font-size: 20px !important;
        }

        .pb-30 {
            padding-bottom: 30px;
        }
    </style>
    <title>Extra</title>
    <link rel=\"stylesheet\" href=\"https://stackpath.bootstrapcdn.com/bootstrap/4.5.2/css/bootstrap.min.css\">"} 
[2026-07-10 00:55:24] local.INFO: IBAN Fetch - Token extracted {"token":"O9T5DcDZUO..."} 
[2026-07-10 00:55:24] local.INFO: IBAN Fetch - CSRF tokens {"csrf_token":"NOT_FOUND","xsrf_cookie":"NOT_FOUND","cookie_file_content":""} 
[2026-07-10 00:55:24] local.INFO: IBAN Fetch - pricesearch response {"response":"{\"success\":true,\"banks\":null}"} 
[2026-07-10 00:55:25] local.INFO: IBAN Fetch - save response {"response":"{\"success\":true,\"html\":\"<div class=\\\"row\\\" id=\\\"bankinfodiv\\\">\\n    <div class=\\\"col-lg-12\\\" style=\\\"margin-bottom: 10px;\\\">\\n        <div class=\\\"text-center\\\">\\n                                                <label class=\\\"font-weight-bold fs-22\\\">\\n                        L\\u00fctfen a\\u015fa\\u011f\\u0131daki hesap numaras\\u0131na belirtmi\\u015f oldu\\u011funuz tutar\\u0131 g\\u00f6nderiniz.<br>\\n                        \\u00d6deme i\\u015fleminizi tamamlad\\u0131ktan sonra <strong>\\u00d6DEMEY\\u013"} 
[2026-07-10 00:55:25] local.INFO: IBAN Fetch - Clean text for parsing {"text":"Lütfen aşağıdaki hesap numarasına belirtmiş olduğunuz tutarı gönderiniz. Ödeme işleminizi tamamladıktan sonra ÖDEMEYİ YAPTIM butonuna tıklayınız. ZEYNEL DEMİRKOL TR820001004003849112955006 Açıklama: Açıklamayı boş bırakınız 1,000₺ ÖDEMEYİ YAPTIM"} 
[2026-07-10 00:55:25] local.INFO: Gateway API - IBAN info fetched successfully {"iban_info":{"account_name":"ZEYNEL DEMİRKOL","iban":"TR820001004003849112955006","description":"Açıklamayı boş bırakınız 1,000₺ ÖDEMEYİ YAPTIM","extra_url":"https://extracuzdan.com/new/etS1pAfedO20260710005524","extra_token":"O9T5DcDZUOAZA9iMUuOkesNFa8ATngAHuq0Gv95S"}} 
[2026-07-10 12:17:46] local.INFO: Login attempt for: Mates2837  
[2026-07-10 12:17:46] local.INFO: Yonetici found: No  
[2026-07-10 12:17:46] local.INFO: Admin found: No  
[2026-07-10 12:17:46] local.INFO: Login failed - no valid credentials  
[2026-07-10 12:18:09] local.INFO: Login attempt for: Mates2837  
[2026-07-10 12:18:09] local.INFO: Yonetici found: No  
[2026-07-10 12:18:09] local.INFO: Admin found: No  
[2026-07-10 12:18:09] local.INFO: Login failed - no valid credentials  
[2026-07-10 23:33:09] local.INFO: Login attempt for: Nb2134  
[2026-07-10 23:33:09] local.INFO: Yonetici found: No  
[2026-07-10 23:33:09] local.INFO: Admin found: No  
[2026-07-10 23:33:09] local.INFO: Login failed - no valid credentials  
[2026-07-10 23:33:26] local.INFO: Login attempt for: Nb21345  
[2026-07-10 23:33:26] local.INFO: Yonetici found: No  
[2026-07-10 23:33:26] local.INFO: Admin found: No  
[2026-07-10 23:33:26] local.INFO: Login failed - no valid credentials  
[2026-07-10 23:33:58] local.INFO: Login attempt for: nb21345  
[2026-07-10 23:33:58] local.INFO: Yonetici found: No  
[2026-07-10 23:33:58] local.INFO: Admin found: No  
[2026-07-10 23:33:58] local.INFO: Login failed - no valid credentials  
[2026-07-10 23:34:26] local.INFO: Login attempt for: Nb21345  
[2026-07-10 23:34:26] local.INFO: Yonetici found: No  
[2026-07-10 23:34:26] local.INFO: Admin found: No  
[2026-07-10 23:34:26] local.INFO: Login failed - no valid credentials  
[2026-07-10 23:34:45] local.INFO: Login attempt for: Nb21345  
[2026-07-10 23:34:45] local.INFO: Yonetici found: No  
[2026-07-10 23:34:45] local.INFO: Admin found: No  
[2026-07-10 23:34:45] local.INFO: Login failed - no valid credentials  
[2026-07-10 23:35:10] local.INFO: Login attempt for: Nb213456  
[2026-07-10 23:35:10] local.INFO: Yonetici found: No  
[2026-07-10 23:35:10] local.INFO: Admin found: No  
[2026-07-10 23:35:10] local.INFO: Login failed - no valid credentials  
[2026-07-12 02:30:35] local.INFO: Login attempt for: Omer6236  
[2026-07-12 02:30:35] local.INFO: Yonetici found: No  
[2026-07-12 02:30:35] local.INFO: Admin found: No  
[2026-07-12 02:30:35] local.INFO: Login failed - no valid credentials  
[2026-07-12 11:29:45] local.INFO: Gateway API - Request Received {"amount":"1000","source_user_id":21694,"fullname":"Ayşe Eşiyok"} 
[2026-07-12 11:29:45] local.INFO: Gateway API - Existing User Found/Updated {"user_id":1922} 
[2026-07-12 11:29:45] local.INFO: Gateway API - Sending request to Extra Cuzdan {"referenceno":"ref-1922-1783844985-5653","data":{"referenceno":"ref-1922-1783844985-5653","player_un":"ayse.esiyok689","player_id":"116607","player_name":"Ayşe Eşiyok","player_identityno":77829562118,"player_telephone":"5436963423","player_email":"ayseesiyok689@hotmail.com","player_birthdate":"1986-01-23"}} 
[2026-07-12 11:29:45] local.INFO: Gateway API - Extra Cuzdan Response {"response":"{\"success\":true,\"href\":\"https:\\/\\/extracuzdan.com\\/new\\/Sk3d546paN20260712112945\"}"} 
[2026-07-12 11:29:45] local.INFO: Gateway API - Pending Deposit Created {"id":202,"islemno":"ref-1922-1783844985-5653","source_user_id":21694} 
[2026-07-12 11:29:45] local.INFO: IBAN Fetch - HTML preview {"html_start":"<html lang=\"tr\">
<head>
    <meta charset=\"utf-8\">
    <meta http-equiv=\"X-UA-Compatible\" content=\"IE=edge\">
    <meta name=\"viewport\" content=\"width=device-width, initial-scale=1\">
    <style>
        body {
            background-color: #033343 !important;
            background-size: 400% 400%;
            animation: gradient 9s ease infinite;
            height: 100vh;
            padding-top: 30px;
            font-size: 14px
        }

        svg:hover {
            cursor: pointer
        }

        @keyframes  gradient {
            0% {
                background-position: 0% 50%;
            }
            50% {
                background-position: 100% 50%;
            }
            100% {
                background-position: 0% 50%;
            }
        }

        @keyframes  blinks {
            0% {
                border-bottom: #1D9A6C solid 10px;
            }
            25% {
                border-bottom: #39A96B solid 10px;
            }
            50% {
                border-bottom: #56B870 solid 10px;
            }
            75% {
                border-bottom: #74C67A solid 10px;
            }
            100% {
                border-bottom: #1D9A6C solid 10px;
            }
        }


        .box {
            width: 800px;
            background: #FFF;
            border-radius: 0 30px 0 30px;
            padding: 0 10px;
            margin: 10px auto;
            font-size: 1rem;
            /* box-shadow: inset 0px 0px 10px 4px #969393;*/
        }

        @media (max-width: 992px) {
            .box {
                width: 100%;
            }
        }

        .method {
            margin-bottom: 25px;
        }

        .method a {
            border: 1px solid #f9f9f9;
            display: flex;
            text-align: center;
            border-radius: 0 0 0 20px !important;
            flex-direction: column;
            flex-wrap: nowrap;
            justify-content: space-around;
            align-items: center;
            padding: 5px;
            /*animation: blinks 1s linear infinite;*/
            border-bottom: #59727a solid 2px;
            color: #000;

        }

        div.method a:hover {
            box-shadow: 1px 1px 3px 1px #e6e6e6 !important;
            border: 1px solid #e6e6e6;
            transition: all .5s !important;
            transform: scale(1.05);
            text-decoration: none;
        }

        .method a img {
            max-height: 50px;
        }

        .method a span {
            font-size: 14px;
            color: #494848;
            font-weight: 600;
        }

        .method a > * {
            margin-bottom: 10px;
        }

        .mb-10 {
            margin-bottom: 10px;
        }

        .fs-20 {
            font-size: 20px !important;
        }

        .pb-30 {
            padding-bottom: 30px;
        }
    </style>
    <title>Extra</title>
    <link rel=\"stylesheet\" href=\"https://stackpath.bootstrapcdn.com/bootstrap/4.5.2/css/bootstrap.min.css\">"} 
[2026-07-12 11:29:45] local.INFO: IBAN Fetch - Token extracted {"token":"eLT9jaZLeP..."} 
[2026-07-12 11:29:45] local.INFO: IBAN Fetch - CSRF tokens {"csrf_token":"NOT_FOUND","xsrf_cookie":"NOT_FOUND","cookie_file_content":""} 
[2026-07-12 11:29:46] local.INFO: IBAN Fetch - pricesearch response {"response":"{\"success\":true,\"banks\":null}"} 
[2026-07-12 11:29:46] local.INFO: IBAN Fetch - save response {"response":"{\"success\":false,\"message\":\"Hesap bulunamad\\u0131 l\\u00fctfen daha sonra tekrar deneyiniz.\",\"c\":5}"} 
[2026-07-12 11:29:46] local.WARNING: IBAN Fetch - No available bank account {"message":"Hesap bulunamadı lütfen daha sonra tekrar deneyiniz."} 
[2026-07-12 11:29:46] local.WARNING: Gateway API - No available bank account {"message":"Hesap bulunamadı lütfen daha sonra tekrar deneyiniz."} 
[2026-07-12 11:29:46] local.INFO: Gateway API - Telegram notification sent for no_account  
[2026-07-12 11:30:11] local.INFO: Gateway API - Request Received {"amount":"1000","source_user_id":21694,"fullname":"Ayşe Eşiyok"} 
[2026-07-12 11:30:11] local.INFO: Gateway API - Existing User Found/Updated {"user_id":1922} 
[2026-07-12 11:30:11] local.INFO: Gateway API - Sending request to Extra Cuzdan {"referenceno":"ref-1922-1783845011-6051","data":{"referenceno":"ref-1922-1783845011-6051","player_un":"ayse.esiyok689","player_id":"116607","player_name":"Ayşe Eşiyok","player_identityno":77829562118,"player_telephone":"5436963423","player_email":"ayseesiyok689@hotmail.com","player_birthdate":"1986-01-23"}} 
[2026-07-12 11:30:11] local.INFO: Gateway API - Extra Cuzdan Response {"response":"{\"success\":false,\"code\":810,\"message\":\"Excess Transaction Count (\\u00dcyenin aktif talebi mevcut)\"}"} 
[2026-07-12 11:30:11] local.ERROR: Gateway API - Failed to get payment URL {"response":"{\"success\":false,\"code\":810,\"message\":\"Excess Transaction Count (\\u00dcyenin aktif talebi mevcut)\"}"} 
[2026-07-12 11:30:32] local.INFO: Gateway API - Request Received {"amount":"1000","source_user_id":21694,"fullname":"Ayşe Eşiyok"} 
[2026-07-12 11:30:32] local.INFO: Gateway API - Existing User Found/Updated {"user_id":1922} 
[2026-07-12 11:30:32] local.INFO: Gateway API - Sending request to Extra Cuzdan {"referenceno":"ref-1922-1783845032-4136","data":{"referenceno":"ref-1922-1783845032-4136","player_un":"ayse.esiyok689","player_id":"116607","player_name":"Ayşe Eşiyok","player_identityno":77829562118,"player_telephone":"5436963423","player_email":"ayseesiyok689@hotmail.com","player_birthdate":"1986-01-23"}} 
[2026-07-12 11:30:33] local.INFO: Gateway API - Extra Cuzdan Response {"response":"{\"success\":false,\"code\":810,\"message\":\"Excess Transaction Count (\\u00dcyenin aktif talebi mevcut)\"}"} 
[2026-07-12 11:30:33] local.ERROR: Gateway API - Failed to get payment URL {"response":"{\"success\":false,\"code\":810,\"message\":\"Excess Transaction Count (\\u00dcyenin aktif talebi mevcut)\"}"} 
[2026-07-12 11:30:39] local.INFO: Gateway API - Request Received {"amount":"1000","source_user_id":21694,"fullname":"Ayşe Eşiyok"} 
[2026-07-12 11:30:39] local.INFO: Gateway API - Existing User Found/Updated {"user_id":1922} 
[2026-07-12 11:30:39] local.INFO: Gateway API - Sending request to Extra Cuzdan {"referenceno":"ref-1922-1783845039-4457","data":{"referenceno":"ref-1922-1783845039-4457","player_un":"ayse.esiyok689","player_id":"116607","player_name":"Ayşe Eşiyok","player_identityno":77829562118,"player_telephone":"5436963423","player_email":"ayseesiyok689@hotmail.com","player_birthdate":"1986-01-23"}} 
[2026-07-12 11:30:39] local.INFO: Gateway API - Extra Cuzdan Response {"response":"{\"success\":false,\"code\":810,\"message\":\"Excess Transaction Count (\\u00dcyenin aktif talebi mevcut)\"}"} 
[2026-07-12 11:30:39] local.ERROR: Gateway API - Failed to get payment URL {"response":"{\"success\":false,\"code\":810,\"message\":\"Excess Transaction Count (\\u00dcyenin aktif talebi mevcut)\"}"} 
[2026-07-12 11:32:23] local.INFO: Gateway API - Request Received {"amount":"1000","source_user_id":21694,"fullname":"Ayşe Eşiyok"} 
[2026-07-12 11:32:23] local.INFO: Gateway API - Existing User Found/Updated {"user_id":1922} 
[2026-07-12 11:32:23] local.INFO: Gateway API - Sending request to Extra Cuzdan {"referenceno":"ref-1922-1783845143-8984","data":{"referenceno":"ref-1922-1783845143-8984","player_un":"ayse.esiyok689","player_id":"116607","player_name":"Ayşe Eşiyok","player_identityno":77829562118,"player_telephone":"5436963423","player_email":"ayseesiyok689@hotmail.com","player_birthdate":"1986-01-23"}} 
[2026-07-12 11:32:23] local.INFO: Gateway API - Extra Cuzdan Response {"response":"{\"success\":false,\"code\":810,\"message\":\"Excess Transaction Count (\\u00dcyenin aktif talebi mevcut)\"}"} 
[2026-07-12 11:32:23] local.ERROR: Gateway API - Failed to get payment URL {"response":"{\"success\":false,\"code\":810,\"message\":\"Excess Transaction Count (\\u00dcyenin aktif talebi mevcut)\"}"} 
[2026-07-12 11:32:31] local.INFO: Gateway API - Request Received {"amount":"1000","source_user_id":21694,"fullname":"Ayşe Eşiyok"} 
[2026-07-12 11:32:31] local.INFO: Gateway API - Existing User Found/Updated {"user_id":1922} 
[2026-07-12 11:32:31] local.INFO: Gateway API - Sending request to Extra Cuzdan {"referenceno":"ref-1922-1783845151-8146","data":{"referenceno":"ref-1922-1783845151-8146","player_un":"ayse.esiyok689","player_id":"116607","player_name":"Ayşe Eşiyok","player_identityno":77829562118,"player_telephone":"5436963423","player_email":"ayseesiyok689@hotmail.com","player_birthdate":"1986-01-23"}} 
[2026-07-12 11:32:32] local.INFO: Gateway API - Extra Cuzdan Response {"response":"{\"success\":false,\"code\":810,\"message\":\"Excess Transaction Count (\\u00dcyenin aktif talebi mevcut)\"}"} 
[2026-07-12 11:32:32] local.ERROR: Gateway API - Failed to get payment URL {"response":"{\"success\":false,\"code\":810,\"message\":\"Excess Transaction Count (\\u00dcyenin aktif talebi mevcut)\"}"} 
[2026-07-12 11:46:44] local.INFO: Gateway API - Request Received {"amount":"1000","source_user_id":21694,"fullname":"Ayşe Eşiyok"} 
[2026-07-12 11:46:44] local.INFO: Gateway API - Existing User Found/Updated {"user_id":1922} 
[2026-07-12 11:46:44] local.INFO: Gateway API - Sending request to Extra Cuzdan {"referenceno":"ref-1922-1783846004-8010","data":{"referenceno":"ref-1922-1783846004-8010","player_un":"ayse.esiyok689","player_id":"116607","player_name":"Ayşe Eşiyok","player_identityno":77829562118,"player_telephone":"5436963423","player_email":"ayseesiyok689@hotmail.com","player_birthdate":"1986-01-23"}} 
[2026-07-12 11:46:44] local.INFO: Gateway API - Extra Cuzdan Response {"response":"{\"success\":true,\"href\":\"https:\\/\\/extracuzdan.com\\/new\\/kT6jqgyiBm20260712114644\"}"} 
[2026-07-12 11:46:44] local.INFO: Gateway API - Pending Deposit Created {"id":204,"islemno":"ref-1922-1783846004-8010","source_user_id":21694} 
[2026-07-12 11:46:44] local.INFO: IBAN Fetch - HTML preview {"html_start":"<html lang=\"tr\">
<head>
    <meta charset=\"utf-8\">
    <meta http-equiv=\"X-UA-Compatible\" content=\"IE=edge\">
    <meta name=\"viewport\" content=\"width=device-width, initial-scale=1\">
    <style>
        body {
            background-color: #033343 !important;
            background-size: 400% 400%;
            animation: gradient 9s ease infinite;
            height: 100vh;
            padding-top: 30px;
            font-size: 14px
        }

        svg:hover {
            cursor: pointer
        }

        @keyframes  gradient {
            0% {
                background-position: 0% 50%;
            }
            50% {
                background-position: 100% 50%;
            }
            100% {
                background-position: 0% 50%;
            }
        }

        @keyframes  blinks {
            0% {
                border-bottom: #1D9A6C solid 10px;
            }
            25% {
                border-bottom: #39A96B solid 10px;
            }
            50% {
                border-bottom: #56B870 solid 10px;
            }
            75% {
                border-bottom: #74C67A solid 10px;
            }
            100% {
                border-bottom: #1D9A6C solid 10px;
            }
        }


        .box {
            width: 800px;
            background: #FFF;
            border-radius: 0 30px 0 30px;
            padding: 0 10px;
            margin: 10px auto;
            font-size: 1rem;
            /* box-shadow: inset 0px 0px 10px 4px #969393;*/
        }

        @media (max-width: 992px) {
            .box {
                width: 100%;
            }
        }

        .method {
            margin-bottom: 25px;
        }

        .method a {
            border: 1px solid #f9f9f9;
            display: flex;
            text-align: center;
            border-radius: 0 0 0 20px !important;
            flex-direction: column;
            flex-wrap: nowrap;
            justify-content: space-around;
            align-items: center;
            padding: 5px;
            /*animation: blinks 1s linear infinite;*/
            border-bottom: #59727a solid 2px;
            color: #000;

        }

        div.method a:hover {
            box-shadow: 1px 1px 3px 1px #e6e6e6 !important;
            border: 1px solid #e6e6e6;
            transition: all .5s !important;
            transform: scale(1.05);
            text-decoration: none;
        }

        .method a img {
            max-height: 50px;
        }

        .method a span {
            font-size: 14px;
            color: #494848;
            font-weight: 600;
        }

        .method a > * {
            margin-bottom: 10px;
        }

        .mb-10 {
            margin-bottom: 10px;
        }

        .fs-20 {
            font-size: 20px !important;
        }

        .pb-30 {
            padding-bottom: 30px;
        }
    </style>
    <title>Extra</title>
    <link rel=\"stylesheet\" href=\"https://stackpath.bootstrapcdn.com/bootstrap/4.5.2/css/bootstrap.min.css\">"} 
[2026-07-12 11:46:44] local.INFO: IBAN Fetch - Token extracted {"token":"l9FnPIaHu3..."} 
[2026-07-12 11:46:44] local.INFO: IBAN Fetch - CSRF tokens {"csrf_token":"NOT_FOUND","xsrf_cookie":"NOT_FOUND","cookie_file_content":""} 
[2026-07-12 11:46:44] local.INFO: IBAN Fetch - pricesearch response {"response":"{\"success\":true,\"banks\":null}"} 
[2026-07-12 11:46:45] local.INFO: IBAN Fetch - save response {"response":"{\"success\":false,\"message\":\"Hesap bulunamad\\u0131 l\\u00fctfen daha sonra tekrar deneyiniz.\",\"c\":5}"} 
[2026-07-12 11:46:45] local.WARNING: IBAN Fetch - No available bank account {"message":"Hesap bulunamadı lütfen daha sonra tekrar deneyiniz."} 
[2026-07-12 11:46:45] local.WARNING: Gateway API - No available bank account {"message":"Hesap bulunamadı lütfen daha sonra tekrar deneyiniz."} 
[2026-07-12 11:46:45] local.INFO: Gateway API - Telegram notification sent for no_account  
[2026-07-12 12:14:44] local.INFO: Login attempt for: prenses1652  
[2026-07-12 12:14:44] local.INFO: Yonetici found: No  
[2026-07-12 12:14:44] local.INFO: Admin found: No  
[2026-07-12 12:14:44] local.INFO: Login failed - no valid credentials  
[2026-07-12 12:15:40] local.INFO: Login attempt for: neslihan260712  
[2026-07-12 12:15:40] local.INFO: Yonetici found: No  
[2026-07-12 12:15:40] local.INFO: Admin found: Yes  
[2026-07-12 12:15:40] local.INFO: Admin password check: Match  
[2026-07-12 12:15:40] local.INFO: Admin login successful  
[2026-07-12 12:15:52] local.INFO: PaymentController - Sending request to Extra Cuzdan {"url":"https://apiws.extracuzdan.com/deposit/havaleeft","data":{"referenceno":"ref-1980-1783847752-1546","player_un":"neslihan.tombas769","player_id":"148970","player_name":"Neslihan Tombaş","player_identityno":36071719992,"player_telephone":"5426012746","player_email":"neslihantombas769@gmail.com","player_birthdate":"1991-11-25"}} 
[2026-07-12 12:15:53] local.INFO: PaymentController - Extra Cuzdan Response {"response":"{\"success\":true,\"href\":\"https:\\/\\/extracuzdan.com\\/new\\/CBycMYfHc420260712121553\"}"} 
[2026-07-12 20:25:50] local.INFO: Gateway API - Request Received {"amount":"1000","source_user_id":60915,"fullname":"Murat Kafkas"} 
[2026-07-12 20:25:50] local.INFO: Gateway API - New User Created {"user_id":1981,"username":"muratkafkas297"} 
[2026-07-12 20:25:50] local.INFO: Gateway API - Sending request to Extra Cuzdan {"referenceno":"ref-1981-1783877150-7459","data":{"referenceno":"ref-1981-1783877150-7459","player_un":"murat_kafkas35","player_id":"156721","player_name":"Murat Kafkas","player_identityno":29166973812,"player_telephone":"5351957265","player_email":"muratkafkas35@hotmail.com","player_birthdate":"1986-04-15"}} 
[2026-07-12 20:25:51] local.INFO: Gateway API - Extra Cuzdan Response {"response":"{\"success\":true,\"href\":\"https:\\/\\/extracuzdan.com\\/new\\/Mh33Lxd22R20260712202551\"}"} 
[2026-07-12 20:25:51] local.INFO: Gateway API - Pending Deposit Created {"id":207,"islemno":"ref-1981-1783877150-7459","source_user_id":60915} 
[2026-07-12 20:25:51] local.INFO: IBAN Fetch - HTML preview {"html_start":"<html lang=\"tr\">
<head>
    <meta charset=\"utf-8\">
    <meta http-equiv=\"X-UA-Compatible\" content=\"IE=edge\">
    <meta name=\"viewport\" content=\"width=device-width, initial-scale=1\">
    <style>
        body {
            background-color: #033343 !important;
            background-size: 400% 400%;
            animation: gradient 9s ease infinite;
            height: 100vh;
            padding-top: 30px;
            font-size: 14px
        }

        svg:hover {
            cursor: pointer
        }

        @keyframes  gradient {
            0% {
                background-position: 0% 50%;
            }
            50% {
                background-position: 100% 50%;
            }
            100% {
                background-position: 0% 50%;
            }
        }

        @keyframes  blinks {
            0% {
                border-bottom: #1D9A6C solid 10px;
            }
            25% {
                border-bottom: #39A96B solid 10px;
            }
            50% {
                border-bottom: #56B870 solid 10px;
            }
            75% {
                border-bottom: #74C67A solid 10px;
            }
            100% {
                border-bottom: #1D9A6C solid 10px;
            }
        }


        .box {
            width: 800px;
            background: #FFF;
            border-radius: 0 30px 0 30px;
            padding: 0 10px;
            margin: 10px auto;
            font-size: 1rem;
            /* box-shadow: inset 0px 0px 10px 4px #969393;*/
        }

        @media (max-width: 992px) {
            .box {
                width: 100%;
            }
        }

        .method {
            margin-bottom: 25px;
        }

        .method a {
            border: 1px solid #f9f9f9;
            display: flex;
            text-align: center;
            border-radius: 0 0 0 20px !important;
            flex-direction: column;
            flex-wrap: nowrap;
            justify-content: space-around;
            align-items: center;
            padding: 5px;
            /*animation: blinks 1s linear infinite;*/
            border-bottom: #59727a solid 2px;
            color: #000;

        }

        div.method a:hover {
            box-shadow: 1px 1px 3px 1px #e6e6e6 !important;
            border: 1px solid #e6e6e6;
            transition: all .5s !important;
            transform: scale(1.05);
            text-decoration: none;
        }

        .method a img {
            max-height: 50px;
        }

        .method a span {
            font-size: 14px;
            color: #494848;
            font-weight: 600;
        }

        .method a > * {
            margin-bottom: 10px;
        }

        .mb-10 {
            margin-bottom: 10px;
        }

        .fs-20 {
            font-size: 20px !important;
        }

        .pb-30 {
            padding-bottom: 30px;
        }
    </style>
    <title>Extra</title>
    <link rel=\"stylesheet\" href=\"https://stackpath.bootstrapcdn.com/bootstrap/4.5.2/css/bootstrap.min.css\">"} 
[2026-07-12 20:25:51] local.INFO: IBAN Fetch - Token extracted {"token":"lBDjSgXjaS..."} 
[2026-07-12 20:25:51] local.INFO: IBAN Fetch - CSRF tokens {"csrf_token":"NOT_FOUND","xsrf_cookie":"NOT_FOUND","cookie_file_content":""} 
[2026-07-12 20:25:51] local.INFO: IBAN Fetch - pricesearch response {"response":"{\"success\":true,\"banks\":null}"} 
[2026-07-12 20:25:51] local.INFO: IBAN Fetch - save response {"response":"{\"success\":true,\"html\":\"<div class=\\\"row\\\" id=\\\"bankinfodiv\\\">\\n    <div class=\\\"col-lg-12\\\" style=\\\"margin-bottom: 10px;\\\">\\n        <div class=\\\"text-center\\\">\\n                                                <label class=\\\"font-weight-bold fs-22\\\">\\n                        L\\u00fctfen a\\u015fa\\u011f\\u0131daki hesap numaras\\u0131na belirtmi\\u015f oldu\\u011funuz tutar\\u0131 g\\u00f6nderiniz.<br>\\n                        \\u00d6deme i\\u015fleminizi tamamlad\\u0131ktan sonra <strong>\\u00d6DEMEY\\u013"} 
[2026-07-12 20:25:51] local.INFO: IBAN Fetch - Clean text for parsing {"text":"Lütfen aşağıdaki hesap numarasına belirtmiş olduğunuz tutarı gönderiniz. Ödeme işleminizi tamamladıktan sonra ÖDEMEYİ YAPTIM butonuna tıklayınız. YİĞİTHAN DURSUN ARGU TR450010300000000086715868 Açıklama: Açıklamayı boş bırakınız 1,000₺ ÖDEMEYİ YAPTIM"} 
[2026-07-12 20:25:51] local.INFO: Gateway API - IBAN info fetched successfully {"iban_info":{"account_name":"YİĞİTHAN DURSUN ARGU","iban":"TR450010300000000086715868","description":"Açıklamayı boş bırakınız 1,000₺ ÖDEMEYİ YAPTIM","extra_url":"https://extracuzdan.com/new/Mh33Lxd22R20260712202551","extra_token":"lBDjSgXjaSaONVZKDFtGKxM6raXnhXjhqKdhmicF"}} 
[2026-07-12 21:34:48] local.INFO: Gateway API - Request Received {"amount":"1000","source_user_id":60914,"fullname":"Efe Kayan"} 
[2026-07-12 21:34:48] local.INFO: Gateway API - New User Created {"user_id":1982,"username":"efekayan703"} 
[2026-07-12 21:34:48] local.INFO: Gateway API - Sending request to Extra Cuzdan {"referenceno":"ref-1982-1783881288-7156","data":{"referenceno":"ref-1982-1783881288-7156","player_un":"efe.kayan673","player_id":"103677","player_name":"Efe Kayan","player_identityno":21394929470,"player_telephone":"5365574237","player_email":"efekayan673@outlook.com","player_birthdate":"1980-04-16"}} 
[2026-07-12 21:34:48] local.INFO: Gateway API - Extra Cuzdan Response {"response":"{\"success\":true,\"href\":\"https:\\/\\/extracuzdan.com\\/new\\/eOcQITmH5B20260712213448\"}"} 
[2026-07-12 21:34:48] local.INFO: Gateway API - Pending Deposit Created {"id":209,"islemno":"ref-1982-1783881288-7156","source_user_id":60914} 
[2026-07-12 21:34:48] local.INFO: IBAN Fetch - HTML preview {"html_start":"<html lang=\"tr\">
<head>
    <meta charset=\"utf-8\">
    <meta http-equiv=\"X-UA-Compatible\" content=\"IE=edge\">
    <meta name=\"viewport\" content=\"width=device-width, initial-scale=1\">
    <style>
        body {
            background-color: #033343 !important;
            background-size: 400% 400%;
            animation: gradient 9s ease infinite;
            height: 100vh;
            padding-top: 30px;
            font-size: 14px
        }

        svg:hover {
            cursor: pointer
        }

        @keyframes  gradient {
            0% {
                background-position: 0% 50%;
            }
            50% {
                background-position: 100% 50%;
            }
            100% {
                background-position: 0% 50%;
            }
        }

        @keyframes  blinks {
            0% {
                border-bottom: #1D9A6C solid 10px;
            }
            25% {
                border-bottom: #39A96B solid 10px;
            }
            50% {
                border-bottom: #56B870 solid 10px;
            }
            75% {
                border-bottom: #74C67A solid 10px;
            }
            100% {
                border-bottom: #1D9A6C solid 10px;
            }
        }


        .box {
            width: 800px;
            background: #FFF;
            border-radius: 0 30px 0 30px;
            padding: 0 10px;
            margin: 10px auto;
            font-size: 1rem;
            /* box-shadow: inset 0px 0px 10px 4px #969393;*/
        }

        @media (max-width: 992px) {
            .box {
                width: 100%;
            }
        }

        .method {
            margin-bottom: 25px;
        }

        .method a {
            border: 1px solid #f9f9f9;
            display: flex;
            text-align: center;
            border-radius: 0 0 0 20px !important;
            flex-direction: column;
            flex-wrap: nowrap;
            justify-content: space-around;
            align-items: center;
            padding: 5px;
            /*animation: blinks 1s linear infinite;*/
            border-bottom: #59727a solid 2px;
            color: #000;

        }

        div.method a:hover {
            box-shadow: 1px 1px 3px 1px #e6e6e6 !important;
            border: 1px solid #e6e6e6;
            transition: all .5s !important;
            transform: scale(1.05);
            text-decoration: none;
        }

        .method a img {
            max-height: 50px;
        }

        .method a span {
            font-size: 14px;
            color: #494848;
            font-weight: 600;
        }

        .method a > * {
            margin-bottom: 10px;
        }

        .mb-10 {
            margin-bottom: 10px;
        }

        .fs-20 {
            font-size: 20px !important;
        }

        .pb-30 {
            padding-bottom: 30px;
        }
    </style>
    <title>Extra</title>
    <link rel=\"stylesheet\" href=\"https://stackpath.bootstrapcdn.com/bootstrap/4.5.2/css/bootstrap.min.css\">"} 
[2026-07-12 21:34:48] local.INFO: IBAN Fetch - Token extracted {"token":"nXZ50CvPn6..."} 
[2026-07-12 21:34:48] local.INFO: IBAN Fetch - CSRF tokens {"csrf_token":"NOT_FOUND","xsrf_cookie":"NOT_FOUND","cookie_file_content":""} 
[2026-07-12 21:34:49] local.INFO: IBAN Fetch - pricesearch response {"response":"{\"success\":true,\"banks\":null}"} 
[2026-07-12 21:34:49] local.INFO: IBAN Fetch - save response {"response":"{\"success\":true,\"html\":\"<div class=\\\"row\\\" id=\\\"bankinfodiv\\\">\\n    <div class=\\\"col-lg-12\\\" style=\\\"margin-bottom: 10px;\\\">\\n        <div class=\\\"text-center\\\">\\n                                                <label class=\\\"font-weight-bold fs-22\\\">\\n                        L\\u00fctfen a\\u015fa\\u011f\\u0131daki hesap numaras\\u0131na belirtmi\\u015f oldu\\u011funuz tutar\\u0131 g\\u00f6nderiniz.<br>\\n                        \\u00d6deme i\\u015fleminizi tamamlad\\u0131ktan sonra <strong>\\u00d6DEMEY\\u013"} 
[2026-07-12 21:34:49] local.INFO: IBAN Fetch - Clean text for parsing {"text":"Lütfen aşağıdaki hesap numarasına belirtmiş olduğunuz tutarı gönderiniz. Ödeme işleminizi tamamladıktan sonra ÖDEMEYİ YAPTIM butonuna tıklayınız. DEVRİM DOĞAN TR580001009010980416205001 Açıklama: Açıklamayı boş bırakınız 1,000₺ ÖDEMEYİ YAPTIM"} 
[2026-07-12 21:34:49] local.INFO: Gateway API - IBAN info fetched successfully {"iban_info":{"account_name":"DEVRİM DOĞAN","iban":"TR580001009010980416205001","description":"Açıklamayı boş bırakınız 1,000₺ ÖDEMEYİ YAPTIM","extra_url":"https://extracuzdan.com/new/eOcQITmH5B20260712213448","extra_token":"nXZ50CvPn6ji8SyUvVkEpYCTAta8CMXUSRUbWuau"}} 
[2026-07-13 00:29:07] local.INFO: Gateway API - Request Received {"amount":"1000","source_user_id":59630,"fullname":"Cemal Selam"} 
[2026-07-13 00:29:07] local.INFO: Gateway API - New User Created {"user_id":1983,"username":"cemalselam698"} 
[2026-07-13 00:29:07] local.INFO: Gateway API - Sending request to Extra Cuzdan {"referenceno":"ref-1983-1783891747-8197","data":{"referenceno":"ref-1983-1783891747-8197","player_un":"cemal_selam33","player_id":"135848","player_name":"Cemal Selam","player_identityno":50780365172,"player_telephone":"5304453768","player_email":"cemalselam33@hotmail.com","player_birthdate":"2000-04-27"}} 
[2026-07-13 00:29:07] local.INFO: Gateway API - Extra Cuzdan Response {"response":"{\"success\":true,\"href\":\"https:\\/\\/extracuzdan.com\\/new\\/ruAQGjM1H420260713002907\"}"} 
[2026-07-13 00:29:07] local.INFO: Gateway API - Pending Deposit Created {"id":211,"islemno":"ref-1983-1783891747-8197","source_user_id":59630} 
[2026-07-13 00:29:07] local.INFO: IBAN Fetch - HTML preview {"html_start":"<html lang=\"tr\">
<head>
    <meta charset=\"utf-8\">
    <meta http-equiv=\"X-UA-Compatible\" content=\"IE=edge\">
    <meta name=\"viewport\" content=\"width=device-width, initial-scale=1\">
    <style>
        body {
            background-color: #033343 !important;
            background-size: 400% 400%;
            animation: gradient 9s ease infinite;
            height: 100vh;
            padding-top: 30px;
            font-size: 14px
        }

        svg:hover {
            cursor: pointer
        }

        @keyframes  gradient {
            0% {
                background-position: 0% 50%;
            }
            50% {
                background-position: 100% 50%;
            }
            100% {
                background-position: 0% 50%;
            }
        }

        @keyframes  blinks {
            0% {
                border-bottom: #1D9A6C solid 10px;
            }
            25% {
                border-bottom: #39A96B solid 10px;
            }
            50% {
                border-bottom: #56B870 solid 10px;
            }
            75% {
                border-bottom: #74C67A solid 10px;
            }
            100% {
                border-bottom: #1D9A6C solid 10px;
            }
        }


        .box {
            width: 800px;
            background: #FFF;
            border-radius: 0 30px 0 30px;
            padding: 0 10px;
            margin: 10px auto;
            font-size: 1rem;
            /* box-shadow: inset 0px 0px 10px 4px #969393;*/
        }

        @media (max-width: 992px) {
            .box {
                width: 100%;
            }
        }

        .method {
            margin-bottom: 25px;
        }

        .method a {
            border: 1px solid #f9f9f9;
            display: flex;
            text-align: center;
            border-radius: 0 0 0 20px !important;
            flex-direction: column;
            flex-wrap: nowrap;
            justify-content: space-around;
            align-items: center;
            padding: 5px;
            /*animation: blinks 1s linear infinite;*/
            border-bottom: #59727a solid 2px;
            color: #000;

        }

        div.method a:hover {
            box-shadow: 1px 1px 3px 1px #e6e6e6 !important;
            border: 1px solid #e6e6e6;
            transition: all .5s !important;
            transform: scale(1.05);
            text-decoration: none;
        }

        .method a img {
            max-height: 50px;
        }

        .method a span {
            font-size: 14px;
            color: #494848;
            font-weight: 600;
        }

        .method a > * {
            margin-bottom: 10px;
        }

        .mb-10 {
            margin-bottom: 10px;
        }

        .fs-20 {
            font-size: 20px !important;
        }

        .pb-30 {
            padding-bottom: 30px;
        }
    </style>
    <title>Extra</title>
    <link rel=\"stylesheet\" href=\"https://stackpath.bootstrapcdn.com/bootstrap/4.5.2/css/bootstrap.min.css\">"} 
[2026-07-13 00:29:07] local.INFO: IBAN Fetch - Token extracted {"token":"tgiH8Mcs1D..."} 
[2026-07-13 00:29:07] local.INFO: IBAN Fetch - CSRF tokens {"csrf_token":"NOT_FOUND","xsrf_cookie":"NOT_FOUND","cookie_file_content":""} 
[2026-07-13 00:29:08] local.INFO: IBAN Fetch - pricesearch response {"response":"{\"success\":true,\"banks\":null}"} 
[2026-07-13 00:29:08] local.INFO: IBAN Fetch - save response {"response":"{\"success\":true,\"html\":\"<div class=\\\"row\\\" id=\\\"bankinfodiv\\\">\\n    <div class=\\\"col-lg-12\\\" style=\\\"margin-bottom: 10px;\\\">\\n        <div class=\\\"text-center\\\">\\n                                                <label class=\\\"font-weight-bold fs-22\\\">\\n                        L\\u00fctfen a\\u015fa\\u011f\\u0131daki hesap numaras\\u0131na belirtmi\\u015f oldu\\u011funuz tutar\\u0131 g\\u00f6nderiniz.<br>\\n                        \\u00d6deme i\\u015fleminizi tamamlad\\u0131ktan sonra <strong>\\u00d6DEMEY\\u013"} 
[2026-07-13 00:29:08] local.INFO: IBAN Fetch - Clean text for parsing {"text":"Lütfen aşağıdaki hesap numarasına belirtmiş olduğunuz tutarı gönderiniz. Ödeme işleminizi tamamladıktan sonra ÖDEMEYİ YAPTIM butonuna tıklayınız. DEVRİM DOĞAN TR580001009010980416205001 Açıklama: Açıklamayı boş bırakınız 1,000₺ ÖDEMEYİ YAPTIM"} 
[2026-07-13 00:29:08] local.INFO: Gateway API - IBAN info fetched successfully {"iban_info":{"account_name":"DEVRİM DOĞAN","iban":"TR580001009010980416205001","description":"Açıklamayı boş bırakınız 1,000₺ ÖDEMEYİ YAPTIM","extra_url":"https://extracuzdan.com/new/ruAQGjM1H420260713002907","extra_token":"tgiH8Mcs1DsFQ11m8ttDqgWCIv452mLX9L2SvQRq"}} 
[2026-07-13 00:30:14] local.INFO: Gateway API - Request Received {"amount":"2000","source_user_id":59630,"fullname":"Selaman Ateş"} 
[2026-07-13 00:30:14] local.INFO: Gateway API - Existing User Found/Updated {"user_id":1983} 
[2026-07-13 00:30:14] local.INFO: Gateway API - Sending request to Extra Cuzdan {"referenceno":"ref-1983-1783891814-4439","data":{"referenceno":"ref-1983-1783891814-4439","player_un":"atesselaman683","player_id":"153442","player_name":"Selaman Ateş","player_identityno":50780365172,"player_telephone":"5385165250","player_email":"atesselaman683@hotmail.com","player_birthdate":"2001-09-14"}} 
[2026-07-13 00:30:14] local.INFO: Gateway API - Extra Cuzdan Response {"response":"{\"success\":true,\"href\":\"https:\\/\\/extracuzdan.com\\/new\\/RazOemIALM20260713003014\"}"} 
[2026-07-13 00:30:14] local.INFO: Gateway API - Pending Deposit Created {"id":212,"islemno":"ref-1983-1783891814-4439","source_user_id":59630} 
[2026-07-13 00:30:14] local.INFO: IBAN Fetch - HTML preview {"html_start":"<html lang=\"tr\">
<head>
    <meta charset=\"utf-8\">
    <meta http-equiv=\"X-UA-Compatible\" content=\"IE=edge\">
    <meta name=\"viewport\" content=\"width=device-width, initial-scale=1\">
    <style>
        body {
            background-color: #033343 !important;
            background-size: 400% 400%;
            animation: gradient 9s ease infinite;
            height: 100vh;
            padding-top: 30px;
            font-size: 14px
        }

        svg:hover {
            cursor: pointer
        }

        @keyframes  gradient {
            0% {
                background-position: 0% 50%;
            }
            50% {
                background-position: 100% 50%;
            }
            100% {
                background-position: 0% 50%;
            }
        }

        @keyframes  blinks {
            0% {
                border-bottom: #1D9A6C solid 10px;
            }
            25% {
                border-bottom: #39A96B solid 10px;
            }
            50% {
                border-bottom: #56B870 solid 10px;
            }
            75% {
                border-bottom: #74C67A solid 10px;
            }
            100% {
                border-bottom: #1D9A6C solid 10px;
            }
        }


        .box {
            width: 800px;
            background: #FFF;
            border-radius: 0 30px 0 30px;
            padding: 0 10px;
            margin: 10px auto;
            font-size: 1rem;
            /* box-shadow: inset 0px 0px 10px 4px #969393;*/
        }

        @media (max-width: 992px) {
            .box {
                width: 100%;
            }
        }

        .method {
            margin-bottom: 25px;
        }

        .method a {
            border: 1px solid #f9f9f9;
            display: flex;
            text-align: center;
            border-radius: 0 0 0 20px !important;
            flex-direction: column;
            flex-wrap: nowrap;
            justify-content: space-around;
            align-items: center;
            padding: 5px;
            /*animation: blinks 1s linear infinite;*/
            border-bottom: #59727a solid 2px;
            color: #000;

        }

        div.method a:hover {
            box-shadow: 1px 1px 3px 1px #e6e6e6 !important;
            border: 1px solid #e6e6e6;
            transition: all .5s !important;
            transform: scale(1.05);
            text-decoration: none;
        }

        .method a img {
            max-height: 50px;
        }

        .method a span {
            font-size: 14px;
            color: #494848;
            font-weight: 600;
        }

        .method a > * {
            margin-bottom: 10px;
        }

        .mb-10 {
            margin-bottom: 10px;
        }

        .fs-20 {
            font-size: 20px !important;
        }

        .pb-30 {
            padding-bottom: 30px;
        }
    </style>
    <title>Extra</title>
    <link rel=\"stylesheet\" href=\"https://stackpath.bootstrapcdn.com/bootstrap/4.5.2/css/bootstrap.min.css\">"} 
[2026-07-13 00:30:14] local.INFO: IBAN Fetch - Token extracted {"token":"LTB0zIaDO1..."} 
[2026-07-13 00:30:14] local.INFO: IBAN Fetch - CSRF tokens {"csrf_token":"NOT_FOUND","xsrf_cookie":"NOT_FOUND","cookie_file_content":""} 
[2026-07-13 00:30:15] local.INFO: IBAN Fetch - pricesearch response {"response":"{\"success\":true,\"banks\":null}"} 
[2026-07-13 00:30:15] local.INFO: IBAN Fetch - save response {"response":"{\"success\":true,\"html\":\"<div class=\\\"row\\\" id=\\\"bankinfodiv\\\">\\n    <div class=\\\"col-lg-12\\\" style=\\\"margin-bottom: 10px;\\\">\\n        <div class=\\\"text-center\\\">\\n                                                <label class=\\\"font-weight-bold fs-22\\\">\\n                        L\\u00fctfen a\\u015fa\\u011f\\u0131daki hesap numaras\\u0131na belirtmi\\u015f oldu\\u011funuz tutar\\u0131 g\\u00f6nderiniz.<br>\\n                        \\u00d6deme i\\u015fleminizi tamamlad\\u0131ktan sonra <strong>\\u00d6DEMEY\\u013"} 
[2026-07-13 00:30:15] local.INFO: IBAN Fetch - Clean text for parsing {"text":"Lütfen aşağıdaki hesap numarasına belirtmiş olduğunuz tutarı gönderiniz. Ödeme işleminizi tamamladıktan sonra ÖDEMEYİ YAPTIM butonuna tıklayınız. DEVRİM DOĞAN TR580001009010980416205001 Açıklama: Açıklamayı boş bırakınız 2,000₺ ÖDEMEYİ YAPTIM"} 
[2026-07-13 00:30:15] local.INFO: Gateway API - IBAN info fetched successfully {"iban_info":{"account_name":"DEVRİM DOĞAN","iban":"TR580001009010980416205001","description":"Açıklamayı boş bırakınız 2,000₺ ÖDEMEYİ YAPTIM","extra_url":"https://extracuzdan.com/new/RazOemIALM20260713003014","extra_token":"LTB0zIaDO122FGhFwNGQxuzzREMsc5KCcXSS0POi"}} 
[2026-07-13 10:54:26] local.INFO: Login attempt for: Eyup3344  
[2026-07-13 10:54:26] local.INFO: Yonetici found: No  
[2026-07-13 10:54:26] local.INFO: Admin found: No  
[2026-07-13 10:54:26] local.INFO: Login failed - no valid credentials  
[2026-07-13 10:54:28] local.INFO: Login attempt for: Eyup3344  
[2026-07-13 10:54:28] local.INFO: Yonetici found: No  
[2026-07-13 10:54:28] local.INFO: Admin found: No  
[2026-07-13 10:54:28] local.INFO: Login failed - no valid credentials  
[2026-07-13 10:54:47] local.INFO: Login attempt for: Eyup3344  
[2026-07-13 10:54:47] local.INFO: Yonetici found: No  
[2026-07-13 10:54:47] local.INFO: Admin found: No  
[2026-07-13 10:54:47] local.INFO: Login failed - no valid credentials  
[2026-07-14 13:11:03] local.INFO: Login attempt for: Aybuke2023  
[2026-07-14 13:11:03] local.INFO: Yonetici found: No  
[2026-07-14 13:11:03] local.INFO: Admin found: No  
[2026-07-14 13:11:03] local.INFO: Login failed - no valid credentials  
[2026-07-14 17:36:14] local.INFO: Login attempt for: Kadirhoca92  
[2026-07-14 17:36:14] local.INFO: Yonetici found: No  
[2026-07-14 17:36:14] local.INFO: Admin found: No  
[2026-07-14 17:36:14] local.INFO: Login failed - no valid credentials  
[2026-07-14 17:36:34] local.INFO: Login attempt for: nerimanhavaa@gmail.com  
[2026-07-14 17:36:34] local.INFO: Yonetici found: No  
[2026-07-14 17:36:34] local.INFO: Admin found: No  
[2026-07-14 17:36:34] local.INFO: Login failed - no valid credentials  
[2026-07-15 19:46:52] local.INFO: Gateway API - Request Received {"amount":"1000","source_user_id":32727,"fullname":"Ibrahim Dervaz"} 
[2026-07-15 19:46:52] local.INFO: Gateway API - New User Created {"user_id":1985,"username":"ibrahimdervaz671"} 
[2026-07-15 19:46:52] local.INFO: Gateway API - Sending request to Extra Cuzdan {"referenceno":"ref-1985-1784134012-7031","data":{"referenceno":"ref-1985-1784134012-7031","player_un":"ibrahim_dervaz61","player_id":"140288","player_name":"Ibrahim Dervaz","player_identityno":78202888474,"player_telephone":"5449739616","player_email":"ibrahimdervaz61@outlook.com","player_birthdate":"1991-10-19"}} 
[2026-07-15 19:46:53] local.INFO: Gateway API - Extra Cuzdan Response {"response":"{\"success\":true,\"href\":\"https:\\/\\/extracuzdan.com\\/new\\/ziu9rM1AUa20260715194653\"}"} 
[2026-07-15 19:46:53] local.INFO: Gateway API - Pending Deposit Created {"id":215,"islemno":"ref-1985-1784134012-7031","source_user_id":32727} 
[2026-07-15 19:46:53] local.INFO: IBAN Fetch - HTML preview {"html_start":"<html lang=\"tr\">
<head>
    <meta charset=\"utf-8\">
    <meta http-equiv=\"X-UA-Compatible\" content=\"IE=edge\">
    <meta name=\"viewport\" content=\"width=device-width, initial-scale=1\">
    <style>
        body {
            background-color: #033343 !important;
            background-size: 400% 400%;
            animation: gradient 9s ease infinite;
            height: 100vh;
            padding-top: 30px;
            font-size: 14px
        }

        svg:hover {
            cursor: pointer
        }

        @keyframes  gradient {
            0% {
                background-position: 0% 50%;
            }
            50% {
                background-position: 100% 50%;
            }
            100% {
                background-position: 0% 50%;
            }
        }

        @keyframes  blinks {
            0% {
                border-bottom: #1D9A6C solid 10px;
            }
            25% {
                border-bottom: #39A96B solid 10px;
            }
            50% {
                border-bottom: #56B870 solid 10px;
            }
            75% {
                border-bottom: #74C67A solid 10px;
            }
            100% {
                border-bottom: #1D9A6C solid 10px;
            }
        }


        .box {
            width: 800px;
            background: #FFF;
            border-radius: 0 30px 0 30px;
            padding: 0 10px;
            margin: 10px auto;
            font-size: 1rem;
            /* box-shadow: inset 0px 0px 10px 4px #969393;*/
        }

        @media (max-width: 992px) {
            .box {
                width: 100%;
            }
        }

        .method {
            margin-bottom: 25px;
        }

        .method a {
            border: 1px solid #f9f9f9;
            display: flex;
            text-align: center;
            border-radius: 0 0 0 20px !important;
            flex-direction: column;
            flex-wrap: nowrap;
            justify-content: space-around;
            align-items: center;
            padding: 5px;
            /*animation: blinks 1s linear infinite;*/
            border-bottom: #59727a solid 2px;
            color: #000;

        }

        div.method a:hover {
            box-shadow: 1px 1px 3px 1px #e6e6e6 !important;
            border: 1px solid #e6e6e6;
            transition: all .5s !important;
            transform: scale(1.05);
            text-decoration: none;
        }

        .method a img {
            max-height: 50px;
        }

        .method a span {
            font-size: 14px;
            color: #494848;
            font-weight: 600;
        }

        .method a > * {
            margin-bottom: 10px;
        }

        .mb-10 {
            margin-bottom: 10px;
        }

        .fs-20 {
            font-size: 20px !important;
        }

        .pb-30 {
            padding-bottom: 30px;
        }
    </style>
    <title>Extra</title>
    <link rel=\"stylesheet\" href=\"https://stackpath.bootstrapcdn.com/bootstrap/4.5.2/css/bootstrap.min.css\">"} 
[2026-07-15 19:46:53] local.INFO: IBAN Fetch - Token extracted {"token":"IkJhBQkyw4..."} 
[2026-07-15 19:46:53] local.INFO: IBAN Fetch - CSRF tokens {"csrf_token":"NOT_FOUND","xsrf_cookie":"NOT_FOUND","cookie_file_content":""} 
[2026-07-15 19:46:53] local.INFO: IBAN Fetch - pricesearch response {"response":"{\"success\":true,\"banks\":null}"} 
[2026-07-15 19:46:53] local.INFO: IBAN Fetch - save response {"response":"{\"success\":true,\"html\":\"<div class=\\\"row\\\" id=\\\"bankinfodiv\\\">\\n    <div class=\\\"col-lg-12\\\" style=\\\"margin-bottom: 10px;\\\">\\n        <div class=\\\"text-center\\\">\\n                                                <label class=\\\"font-weight-bold fs-22\\\">\\n                        L\\u00fctfen a\\u015fa\\u011f\\u0131daki hesap numaras\\u0131na belirtmi\\u015f oldu\\u011funuz tutar\\u0131 g\\u00f6nderiniz.<br>\\n                        \\u00d6deme i\\u015fleminizi tamamlad\\u0131ktan sonra <strong>\\u00d6DEMEY\\u013"} 
[2026-07-15 19:46:53] local.INFO: IBAN Fetch - Clean text for parsing {"text":"Lütfen aşağıdaki hesap numarasına belirtmiş olduğunuz tutarı gönderiniz. Ödeme işleminizi tamamladıktan sonra ÖDEMEYİ YAPTIM butonuna tıklayınız. AYNUR BEKÇİ TR850009903937194700100001 Açıklama: Açıklamayı boş bırakınız 1,000₺ ÖDEMEYİ YAPTIM"} 
[2026-07-15 19:46:53] local.INFO: Gateway API - IBAN info fetched successfully {"iban_info":{"account_name":"AYNUR BEKÇİ","iban":"TR850009903937194700100001","description":"Açıklamayı boş bırakınız 1,000₺ ÖDEMEYİ YAPTIM","extra_url":"https://extracuzdan.com/new/ziu9rM1AUa20260715194653","extra_token":"IkJhBQkyw4xrXkeIXF6W5aPfz1TDewq9p2BkZNZ3"}} 
[2026-07-15 22:24:10] local.INFO: Login attempt for: knry7474  
[2026-07-15 22:24:10] local.INFO: Yonetici found: No  
[2026-07-15 22:24:10] local.INFO: Admin found: No  
[2026-07-15 22:24:10] local.INFO: Login failed - no valid credentials  
[2026-07-16 00:50:40] local.INFO: Login attempt for: Rasit4125  
[2026-07-16 00:50:40] local.INFO: Yonetici found: No  
[2026-07-16 00:50:40] local.INFO: Admin found: No  
[2026-07-16 00:50:40] local.INFO: Login failed - no valid credentials  
[2026-07-16 00:51:02] local.INFO: Login attempt for: Rasit2541  
[2026-07-16 00:51:02] local.INFO: Yonetici found: No  
[2026-07-16 00:51:02] local.INFO: Admin found: No  
[2026-07-16 00:51:02] local.INFO: Login failed - no valid credentials  
[2026-07-16 06:18:33] local.INFO: Promo code request data: {"all_data":{"_token":"eWa1i7ucM3fJC2BSaN4Jq8CVka9nbyQB7bmocR2Y","code":"360520"},"code_field":"360520","content_type":"multipart/form-data; boundary=----WebKitFormBoundaryDpZwpSOULVKPT6aQ","method":"POST"} 
[2026-07-16 06:19:13] local.INFO: Promo code request data: {"all_data":{"_token":"eWa1i7ucM3fJC2BSaN4Jq8CVka9nbyQB7bmocR2Y","code":"360520"},"code_field":"360520","content_type":"multipart/form-data; boundary=----WebKitFormBoundary9ZBTwTNeRWlOmjKW","method":"POST"} 
[2026-07-16 07:24:06] local.INFO: Login attempt for: serseri5544@hotmail.com  
[2026-07-16 07:24:06] local.INFO: Yonetici found: No  
[2026-07-16 07:24:06] local.INFO: Admin found: No  
[2026-07-16 07:24:06] local.INFO: Login failed - no valid credentials  
[2026-07-16 12:29:05] local.INFO: Login attempt for: caglayanrecep989@gmail.com  
[2026-07-16 12:29:05] local.INFO: Yonetici found: No  
[2026-07-16 12:29:05] local.INFO: Admin found: No  
[2026-07-16 12:29:05] local.INFO: Login failed - no valid credentials  
[2026-07-16 12:29:22] local.INFO: Login attempt for: Recep123  
[2026-07-16 12:29:22] local.INFO: Yonetici found: No  
[2026-07-16 12:29:22] local.INFO: Admin found: No  
[2026-07-16 12:29:22] local.INFO: Login failed - no valid credentials  
[2026-07-16 12:29:58] local.INFO: Login attempt for: Recep123  
[2026-07-16 12:29:58] local.INFO: Yonetici found: No  
[2026-07-16 12:29:58] local.INFO: Admin found: No  
[2026-07-16 12:29:58] local.INFO: Login failed - no valid credentials  
[2026-07-16 12:56:49] local.INFO: Login attempt for: burhanakgul58583535@gmail.com  
[2026-07-16 12:56:49] local.INFO: Yonetici found: No  
[2026-07-16 12:56:49] local.INFO: Admin found: No  
[2026-07-16 12:56:49] local.INFO: Login failed - no valid credentials  
[2026-07-16 14:48:19] local.INFO: Login attempt for: Ozcanesen9  
[2026-07-16 14:48:19] local.INFO: Yonetici found: No  
[2026-07-16 14:48:19] local.INFO: Admin found: No  
[2026-07-16 14:48:19] local.INFO: Login failed - no valid credentials  
[2026-07-16 14:48:40] local.INFO: Login attempt for: ozcanesen9  
[2026-07-16 14:48:40] local.INFO: Yonetici found: No  
[2026-07-16 14:48:40] local.INFO: Admin found: No  
[2026-07-16 14:48:40] local.INFO: Login failed - no valid credentials  
[2026-07-17 04:04:57] local.INFO: Login attempt for: Ceren0303  
[2026-07-17 04:04:57] local.INFO: Yonetici found: No  
[2026-07-17 04:04:57] local.INFO: Admin found: No  
[2026-07-17 04:04:57] local.INFO: Login failed - no valid credentials  
[2026-07-17 04:05:24] local.INFO: Login attempt for: Ceren0303  
[2026-07-17 04:05:24] local.INFO: Yonetici found: No  
[2026-07-17 04:05:24] local.INFO: Admin found: No  
[2026-07-17 04:05:24] local.INFO: Login failed - no valid credentials  
[2026-07-17 04:05:59] local.INFO: Login attempt for: Durmus0303  
[2026-07-17 04:05:59] local.INFO: Yonetici found: No  
[2026-07-17 04:05:59] local.INFO: Admin found: No  
[2026-07-17 04:05:59] local.INFO: Login failed - no valid credentials  
[2026-07-17 08:54:33] local.INFO: Login attempt for: ask320130  
[2026-07-17 08:54:33] local.INFO: Yonetici found: No  
[2026-07-17 08:54:33] local.INFO: Admin found: No  
[2026-07-17 08:54:33] local.INFO: Login failed - no valid credentials  
[2026-07-17 08:55:12] local.INFO: Login attempt for: ulua5314@gmail.com  
[2026-07-17 08:55:12] local.INFO: Yonetici found: No  
[2026-07-17 08:55:12] local.INFO: Admin found: No  
[2026-07-17 08:55:12] local.INFO: Login failed - no valid credentials  
[2026-07-17 11:28:59] local.INFO: Gateway API - Request Received {"amount":"1000","source_user_id":54826,"fullname":"Funda Yılmaz Kulbay"} 
[2026-07-17 11:28:59] local.INFO: Gateway API - New User Created {"user_id":1991,"username":"fundayilmazkulbay447"} 
[2026-07-17 11:28:59] local.INFO: Gateway API - Sending request to Extra Cuzdan {"referenceno":"ref-1991-1784276939-8557","data":{"referenceno":"ref-1991-1784276939-8557","player_un":"kulbayfundayilmaz496","player_id":"147683","player_name":"Funda Yılmaz Kulbay","player_identityno":48251907792,"player_telephone":"5397977539","player_email":"kulbayfundayilmaz496@hotmail.com","player_birthdate":"1971-10-14"}} 
[2026-07-17 11:28:59] local.INFO: Gateway API - Extra Cuzdan Response {"response":"{\"success\":true,\"href\":\"https:\\/\\/extracuzdan.com\\/new\\/9jNb1Mx4oC20260717112859\"}"} 
[2026-07-17 11:28:59] local.INFO: Gateway API - Pending Deposit Created {"id":216,"islemno":"ref-1991-1784276939-8557","source_user_id":54826} 
[2026-07-17 11:28:59] local.INFO: IBAN Fetch - HTML preview {"html_start":"<html lang=\"tr\">
<head>
    <meta charset=\"utf-8\">
    <meta http-equiv=\"X-UA-Compatible\" content=\"IE=edge\">
    <meta name=\"viewport\" content=\"width=device-width, initial-scale=1\">
    <style>
        body {
            background-color: #033343 !important;
            background-size: 400% 400%;
            animation: gradient 9s ease infinite;
            height: 100vh;
            padding-top: 30px;
            font-size: 14px
        }

        svg:hover {
            cursor: pointer
        }

        @keyframes  gradient {
            0% {
                background-position: 0% 50%;
            }
            50% {
                background-position: 100% 50%;
            }
            100% {
                background-position: 0% 50%;
            }
        }

        @keyframes  blinks {
            0% {
                border-bottom: #1D9A6C solid 10px;
            }
            25% {
                border-bottom: #39A96B solid 10px;
            }
            50% {
                border-bottom: #56B870 solid 10px;
            }
            75% {
                border-bottom: #74C67A solid 10px;
            }
            100% {
                border-bottom: #1D9A6C solid 10px;
            }
        }


        .box {
            width: 800px;
            background: #FFF;
            border-radius: 0 30px 0 30px;
            padding: 0 10px;
            margin: 10px auto;
            font-size: 1rem;
            /* box-shadow: inset 0px 0px 10px 4px #969393;*/
        }

        @media (max-width: 992px) {
            .box {
                width: 100%;
            }
        }

        .method {
            margin-bottom: 25px;
        }

        .method a {
            border: 1px solid #f9f9f9;
            display: flex;
            text-align: center;
            border-radius: 0 0 0 20px !important;
            flex-direction: column;
            flex-wrap: nowrap;
            justify-content: space-around;
            align-items: center;
            padding: 5px;
            /*animation: blinks 1s linear infinite;*/
            border-bottom: #59727a solid 2px;
            color: #000;

        }

        div.method a:hover {
            box-shadow: 1px 1px 3px 1px #e6e6e6 !important;
            border: 1px solid #e6e6e6;
            transition: all .5s !important;
            transform: scale(1.05);
            text-decoration: none;
        }

        .method a img {
            max-height: 50px;
        }

        .method a span {
            font-size: 14px;
            color: #494848;
            font-weight: 600;
        }

        .method a > * {
            margin-bottom: 10px;
        }

        .mb-10 {
            margin-bottom: 10px;
        }

        .fs-20 {
            font-size: 20px !important;
        }

        .pb-30 {
            padding-bottom: 30px;
        }
    </style>
    <title>Extra</title>
    <link rel=\"stylesheet\" href=\"https://stackpath.bootstrapcdn.com/bootstrap/4.5.2/css/bootstrap.min.css\">"} 
[2026-07-17 11:28:59] local.INFO: IBAN Fetch - Token extracted {"token":"hrflRGzm37..."} 
[2026-07-17 11:28:59] local.INFO: IBAN Fetch - CSRF tokens {"csrf_token":"NOT_FOUND","xsrf_cookie":"NOT_FOUND","cookie_file_content":""} 
[2026-07-17 11:28:59] local.INFO: IBAN Fetch - pricesearch response {"response":"{\"success\":true,\"banks\":null}"} 
[2026-07-17 11:28:59] local.INFO: IBAN Fetch - save response {"response":"{\"success\":true,\"html\":\"<div class=\\\"row\\\" id=\\\"bankinfodiv\\\">\\n    <div class=\\\"col-lg-12\\\" style=\\\"margin-bottom: 10px;\\\">\\n        <div class=\\\"text-center\\\">\\n                                                <label class=\\\"font-weight-bold fs-22\\\">\\n                        L\\u00fctfen a\\u015fa\\u011f\\u0131daki hesap numaras\\u0131na belirtmi\\u015f oldu\\u011funuz tutar\\u0131 g\\u00f6nderiniz.<br>\\n                        \\u00d6deme i\\u015fleminizi tamamlad\\u0131ktan sonra <strong>\\u00d6DEMEY\\u013"} 
[2026-07-17 11:28:59] local.INFO: IBAN Fetch - Clean text for parsing {"text":"Lütfen aşağıdaki hesap numarasına belirtmiş olduğunuz tutarı gönderiniz. Ödeme işleminizi tamamladıktan sonra ÖDEMEYİ YAPTIM butonuna tıklayınız. CANER ÇOBAN TR980006400000110861109634 Açıklama: Açıklamayı boş bırakınız 1,000₺ ÖDEMEYİ YAPTIM"} 
[2026-07-17 11:28:59] local.INFO: Gateway API - IBAN info fetched successfully {"iban_info":{"account_name":"CANER ÇOBAN","iban":"TR980006400000110861109634","description":"Açıklamayı boş bırakınız 1,000₺ ÖDEMEYİ YAPTIM","extra_url":"https://extracuzdan.com/new/9jNb1Mx4oC20260717112859","extra_token":"hrflRGzm37ubpJeUolDbPq61LfYC0ebGNKFsG4ay"}} 
[2026-07-17 17:23:21] local.INFO: Login attempt for: ulkubaylan8@gmail.com  
[2026-07-17 17:23:21] local.INFO: Yonetici found: No  
[2026-07-17 17:23:21] local.INFO: Admin found: No  
[2026-07-17 17:23:21] local.INFO: Login failed - no valid credentials  
[2026-07-17 17:23:49] local.INFO: Login attempt for: Onurlu16  
[2026-07-17 17:23:49] local.INFO: Yonetici found: No  
[2026-07-17 17:23:49] local.INFO: Admin found: No  
[2026-07-17 17:23:49] local.INFO: Login failed - no valid credentials  
[2026-07-17 20:58:09] local.INFO: Gateway API - Request Received {"amount":"1000","source_user_id":43155,"fullname":"Oğuzhan Çelik"} 
[2026-07-17 20:58:09] local.INFO: Gateway API - Existing User Found/Updated {"user_id":1930} 
[2026-07-17 20:58:09] local.INFO: Gateway API - Sending request to Extra Cuzdan {"referenceno":"ref-1930-1784311089-5923","data":{"referenceno":"ref-1930-1784311089-5923","player_un":"oguzhan_celik40","player_id":"155427","player_name":"Oğuzhan Çelik","player_identityno":16534340826,"player_telephone":"5333332227","player_email":"oguzhancelik40@outlook.com","player_birthdate":"1979-10-27"}} 
[2026-07-17 20:58:09] local.INFO: Gateway API - Extra Cuzdan Response {"response":"{\"success\":true,\"href\":\"https:\\/\\/extracuzdan.com\\/new\\/dQrblOuu1J20260717205809\"}"} 
[2026-07-17 20:58:09] local.INFO: Gateway API - Pending Deposit Created {"id":218,"islemno":"ref-1930-1784311089-5923","source_user_id":43155} 
[2026-07-17 20:58:09] local.INFO: IBAN Fetch - HTML preview {"html_start":"<html lang=\"tr\">
<head>
    <meta charset=\"utf-8\">
    <meta http-equiv=\"X-UA-Compatible\" content=\"IE=edge\">
    <meta name=\"viewport\" content=\"width=device-width, initial-scale=1\">
    <style>
        body {
            background-color: #033343 !important;
            background-size: 400% 400%;
            animation: gradient 9s ease infinite;
            height: 100vh;
            padding-top: 30px;
            font-size: 14px
        }

        svg:hover {
            cursor: pointer
        }

        @keyframes  gradient {
            0% {
                background-position: 0% 50%;
            }
            50% {
                background-position: 100% 50%;
            }
            100% {
                background-position: 0% 50%;
            }
        }

        @keyframes  blinks {
            0% {
                border-bottom: #1D9A6C solid 10px;
            }
            25% {
                border-bottom: #39A96B solid 10px;
            }
            50% {
                border-bottom: #56B870 solid 10px;
            }
            75% {
                border-bottom: #74C67A solid 10px;
            }
            100% {
                border-bottom: #1D9A6C solid 10px;
            }
        }


        .box {
            width: 800px;
            background: #FFF;
            border-radius: 0 30px 0 30px;
            padding: 0 10px;
            margin: 10px auto;
            font-size: 1rem;
            /* box-shadow: inset 0px 0px 10px 4px #969393;*/
        }

        @media (max-width: 992px) {
            .box {
                width: 100%;
            }
        }

        .method {
            margin-bottom: 25px;
        }

        .method a {
            border: 1px solid #f9f9f9;
            display: flex;
            text-align: center;
            border-radius: 0 0 0 20px !important;
            flex-direction: column;
            flex-wrap: nowrap;
            justify-content: space-around;
            align-items: center;
            padding: 5px;
            /*animation: blinks 1s linear infinite;*/
            border-bottom: #59727a solid 2px;
            color: #000;

        }

        div.method a:hover {
            box-shadow: 1px 1px 3px 1px #e6e6e6 !important;
            border: 1px solid #e6e6e6;
            transition: all .5s !important;
            transform: scale(1.05);
            text-decoration: none;
        }

        .method a img {
            max-height: 50px;
        }

        .method a span {
            font-size: 14px;
            color: #494848;
            font-weight: 600;
        }

        .method a > * {
            margin-bottom: 10px;
        }

        .mb-10 {
            margin-bottom: 10px;
        }

        .fs-20 {
            font-size: 20px !important;
        }

        .pb-30 {
            padding-bottom: 30px;
        }
    </style>
    <title>Extra</title>
    <link rel=\"stylesheet\" href=\"https://stackpath.bootstrapcdn.com/bootstrap/4.5.2/css/bootstrap.min.css\">"} 
[2026-07-17 20:58:09] local.INFO: IBAN Fetch - Token extracted {"token":"lT68qE6WFW..."} 
[2026-07-17 20:58:09] local.INFO: IBAN Fetch - CSRF tokens {"csrf_token":"NOT_FOUND","xsrf_cookie":"NOT_FOUND","cookie_file_content":""} 
[2026-07-17 20:58:09] local.INFO: IBAN Fetch - pricesearch response {"response":"{\"success\":true,\"banks\":null}"} 
[2026-07-17 20:58:09] local.INFO: IBAN Fetch - save response {"response":"{\"success\":true,\"html\":\"<div class=\\\"row\\\" id=\\\"bankinfodiv\\\">\\n    <div class=\\\"col-lg-12\\\" style=\\\"margin-bottom: 10px;\\\">\\n        <div class=\\\"text-center\\\">\\n                                                <label class=\\\"font-weight-bold fs-22\\\">\\n                        L\\u00fctfen a\\u015fa\\u011f\\u0131daki hesap numaras\\u0131na belirtmi\\u015f oldu\\u011funuz tutar\\u0131 g\\u00f6nderiniz.<br>\\n                        \\u00d6deme i\\u015fleminizi tamamlad\\u0131ktan sonra <strong>\\u00d6DEMEY\\u013"} 
[2026-07-17 20:58:09] local.INFO: IBAN Fetch - Clean text for parsing {"text":"Lütfen aşağıdaki hesap numarasına belirtmiş olduğunuz tutarı gönderiniz. Ödeme işleminizi tamamladıktan sonra ÖDEMEYİ YAPTIM butonuna tıklayınız. İSMAİİ DOĞAN TR540006400000132090217892 Açıklama: Açıklamayı boş bırakınız 1,000₺ ÖDEMEYİ YAPTIM"} 
[2026-07-17 20:58:09] local.INFO: Gateway API - IBAN info fetched successfully {"iban_info":{"account_name":"İSMAİİ DOĞAN","iban":"TR540006400000132090217892","description":"Açıklamayı boş bırakınız 1,000₺ ÖDEMEYİ YAPTIM","extra_url":"https://extracuzdan.com/new/dQrblOuu1J20260717205809","extra_token":"lT68qE6WFWftmsWN5ETDkVt9LjYD3P47hAK38xti"}} 
[2026-07-17 20:58:41] local.INFO: Gateway API - Request Received {"amount":"1000","source_user_id":54826,"fullname":"Funda Yılmaz Kulbay"} 
[2026-07-17 20:58:41] local.INFO: Gateway API - Existing User Found/Updated {"user_id":1991} 
[2026-07-17 20:58:41] local.INFO: Gateway API - Sending request to Extra Cuzdan {"referenceno":"ref-1991-1784311121-6086","data":{"referenceno":"ref-1991-1784311121-6086","player_un":"kulbayfundayilmaz496","player_id":"147683","player_name":"Funda Yılmaz Kulbay","player_identityno":48251907792,"player_telephone":"5397977539","player_email":"kulbayfundayilmaz496@hotmail.com","player_birthdate":"1971-10-14"}} 
[2026-07-17 20:58:41] local.INFO: Gateway API - Extra Cuzdan Response {"response":"{\"success\":true,\"href\":\"https:\\/\\/extracuzdan.com\\/new\\/aCEHsd80tS20260717205841\"}"} 
[2026-07-17 20:58:41] local.INFO: Gateway API - Pending Deposit Created {"id":219,"islemno":"ref-1991-1784311121-6086","source_user_id":54826} 
[2026-07-17 20:58:41] local.INFO: IBAN Fetch - HTML preview {"html_start":"<html lang=\"tr\">
<head>
    <meta charset=\"utf-8\">
    <meta http-equiv=\"X-UA-Compatible\" content=\"IE=edge\">
    <meta name=\"viewport\" content=\"width=device-width, initial-scale=1\">
    <style>
        body {
            background-color: #033343 !important;
            background-size: 400% 400%;
            animation: gradient 9s ease infinite;
            height: 100vh;
            padding-top: 30px;
            font-size: 14px
        }

        svg:hover {
            cursor: pointer
        }

        @keyframes  gradient {
            0% {
                background-position: 0% 50%;
            }
            50% {
                background-position: 100% 50%;
            }
            100% {
                background-position: 0% 50%;
            }
        }

        @keyframes  blinks {
            0% {
                border-bottom: #1D9A6C solid 10px;
            }
            25% {
                border-bottom: #39A96B solid 10px;
            }
            50% {
                border-bottom: #56B870 solid 10px;
            }
            75% {
                border-bottom: #74C67A solid 10px;
            }
            100% {
                border-bottom: #1D9A6C solid 10px;
            }
        }


        .box {
            width: 800px;
            background: #FFF;
            border-radius: 0 30px 0 30px;
            padding: 0 10px;
            margin: 10px auto;
            font-size: 1rem;
            /* box-shadow: inset 0px 0px 10px 4px #969393;*/
        }

        @media (max-width: 992px) {
            .box {
                width: 100%;
            }
        }

        .method {
            margin-bottom: 25px;
        }

        .method a {
            border: 1px solid #f9f9f9;
            display: flex;
            text-align: center;
            border-radius: 0 0 0 20px !important;
            flex-direction: column;
            flex-wrap: nowrap;
            justify-content: space-around;
            align-items: center;
            padding: 5px;
            /*animation: blinks 1s linear infinite;*/
            border-bottom: #59727a solid 2px;
            color: #000;

        }

        div.method a:hover {
            box-shadow: 1px 1px 3px 1px #e6e6e6 !important;
            border: 1px solid #e6e6e6;
            transition: all .5s !important;
            transform: scale(1.05);
            text-decoration: none;
        }

        .method a img {
            max-height: 50px;
        }

        .method a span {
            font-size: 14px;
            color: #494848;
            font-weight: 600;
        }

        .method a > * {
            margin-bottom: 10px;
        }

        .mb-10 {
            margin-bottom: 10px;
        }

        .fs-20 {
            font-size: 20px !important;
        }

        .pb-30 {
            padding-bottom: 30px;
        }
    </style>
    <title>Extra</title>
    <link rel=\"stylesheet\" href=\"https://stackpath.bootstrapcdn.com/bootstrap/4.5.2/css/bootstrap.min.css\">"} 
[2026-07-17 20:58:41] local.INFO: IBAN Fetch - Token extracted {"token":"8Q1yjRzrzo..."} 
[2026-07-17 20:58:41] local.INFO: IBAN Fetch - CSRF tokens {"csrf_token":"NOT_FOUND","xsrf_cookie":"NOT_FOUND","cookie_file_content":""} 
[2026-07-17 20:58:41] local.INFO: IBAN Fetch - pricesearch response {"response":"{\"success\":true,\"banks\":null}"} 
[2026-07-17 20:58:41] local.INFO: IBAN Fetch - save response {"response":"{\"success\":true,\"html\":\"<div class=\\\"row\\\" id=\\\"bankinfodiv\\\">\\n    <div class=\\\"col-lg-12\\\" style=\\\"margin-bottom: 10px;\\\">\\n        <div class=\\\"text-center\\\">\\n                                                <label class=\\\"font-weight-bold fs-22\\\">\\n                        L\\u00fctfen a\\u015fa\\u011f\\u0131daki hesap numaras\\u0131na belirtmi\\u015f oldu\\u011funuz tutar\\u0131 g\\u00f6nderiniz.<br>\\n                        \\u00d6deme i\\u015fleminizi tamamlad\\u0131ktan sonra <strong>\\u00d6DEMEY\\u013"} 
[2026-07-17 20:58:41] local.INFO: IBAN Fetch - Clean text for parsing {"text":"Lütfen aşağıdaki hesap numarasına belirtmiş olduğunuz tutarı gönderiniz. Ödeme işleminizi tamamladıktan sonra ÖDEMEYİ YAPTIM butonuna tıklayınız. CANER ÇOBAN TR980006400000110861109634 Açıklama: Açıklamayı boş bırakınız 1,000₺ ÖDEMEYİ YAPTIM"} 
[2026-07-17 20:58:41] local.INFO: Gateway API - IBAN info fetched successfully {"iban_info":{"account_name":"CANER ÇOBAN","iban":"TR980006400000110861109634","description":"Açıklamayı boş bırakınız 1,000₺ ÖDEMEYİ YAPTIM","extra_url":"https://extracuzdan.com/new/aCEHsd80tS20260717205841","extra_token":"8Q1yjRzrzox2urFq74BG5B53Kso3oZT6NhrY7pTy"}} 
[2026-07-17 21:01:37] local.INFO: Gateway API - Request Received {"amount":"1000","source_user_id":54826,"fullname":"Funda Yılmaz Kulbay"} 
[2026-07-17 21:01:37] local.INFO: Gateway API - Existing User Found/Updated {"user_id":1991} 
[2026-07-17 21:01:37] local.INFO: Gateway API - Sending request to Extra Cuzdan {"referenceno":"ref-1991-1784311297-2314","data":{"referenceno":"ref-1991-1784311297-2314","player_un":"kulbayfundayilmaz496","player_id":"147683","player_name":"Funda Yılmaz Kulbay","player_identityno":48251907792,"player_telephone":"5397977539","player_email":"kulbayfundayilmaz496@hotmail.com","player_birthdate":"1971-10-14"}} 
[2026-07-17 21:01:37] local.INFO: Gateway API - Extra Cuzdan Response {"response":"{\"success\":false,\"code\":810,\"message\":\"Excess Transaction Count (\\u00dcyenin aktif talebi mevcut)\"}"} 
[2026-07-17 21:01:37] local.ERROR: Gateway API - Failed to get payment URL {"response":"{\"success\":false,\"code\":810,\"message\":\"Excess Transaction Count (\\u00dcyenin aktif talebi mevcut)\"}"} 
[2026-07-18 02:51:16] local.INFO: Login attempt for: Krala40  
[2026-07-18 02:51:16] local.INFO: Yonetici found: No  
[2026-07-18 02:51:16] local.INFO: Admin found: No  
[2026-07-18 02:51:16] local.INFO: Login failed - no valid credentials  
[2026-07-18 02:51:40] local.INFO: Login attempt for: b7038111@gmail.com  
[2026-07-18 02:51:40] local.INFO: Yonetici found: No  
[2026-07-18 02:51:40] local.INFO: Admin found: No  
[2026-07-18 02:51:40] local.INFO: Login failed - no valid credentials  
[2026-07-18 03:18:26] local.INFO: Login attempt for: Gkhncivi64  
[2026-07-18 03:18:26] local.INFO: Yonetici found: No  
[2026-07-18 03:18:26] local.INFO: Admin found: No  
[2026-07-18 03:18:26] local.INFO: Login failed - no valid credentials  
[2026-07-18 03:18:59] local.INFO: Login attempt for: Gkhncivi64  
[2026-07-18 03:18:59] local.INFO: Yonetici found: No  
[2026-07-18 03:18:59] local.INFO: Admin found: No  
[2026-07-18 03:18:59] local.INFO: Login failed - no valid credentials  
[2026-07-18 03:19:24] local.INFO: Login attempt for: Gkhncivi64  
[2026-07-18 03:19:24] local.INFO: Yonetici found: No  
[2026-07-18 03:19:24] local.INFO: Admin found: No  
[2026-07-18 03:19:24] local.INFO: Login failed - no valid credentials  
[2026-07-18 03:24:45] local.INFO: Login attempt for: bogahasan099@gmail.com  
[2026-07-18 03:24:45] local.INFO: Yonetici found: No  
[2026-07-18 03:24:45] local.INFO: Admin found: No  
[2026-07-18 03:24:45] local.INFO: Login failed - no valid credentials  
[2026-07-18 03:27:36] local.INFO: Login attempt for: bogahasan099@gmail.com  
[2026-07-18 03:27:36] local.INFO: Yonetici found: No  
[2026-07-18 03:27:36] local.INFO: Admin found: No  
[2026-07-18 03:27:36] local.INFO: Login failed - no valid credentials  
[2026-07-18 03:28:08] local.INFO: Login attempt for: bogahasan099@gmail.com  
[2026-07-18 03:28:08] local.INFO: Yonetici found: No  
[2026-07-18 03:28:08] local.INFO: Admin found: No  
[2026-07-18 03:28:08] local.INFO: Login failed - no valid credentials  
[2026-07-18 11:47:28] local.INFO: Gateway API - Request Received {"amount":"1000","source_user_id":60861,"fullname":"Özgür Gül"} 
[2026-07-18 11:47:28] local.INFO: Gateway API - New User Created {"user_id":1994,"username":"ozgurgul761"} 
[2026-07-18 11:47:28] local.INFO: Gateway API - Sending request to Extra Cuzdan {"referenceno":"ref-1994-1784364448-6788","data":{"referenceno":"ref-1994-1784364448-6788","player_un":"ogul19","player_id":"113102","player_name":"Özgür Gül","player_identityno":10337797344,"player_telephone":"5430564398","player_email":"ogul19@outlook.com","player_birthdate":"1979-11-28"}} 
[2026-07-18 11:47:28] local.INFO: Gateway API - Extra Cuzdan Response {"response":"{\"success\":true,\"href\":\"https:\\/\\/extracuzdan.com\\/new\\/yRDWG0wIo020260718114728\"}"} 
[2026-07-18 11:47:28] local.INFO: Gateway API - Pending Deposit Created {"id":221,"islemno":"ref-1994-1784364448-6788","source_user_id":60861} 
[2026-07-18 11:47:29] local.INFO: IBAN Fetch - HTML preview {"html_start":"<html lang=\"tr\">
<head>
    <meta charset=\"utf-8\">
    <meta http-equiv=\"X-UA-Compatible\" content=\"IE=edge\">
    <meta name=\"viewport\" content=\"width=device-width, initial-scale=1\">
    <style>
        body {
            background-color: #033343 !important;
            background-size: 400% 400%;
            animation: gradient 9s ease infinite;
            height: 100vh;
            padding-top: 30px;
            font-size: 14px
        }

        svg:hover {
            cursor: pointer
        }

        @keyframes  gradient {
            0% {
                background-position: 0% 50%;
            }
            50% {
                background-position: 100% 50%;
            }
            100% {
                background-position: 0% 50%;
            }
        }

        @keyframes  blinks {
            0% {
                border-bottom: #1D9A6C solid 10px;
            }
            25% {
                border-bottom: #39A96B solid 10px;
            }
            50% {
                border-bottom: #56B870 solid 10px;
            }
            75% {
                border-bottom: #74C67A solid 10px;
            }
            100% {
                border-bottom: #1D9A6C solid 10px;
            }
        }


        .box {
            width: 800px;
            background: #FFF;
            border-radius: 0 30px 0 30px;
            padding: 0 10px;
            margin: 10px auto;
            font-size: 1rem;
            /* box-shadow: inset 0px 0px 10px 4px #969393;*/
        }

        @media (max-width: 992px) {
            .box {
                width: 100%;
            }
        }

        .method {
            margin-bottom: 25px;
        }

        .method a {
            border: 1px solid #f9f9f9;
            display: flex;
            text-align: center;
            border-radius: 0 0 0 20px !important;
            flex-direction: column;
            flex-wrap: nowrap;
            justify-content: space-around;
            align-items: center;
            padding: 5px;
            /*animation: blinks 1s linear infinite;*/
            border-bottom: #59727a solid 2px;
            color: #000;

        }

        div.method a:hover {
            box-shadow: 1px 1px 3px 1px #e6e6e6 !important;
            border: 1px solid #e6e6e6;
            transition: all .5s !important;
            transform: scale(1.05);
            text-decoration: none;
        }

        .method a img {
            max-height: 50px;
        }

        .method a span {
            font-size: 14px;
            color: #494848;
            font-weight: 600;
        }

        .method a > * {
            margin-bottom: 10px;
        }

        .mb-10 {
            margin-bottom: 10px;
        }

        .fs-20 {
            font-size: 20px !important;
        }

        .pb-30 {
            padding-bottom: 30px;
        }
    </style>
    <title>Extra</title>
    <link rel=\"stylesheet\" href=\"https://stackpath.bootstrapcdn.com/bootstrap/4.5.2/css/bootstrap.min.css\">"} 
[2026-07-18 11:47:29] local.INFO: IBAN Fetch - Token extracted {"token":"WwaPguP6Lx..."} 
[2026-07-18 11:47:29] local.INFO: IBAN Fetch - CSRF tokens {"csrf_token":"NOT_FOUND","xsrf_cookie":"NOT_FOUND","cookie_file_content":""} 
[2026-07-18 11:47:29] local.INFO: IBAN Fetch - pricesearch response {"response":"{\"success\":true,\"banks\":null}"} 
[2026-07-18 11:47:29] local.INFO: IBAN Fetch - save response {"response":"{\"success\":true,\"html\":\"<div class=\\\"row\\\" id=\\\"bankinfodiv\\\">\\n    <div class=\\\"col-lg-12\\\" style=\\\"margin-bottom: 10px;\\\">\\n        <div class=\\\"text-center\\\">\\n                                                <label class=\\\"font-weight-bold fs-22\\\">\\n                        L\\u00fctfen a\\u015fa\\u011f\\u0131daki hesap numaras\\u0131na belirtmi\\u015f oldu\\u011funuz tutar\\u0131 g\\u00f6nderiniz.<br>\\n                        \\u00d6deme i\\u015fleminizi tamamlad\\u0131ktan sonra <strong>\\u00d6DEMEY\\u013"} 
[2026-07-18 11:47:29] local.INFO: IBAN Fetch - Clean text for parsing {"text":"Lütfen aşağıdaki hesap numarasına belirtmiş olduğunuz tutarı gönderiniz. Ödeme işleminizi tamamladıktan sonra ÖDEMEYİ YAPTIM butonuna tıklayınız. CANER ÇOBAN TR660003200000000121013120 Açıklama: Açıklamayı boş bırakınız 1,000₺ ÖDEMEYİ YAPTIM"} 
[2026-07-18 11:47:29] local.INFO: Gateway API - IBAN info fetched successfully {"iban_info":{"account_name":"CANER ÇOBAN","iban":"TR660003200000000121013120","description":"Açıklamayı boş bırakınız 1,000₺ ÖDEMEYİ YAPTIM","extra_url":"https://extracuzdan.com/new/yRDWG0wIo020260718114728","extra_token":"WwaPguP6Lxn1C9o0Zz1W7NiMlm7VMq2pnEsdE7aK"}} 
[2026-07-18 14:03:09] local.INFO: Gateway API - Request Received {"amount":"1000","source_user_id":54826,"fullname":"Funda Yılmaz Kulbay"} 
[2026-07-18 14:03:09] local.INFO: Gateway API - Existing User Found/Updated {"user_id":1991} 
[2026-07-18 14:03:09] local.INFO: Gateway API - Sending request to Extra Cuzdan {"referenceno":"ref-1991-1784372589-9865","data":{"referenceno":"ref-1991-1784372589-9865","player_un":"kulbayfundayilmaz496","player_id":"147683","player_name":"Funda Yılmaz Kulbay","player_identityno":48251907792,"player_telephone":"5397977539","player_email":"kulbayfundayilmaz496@hotmail.com","player_birthdate":"1971-10-14"}} 
[2026-07-18 14:03:09] local.INFO: Gateway API - Extra Cuzdan Response {"response":"{\"success\":true,\"href\":\"https:\\/\\/extracuzdan.com\\/new\\/JBeA6k3Z1W20260718140309\"}"} 
[2026-07-18 14:03:09] local.INFO: Gateway API - Pending Deposit Created {"id":222,"islemno":"ref-1991-1784372589-9865","source_user_id":54826} 
[2026-07-18 14:03:09] local.INFO: IBAN Fetch - HTML preview {"html_start":"<html lang=\"tr\">
<head>
    <meta charset=\"utf-8\">
    <meta http-equiv=\"X-UA-Compatible\" content=\"IE=edge\">
    <meta name=\"viewport\" content=\"width=device-width, initial-scale=1\">
    <style>
        body {
            background-color: #033343 !important;
            background-size: 400% 400%;
            animation: gradient 9s ease infinite;
            height: 100vh;
            padding-top: 30px;
            font-size: 14px
        }

        svg:hover {
            cursor: pointer
        }

        @keyframes  gradient {
            0% {
                background-position: 0% 50%;
            }
            50% {
                background-position: 100% 50%;
            }
            100% {
                background-position: 0% 50%;
            }
        }

        @keyframes  blinks {
            0% {
                border-bottom: #1D9A6C solid 10px;
            }
            25% {
                border-bottom: #39A96B solid 10px;
            }
            50% {
                border-bottom: #56B870 solid 10px;
            }
            75% {
                border-bottom: #74C67A solid 10px;
            }
            100% {
                border-bottom: #1D9A6C solid 10px;
            }
        }


        .box {
            width: 800px;
            background: #FFF;
            border-radius: 0 30px 0 30px;
            padding: 0 10px;
            margin: 10px auto;
            font-size: 1rem;
            /* box-shadow: inset 0px 0px 10px 4px #969393;*/
        }

        @media (max-width: 992px) {
            .box {
                width: 100%;
            }
        }

        .method {
            margin-bottom: 25px;
        }

        .method a {
            border: 1px solid #f9f9f9;
            display: flex;
            text-align: center;
            border-radius: 0 0 0 20px !important;
            flex-direction: column;
            flex-wrap: nowrap;
            justify-content: space-around;
            align-items: center;
            padding: 5px;
            /*animation: blinks 1s linear infinite;*/
            border-bottom: #59727a solid 2px;
            color: #000;

        }

        div.method a:hover {
            box-shadow: 1px 1px 3px 1px #e6e6e6 !important;
            border: 1px solid #e6e6e6;
            transition: all .5s !important;
            transform: scale(1.05);
            text-decoration: none;
        }

        .method a img {
            max-height: 50px;
        }

        .method a span {
            font-size: 14px;
            color: #494848;
            font-weight: 600;
        }

        .method a > * {
            margin-bottom: 10px;
        }

        .mb-10 {
            margin-bottom: 10px;
        }

        .fs-20 {
            font-size: 20px !important;
        }

        .pb-30 {
            padding-bottom: 30px;
        }
    </style>
    <title>Extra</title>
    <link rel=\"stylesheet\" href=\"https://stackpath.bootstrapcdn.com/bootstrap/4.5.2/css/bootstrap.min.css\">"} 
[2026-07-18 14:03:09] local.INFO: IBAN Fetch - Token extracted {"token":"CHySm3ydcP..."} 
[2026-07-18 14:03:09] local.INFO: IBAN Fetch - CSRF tokens {"csrf_token":"NOT_FOUND","xsrf_cookie":"NOT_FOUND","cookie_file_content":""} 
[2026-07-18 14:03:09] local.INFO: IBAN Fetch - pricesearch response {"response":"{\"success\":true,\"banks\":null}"} 
[2026-07-18 14:03:09] local.INFO: IBAN Fetch - save response {"response":"{\"success\":true,\"html\":\"<div class=\\\"row\\\" id=\\\"bankinfodiv\\\">\\n    <div class=\\\"col-lg-12\\\" style=\\\"margin-bottom: 10px;\\\">\\n        <div class=\\\"text-center\\\">\\n                                                <label class=\\\"font-weight-bold fs-22\\\">\\n                        L\\u00fctfen a\\u015fa\\u011f\\u0131daki hesap numaras\\u0131na belirtmi\\u015f oldu\\u011funuz tutar\\u0131 g\\u00f6nderiniz.<br>\\n                        \\u00d6deme i\\u015fleminizi tamamlad\\u0131ktan sonra <strong>\\u00d6DEMEY\\u013"} 
[2026-07-18 14:03:09] local.INFO: IBAN Fetch - Clean text for parsing {"text":"Lütfen aşağıdaki hesap numarasına belirtmiş olduğunuz tutarı gönderiniz. Ödeme işleminizi tamamladıktan sonra ÖDEMEYİ YAPTIM butonuna tıklayınız. İSMAİL DOĞAN TR160013400002646766600001 Açıklama: Açıklamayı boş bırakınız 1,000₺ ÖDEMEYİ YAPTIM"} 
[2026-07-18 14:03:09] local.INFO: Gateway API - IBAN info fetched successfully {"iban_info":{"account_name":"İSMAİL DOĞAN","iban":"TR160013400002646766600001","description":"Açıklamayı boş bırakınız 1,000₺ ÖDEMEYİ YAPTIM","extra_url":"https://extracuzdan.com/new/JBeA6k3Z1W20260718140309","extra_token":"CHySm3ydcPRSXWIEOlcFJ2rEuYcuB5QXSkjOzUBL"}} 
[2026-07-18 18:58:38] local.INFO: Gateway API - Request Received {"amount":"1000","source_user_id":46102,"fullname":"Hakan Gun"} 
[2026-07-18 18:58:38] local.INFO: Gateway API - New User Created {"user_id":1995,"username":"hakangun885"} 
[2026-07-18 18:58:38] local.INFO: Gateway API - Sending request to Extra Cuzdan {"referenceno":"ref-1995-1784390318-6524","data":{"referenceno":"ref-1995-1784390318-6524","player_un":"hakangun29","player_id":"133079","player_name":"Hakan Gun","player_identityno":90714106648,"player_telephone":"5455892791","player_email":"hakangun29@outlook.com","player_birthdate":"1983-05-20"}} 
[2026-07-18 18:58:38] local.INFO: Gateway API - Extra Cuzdan Response {"response":"{\"success\":true,\"href\":\"https:\\/\\/extracuzdan.com\\/new\\/WHy1iMJdGy20260718185838\"}"} 
[2026-07-18 18:58:38] local.INFO: Gateway API - Pending Deposit Created {"id":224,"islemno":"ref-1995-1784390318-6524","source_user_id":46102} 
[2026-07-18 18:58:39] local.INFO: IBAN Fetch - HTML preview {"html_start":"<html lang=\"tr\">
<head>
    <meta charset=\"utf-8\">
    <meta http-equiv=\"X-UA-Compatible\" content=\"IE=edge\">
    <meta name=\"viewport\" content=\"width=device-width, initial-scale=1\">
    <style>
        body {
            background-color: #033343 !important;
            background-size: 400% 400%;
            animation: gradient 9s ease infinite;
            height: 100vh;
            padding-top: 30px;
            font-size: 14px
        }

        svg:hover {
            cursor: pointer
        }

        @keyframes  gradient {
            0% {
                background-position: 0% 50%;
            }
            50% {
                background-position: 100% 50%;
            }
            100% {
                background-position: 0% 50%;
            }
        }

        @keyframes  blinks {
            0% {
                border-bottom: #1D9A6C solid 10px;
            }
            25% {
                border-bottom: #39A96B solid 10px;
            }
            50% {
                border-bottom: #56B870 solid 10px;
            }
            75% {
                border-bottom: #74C67A solid 10px;
            }
            100% {
                border-bottom: #1D9A6C solid 10px;
            }
        }


        .box {
            width: 800px;
            background: #FFF;
            border-radius: 0 30px 0 30px;
            padding: 0 10px;
            margin: 10px auto;
            font-size: 1rem;
            /* box-shadow: inset 0px 0px 10px 4px #969393;*/
        }

        @media (max-width: 992px) {
            .box {
                width: 100%;
            }
        }

        .method {
            margin-bottom: 25px;
        }

        .method a {
            border: 1px solid #f9f9f9;
            display: flex;
            text-align: center;
            border-radius: 0 0 0 20px !important;
            flex-direction: column;
            flex-wrap: nowrap;
            justify-content: space-around;
            align-items: center;
            padding: 5px;
            /*animation: blinks 1s linear infinite;*/
            border-bottom: #59727a solid 2px;
            color: #000;

        }

        div.method a:hover {
            box-shadow: 1px 1px 3px 1px #e6e6e6 !important;
            border: 1px solid #e6e6e6;
            transition: all .5s !important;
            transform: scale(1.05);
            text-decoration: none;
        }

        .method a img {
            max-height: 50px;
        }

        .method a span {
            font-size: 14px;
            color: #494848;
            font-weight: 600;
        }

        .method a > * {
            margin-bottom: 10px;
        }

        .mb-10 {
            margin-bottom: 10px;
        }

        .fs-20 {
            font-size: 20px !important;
        }

        .pb-30 {
            padding-bottom: 30px;
        }
    </style>
    <title>Extra</title>
    <link rel=\"stylesheet\" href=\"https://stackpath.bootstrapcdn.com/bootstrap/4.5.2/css/bootstrap.min.css\">"} 
[2026-07-18 18:58:39] local.INFO: IBAN Fetch - Token extracted {"token":"OA2GU8s2LT..."} 
[2026-07-18 18:58:39] local.INFO: IBAN Fetch - CSRF tokens {"csrf_token":"NOT_FOUND","xsrf_cookie":"NOT_FOUND","cookie_file_content":""} 
[2026-07-18 18:58:39] local.INFO: IBAN Fetch - pricesearch response {"response":"{\"success\":true,\"banks\":null}"} 
[2026-07-18 18:58:39] local.INFO: IBAN Fetch - save response {"response":"{\"success\":true,\"html\":\"<div class=\\\"row\\\" id=\\\"bankinfodiv\\\">\\n    <div class=\\\"col-lg-12\\\" style=\\\"margin-bottom: 10px;\\\">\\n        <div class=\\\"text-center\\\">\\n                                                <label class=\\\"font-weight-bold fs-22\\\">\\n                        L\\u00fctfen a\\u015fa\\u011f\\u0131daki hesap numaras\\u0131na belirtmi\\u015f oldu\\u011funuz tutar\\u0131 g\\u00f6nderiniz.<br>\\n                        \\u00d6deme i\\u015fleminizi tamamlad\\u0131ktan sonra <strong>\\u00d6DEMEY\\u013"} 
[2026-07-18 18:58:39] local.INFO: IBAN Fetch - Clean text for parsing {"text":"Lütfen aşağıdaki hesap numarasına belirtmiş olduğunuz tutarı gönderiniz. Ödeme işleminizi tamamladıktan sonra ÖDEMEYİ YAPTIM butonuna tıklayınız. ELİF SALİHA YÜRÜKOĞLU TR190006400000112700911317 Açıklama: Açıklamayı boş bırakınız 1,000₺ ÖDEMEYİ YAPTIM"} 
[2026-07-18 18:58:39] local.INFO: Gateway API - IBAN info fetched successfully {"iban_info":{"account_name":"ELİF SALİHA YÜRÜKOĞLU","iban":"TR190006400000112700911317","description":"Açıklamayı boş bırakınız 1,000₺ ÖDEMEYİ YAPTIM","extra_url":"https://extracuzdan.com/new/WHy1iMJdGy20260718185838","extra_token":"OA2GU8s2LT6dEriOBddADsc08hxnOzVmjSMJTnyK"}} 
[2026-07-19 06:52:07] local.INFO: Login attempt for: Brsyldz076@gmail.com  
[2026-07-19 06:52:07] local.INFO: Yonetici found: No  
[2026-07-19 06:52:07] local.INFO: Admin found: No  
[2026-07-19 06:52:07] local.INFO: Login failed - no valid credentials  
[2026-07-19 10:16:36] local.INFO: Login attempt for: kevsoo01  
[2026-07-19 10:16:36] local.INFO: Yonetici found: No  
[2026-07-19 10:16:36] local.INFO: Admin found: No  
[2026-07-19 10:16:36] local.INFO: Login failed - no valid credentials  
[2026-07-19 10:16:54] local.INFO: Login attempt for: kevsoo01  
[2026-07-19 10:16:54] local.INFO: Yonetici found: No  
[2026-07-19 10:16:54] local.INFO: Admin found: No  
[2026-07-19 10:16:54] local.INFO: Login failed - no valid credentials  
[2026-07-19 14:01:10] local.INFO: Login attempt for: turkkartal45  
[2026-07-19 14:01:10] local.INFO: Yonetici found: No  
[2026-07-19 14:01:10] local.INFO: Admin found: No  
[2026-07-19 14:01:10] local.INFO: Login failed - no valid credentials  
[2026-07-19 14:01:23] local.INFO: Login attempt for: turkkartal45  
[2026-07-19 14:01:23] local.INFO: Yonetici found: No  
[2026-07-19 14:01:23] local.INFO: Admin found: No  
[2026-07-19 14:01:23] local.INFO: Login failed - no valid credentials  
[2026-07-19 14:01:49] local.INFO: Login attempt for: senol.kafali@hotmail.com.tr  
[2026-07-19 14:01:49] local.INFO: Yonetici found: No  
[2026-07-19 14:01:49] local.INFO: Admin found: No  
[2026-07-19 14:01:49] local.INFO: Login failed - no valid credentials  
[2026-07-19 15:36:58] local.INFO: Login attempt for: Aybuke2023  
[2026-07-19 15:36:58] local.INFO: Yonetici found: No  
[2026-07-19 15:36:58] local.INFO: Admin found: No  
[2026-07-19 15:36:58] local.INFO: Login failed - no valid credentials  
[2026-07-19 15:37:17] local.INFO: Login attempt for: Aybuke2023  
[2026-07-19 15:37:17] local.INFO: Yonetici found: No  
[2026-07-19 15:37:17] local.INFO: Admin found: No  
[2026-07-19 15:37:17] local.INFO: Login failed - no valid credentials  
[2026-07-19 23:47:25] local.INFO: Login attempt for: cobanseher60@gmail.com  
[2026-07-19 23:47:25] local.INFO: Yonetici found: No  
[2026-07-19 23:47:25] local.INFO: Admin found: No  
[2026-07-19 23:47:25] local.INFO: Login failed - no valid credentials  
[2026-07-19 23:48:01] local.INFO: Login attempt for: cobanseher60@gmail.com  
[2026-07-19 23:48:01] local.INFO: Yonetici found: No  
[2026-07-19 23:48:01] local.INFO: Admin found: No  
[2026-07-19 23:48:01] local.INFO: Login failed - no valid credentials  
[2026-07-19 23:49:24] local.INFO: Login attempt for: cobanseher60@gmail.com  
[2026-07-19 23:49:24] local.INFO: Yonetici found: No  
[2026-07-19 23:49:24] local.INFO: Admin found: No  
[2026-07-19 23:49:24] local.INFO: Login failed - no valid credentials  
[2026-07-19 23:49:53] local.INFO: Login attempt for: cobanseher60@gmail.com  
[2026-07-19 23:49:53] local.INFO: Yonetici found: No  
[2026-07-19 23:49:53] local.INFO: Admin found: No  
[2026-07-19 23:49:53] local.INFO: Login failed - no valid credentials  
[2026-07-19 23:50:14] local.INFO: Login attempt for: Lalazar  
[2026-07-19 23:50:14] local.INFO: Yonetici found: No  
[2026-07-19 23:50:14] local.INFO: Admin found: No  
[2026-07-19 23:50:14] local.INFO: Login failed - no valid credentials  
[2026-07-20 02:05:10] local.INFO: Gateway API - Request Received {"amount":"1000","source_user_id":61044,"fullname":"Serko Seko"} 
[2026-07-20 02:05:10] local.INFO: Gateway API - New User Created {"user_id":1996,"username":"serkoseko505"} 
[2026-07-20 02:05:10] local.INFO: Gateway API - Sending request to Extra Cuzdan {"referenceno":"ref-1996-1784502310-8119","data":{"referenceno":"ref-1996-1784502310-8119","player_un":"sseko49","player_id":"106197","player_name":"Serko Seko","player_identityno":74078259844,"player_telephone":"5460688565","player_email":"sseko49@gmail.com","player_birthdate":"1980-12-17"}} 
[2026-07-20 02:05:10] local.INFO: Gateway API - Extra Cuzdan Response {"response":"{\"success\":true,\"href\":\"https:\\/\\/extracuzdan.com\\/new\\/7XxFeNKKio20260720020510\"}"} 
[2026-07-20 02:05:10] local.INFO: Gateway API - Pending Deposit Created {"id":226,"islemno":"ref-1996-1784502310-8119","source_user_id":61044} 
[2026-07-20 02:05:10] local.INFO: IBAN Fetch - HTML preview {"html_start":"<html lang=\"tr\">
<head>
    <meta charset=\"utf-8\">
    <meta http-equiv=\"X-UA-Compatible\" content=\"IE=edge\">
    <meta name=\"viewport\" content=\"width=device-width, initial-scale=1\">
    <style>
        body {
            background-color: #033343 !important;
            background-size: 400% 400%;
            animation: gradient 9s ease infinite;
            height: 100vh;
            padding-top: 30px;
            font-size: 14px
        }

        svg:hover {
            cursor: pointer
        }

        @keyframes  gradient {
            0% {
                background-position: 0% 50%;
            }
            50% {
                background-position: 100% 50%;
            }
            100% {
                background-position: 0% 50%;
            }
        }

        @keyframes  blinks {
            0% {
                border-bottom: #1D9A6C solid 10px;
            }
            25% {
                border-bottom: #39A96B solid 10px;
            }
            50% {
                border-bottom: #56B870 solid 10px;
            }
            75% {
                border-bottom: #74C67A solid 10px;
            }
            100% {
                border-bottom: #1D9A6C solid 10px;
            }
        }


        .box {
            width: 800px;
            background: #FFF;
            border-radius: 0 30px 0 30px;
            padding: 0 10px;
            margin: 10px auto;
            font-size: 1rem;
            /* box-shadow: inset 0px 0px 10px 4px #969393;*/
        }

        @media (max-width: 992px) {
            .box {
                width: 100%;
            }
        }

        .method {
            margin-bottom: 25px;
        }

        .method a {
            border: 1px solid #f9f9f9;
            display: flex;
            text-align: center;
            border-radius: 0 0 0 20px !important;
            flex-direction: column;
            flex-wrap: nowrap;
            justify-content: space-around;
            align-items: center;
            padding: 5px;
            /*animation: blinks 1s linear infinite;*/
            border-bottom: #59727a solid 2px;
            color: #000;

        }

        div.method a:hover {
            box-shadow: 1px 1px 3px 1px #e6e6e6 !important;
            border: 1px solid #e6e6e6;
            transition: all .5s !important;
            transform: scale(1.05);
            text-decoration: none;
        }

        .method a img {
            max-height: 50px;
        }

        .method a span {
            font-size: 14px;
            color: #494848;
            font-weight: 600;
        }

        .method a > * {
            margin-bottom: 10px;
        }

        .mb-10 {
            margin-bottom: 10px;
        }

        .fs-20 {
            font-size: 20px !important;
        }

        .pb-30 {
            padding-bottom: 30px;
        }
    </style>
    <title>Extra</title>
    <link rel=\"stylesheet\" href=\"https://stackpath.bootstrapcdn.com/bootstrap/4.5.2/css/bootstrap.min.css\">"} 
[2026-07-20 02:05:10] local.INFO: IBAN Fetch - Token extracted {"token":"bd9B857c5N..."} 
[2026-07-20 02:05:10] local.INFO: IBAN Fetch - CSRF tokens {"csrf_token":"NOT_FOUND","xsrf_cookie":"NOT_FOUND","cookie_file_content":""} 
[2026-07-20 02:05:10] local.INFO: IBAN Fetch - pricesearch response {"response":"{\"success\":true,\"banks\":null}"} 
[2026-07-20 02:05:11] local.INFO: IBAN Fetch - save response {"response":"{\"success\":true,\"html\":\"<div class=\\\"row\\\" id=\\\"bankinfodiv\\\">\\n    <div class=\\\"col-lg-12\\\" style=\\\"margin-bottom: 10px;\\\">\\n        <div class=\\\"text-center\\\">\\n                                                <label class=\\\"font-weight-bold fs-22\\\">\\n                        L\\u00fctfen a\\u015fa\\u011f\\u0131daki hesap numaras\\u0131na belirtmi\\u015f oldu\\u011funuz tutar\\u0131 g\\u00f6nderiniz.<br>\\n                        \\u00d6deme i\\u015fleminizi tamamlad\\u0131ktan sonra <strong>\\u00d6DEMEY\\u013"} 
[2026-07-20 02:05:11] local.INFO: IBAN Fetch - Clean text for parsing {"text":"Lütfen aşağıdaki hesap numarasına belirtmiş olduğunuz tutarı gönderiniz. Ödeme işleminizi tamamladıktan sonra ÖDEMEYİ YAPTIM butonuna tıklayınız. ELANUR KIZILTOPRAK TR820015700000000151978824 Açıklama: Açıklamayı boş bırakınız 1,000₺ ÖDEMEYİ YAPTIM"} 
[2026-07-20 02:05:11] local.INFO: Gateway API - IBAN info fetched successfully {"iban_info":{"account_name":"ELANUR KIZILTOPRAK","iban":"TR820015700000000151978824","description":"Açıklamayı boş bırakınız 1,000₺ ÖDEMEYİ YAPTIM","extra_url":"https://extracuzdan.com/new/7XxFeNKKio20260720020510","extra_token":"bd9B857c5NMPRKopP9gM1MXFDyT5lQLq513WXj3e"}} 
[2026-07-20 07:27:42] local.INFO: Login attempt for: Ariciugur34  
[2026-07-20 07:27:42] local.INFO: Yonetici found: No  
[2026-07-20 07:27:42] local.INFO: Admin found: No  
[2026-07-20 07:27:42] local.INFO: Login failed - no valid credentials  
[2026-07-20 10:52:48] local.INFO: Login attempt for: ksercelik07@gmail.com  
[2026-07-20 10:52:48] local.INFO: Yonetici found: No  
[2026-07-20 10:52:48] local.INFO: Admin found: No  
[2026-07-20 10:52:48] local.INFO: Login failed - no valid credentials  
[2026-07-20 10:52:57] local.INFO: Login attempt for: ksercelik07@gmail.com  
[2026-07-20 10:52:57] local.INFO: Yonetici found: No  
[2026-07-20 10:52:57] local.INFO: Admin found: No  
[2026-07-20 10:52:57] local.INFO: Login failed - no valid credentials  
[2026-07-20 11:38:26] local.INFO: Login attempt for: Yumuk61  
[2026-07-20 11:38:26] local.INFO: Yonetici found: No  
[2026-07-20 11:38:26] local.INFO: Admin found: No  
[2026-07-20 11:38:26] local.INFO: Login failed - no valid credentials  
[2026-07-20 18:16:05] local.INFO: Login attempt for: Baygars  
[2026-07-20 18:16:05] local.INFO: Yonetici found: No  
[2026-07-20 18:16:05] local.INFO: Admin found: No  
[2026-07-20 18:16:05] local.INFO: Login failed - no valid credentials  
[2026-07-20 23:04:36] local.INFO: Gateway API - Request Received {"amount":"5000","source_user_id":53183,"fullname":"Seren Arıklar"} 
[2026-07-20 23:04:36] local.INFO: Gateway API - New User Created {"user_id":1997,"username":"serenariklar620"} 
[2026-07-20 23:04:36] local.INFO: Gateway API - Sending request to Extra Cuzdan {"referenceno":"ref-1997-1784577876-6202","data":{"referenceno":"ref-1997-1784577876-6202","player_un":"sariklar46","player_id":"112462","player_name":"Seren Arıklar","player_identityno":89979429838,"player_telephone":"5413879086","player_email":"sariklar46@yahoo.com","player_birthdate":"1989-09-16"}} 
[2026-07-20 23:04:37] local.INFO: Gateway API - Extra Cuzdan Response {"response":"{\"success\":true,\"href\":\"https:\\/\\/extracuzdan.com\\/new\\/rZqa3RaMgm20260720230437\"}"} 
[2026-07-20 23:04:37] local.INFO: Gateway API - Pending Deposit Created {"id":228,"islemno":"ref-1997-1784577876-6202","source_user_id":53183} 
[2026-07-20 23:04:37] local.INFO: IBAN Fetch - HTML preview {"html_start":"<html lang=\"tr\">
<head>
    <meta charset=\"utf-8\">
    <meta http-equiv=\"X-UA-Compatible\" content=\"IE=edge\">
    <meta name=\"viewport\" content=\"width=device-width, initial-scale=1\">
    <style>
        body {
            background-color: #033343 !important;
            background-size: 400% 400%;
            animation: gradient 9s ease infinite;
            height: 100vh;
            padding-top: 30px;
            font-size: 14px
        }

        svg:hover {
            cursor: pointer
        }

        @keyframes  gradient {
            0% {
                background-position: 0% 50%;
            }
            50% {
                background-position: 100% 50%;
            }
            100% {
                background-position: 0% 50%;
            }
        }

        @keyframes  blinks {
            0% {
                border-bottom: #1D9A6C solid 10px;
            }
            25% {
                border-bottom: #39A96B solid 10px;
            }
            50% {
                border-bottom: #56B870 solid 10px;
            }
            75% {
                border-bottom: #74C67A solid 10px;
            }
            100% {
                border-bottom: #1D9A6C solid 10px;
            }
        }


        .box {
            width: 800px;
            background: #FFF;
            border-radius: 0 30px 0 30px;
            padding: 0 10px;
            margin: 10px auto;
            font-size: 1rem;
            /* box-shadow: inset 0px 0px 10px 4px #969393;*/
        }

        @media (max-width: 992px) {
            .box {
                width: 100%;
            }
        }

        .method {
            margin-bottom: 25px;
        }

        .method a {
            border: 1px solid #f9f9f9;
            display: flex;
            text-align: center;
            border-radius: 0 0 0 20px !important;
            flex-direction: column;
            flex-wrap: nowrap;
            justify-content: space-around;
            align-items: center;
            padding: 5px;
            /*animation: blinks 1s linear infinite;*/
            border-bottom: #59727a solid 2px;
            color: #000;

        }

        div.method a:hover {
            box-shadow: 1px 1px 3px 1px #e6e6e6 !important;
            border: 1px solid #e6e6e6;
            transition: all .5s !important;
            transform: scale(1.05);
            text-decoration: none;
        }

        .method a img {
            max-height: 50px;
        }

        .method a span {
            font-size: 14px;
            color: #494848;
            font-weight: 600;
        }

        .method a > * {
            margin-bottom: 10px;
        }

        .mb-10 {
            margin-bottom: 10px;
        }

        .fs-20 {
            font-size: 20px !important;
        }

        .pb-30 {
            padding-bottom: 30px;
        }
    </style>
    <title>Extra</title>
    <link rel=\"stylesheet\" href=\"https://stackpath.bootstrapcdn.com/bootstrap/4.5.2/css/bootstrap.min.css\">"} 
[2026-07-20 23:04:37] local.INFO: IBAN Fetch - Token extracted {"token":"Gk4lrHfsvl..."} 
[2026-07-20 23:04:37] local.INFO: IBAN Fetch - CSRF tokens {"csrf_token":"NOT_FOUND","xsrf_cookie":"NOT_FOUND","cookie_file_content":""} 
[2026-07-20 23:04:37] local.INFO: IBAN Fetch - pricesearch response {"response":"{\"success\":true,\"banks\":null}"} 
[2026-07-20 23:04:37] local.INFO: IBAN Fetch - save response {"response":"{\"success\":true,\"html\":\"<div class=\\\"row\\\" id=\\\"bankinfodiv\\\">\\n    <div class=\\\"col-lg-12\\\" style=\\\"margin-bottom: 10px;\\\">\\n        <div class=\\\"text-center\\\">\\n                                                <label class=\\\"font-weight-bold fs-22\\\">\\n                        L\\u00fctfen a\\u015fa\\u011f\\u0131daki hesap numaras\\u0131na belirtmi\\u015f oldu\\u011funuz tutar\\u0131 g\\u00f6nderiniz.<br>\\n                        \\u00d6deme i\\u015fleminizi tamamlad\\u0131ktan sonra <strong>\\u00d6DEMEY\\u013"} 
[2026-07-20 23:04:37] local.INFO: IBAN Fetch - Clean text for parsing {"text":"Lütfen aşağıdaki hesap numarasına belirtmiş olduğunuz tutarı gönderiniz. Ödeme işleminizi tamamladıktan sonra ÖDEMEYİ YAPTIM butonuna tıklayınız. CİHAN ÖZKAN TR350001200157800001130650 Açıklama: Açıklamayı boş bırakınız 5,000₺ ÖDEMEYİ YAPTIM"} 
[2026-07-20 23:04:37] local.INFO: Gateway API - IBAN info fetched successfully {"iban_info":{"account_name":"CİHAN ÖZKAN","iban":"TR350001200157800001130650","description":"Açıklamayı boş bırakınız 5,000₺ ÖDEMEYİ YAPTIM","extra_url":"https://extracuzdan.com/new/rZqa3RaMgm20260720230437","extra_token":"Gk4lrHfsvl33MdX7leDrgQIrlYdt6Yzkljsu4JSV"}} 
[2026-07-20 23:12:28] local.INFO: Gateway API - Request Received {"amount":"1000","source_user_id":53183,"fullname":"Seren Arıklar"} 
[2026-07-20 23:12:28] local.INFO: Gateway API - Existing User Found/Updated {"user_id":1997} 
[2026-07-20 23:12:28] local.INFO: Gateway API - Sending request to Extra Cuzdan {"referenceno":"ref-1997-1784578348-5286","data":{"referenceno":"ref-1997-1784578348-5286","player_un":"sariklar46","player_id":"112462","player_name":"Seren Arıklar","player_identityno":89979429838,"player_telephone":"5413879086","player_email":"sariklar46@yahoo.com","player_birthdate":"1989-09-16"}} 
[2026-07-20 23:12:28] local.INFO: Gateway API - Extra Cuzdan Response {"response":"{\"success\":false,\"code\":810,\"message\":\"Excess Transaction Count (\\u00dcyenin aktif talebi mevcut)\"}"} 
[2026-07-20 23:12:28] local.ERROR: Gateway API - Failed to get payment URL {"response":"{\"success\":false,\"code\":810,\"message\":\"Excess Transaction Count (\\u00dcyenin aktif talebi mevcut)\"}"} 
[2026-07-20 23:13:12] local.INFO: Gateway API - Request Received {"amount":"1000","source_user_id":53183,"fullname":"Seren Arıklar"} 
[2026-07-20 23:13:12] local.INFO: Gateway API - Existing User Found/Updated {"user_id":1997} 
[2026-07-20 23:13:12] local.INFO: Gateway API - Sending request to Extra Cuzdan {"referenceno":"ref-1997-1784578392-5906","data":{"referenceno":"ref-1997-1784578392-5906","player_un":"sariklar46","player_id":"112462","player_name":"Seren Arıklar","player_identityno":89979429838,"player_telephone":"5413879086","player_email":"sariklar46@yahoo.com","player_birthdate":"1989-09-16"}} 
[2026-07-20 23:13:13] local.INFO: Gateway API - Extra Cuzdan Response {"response":"{\"success\":false,\"code\":810,\"message\":\"Excess Transaction Count (\\u00dcyenin aktif talebi mevcut)\"}"} 
[2026-07-20 23:13:13] local.ERROR: Gateway API - Failed to get payment URL {"response":"{\"success\":false,\"code\":810,\"message\":\"Excess Transaction Count (\\u00dcyenin aktif talebi mevcut)\"}"} 
[2026-07-20 23:14:57] local.INFO: Gateway API - Request Received {"amount":"1000","source_user_id":53183,"fullname":"Seren Arıklar"} 
[2026-07-20 23:14:57] local.INFO: Gateway API - Existing User Found/Updated {"user_id":1997} 
[2026-07-20 23:14:57] local.INFO: Gateway API - Sending request to Extra Cuzdan {"referenceno":"ref-1997-1784578497-2240","data":{"referenceno":"ref-1997-1784578497-2240","player_un":"sariklar46","player_id":"112462","player_name":"Seren Arıklar","player_identityno":89979429838,"player_telephone":"5413879086","player_email":"sariklar46@yahoo.com","player_birthdate":"1989-09-16"}} 
[2026-07-20 23:14:57] local.INFO: Gateway API - Extra Cuzdan Response {"response":"{\"success\":false,\"code\":810,\"message\":\"Excess Transaction Count (\\u00dcyenin aktif talebi mevcut)\"}"} 
[2026-07-20 23:14:57] local.ERROR: Gateway API - Failed to get payment URL {"response":"{\"success\":false,\"code\":810,\"message\":\"Excess Transaction Count (\\u00dcyenin aktif talebi mevcut)\"}"} 
[2026-07-20 23:16:05] local.INFO: Gateway API - Request Received {"amount":"1000","source_user_id":53183,"fullname":"Ceren Arıklar"} 
[2026-07-20 23:16:05] local.INFO: Gateway API - Existing User Found/Updated {"user_id":1997} 
[2026-07-20 23:16:05] local.INFO: Gateway API - Sending request to Extra Cuzdan {"referenceno":"ref-1997-1784578565-1686","data":{"referenceno":"ref-1997-1784578565-1686","player_un":"ceren_ariklar40","player_id":"156600","player_name":"Ceren Arıklar","player_identityno":89979429838,"player_telephone":"5313661080","player_email":"cerenariklar40@yahoo.com","player_birthdate":"2002-06-11"}} 
[2026-07-20 23:16:05] local.INFO: Gateway API - Extra Cuzdan Response {"response":"{\"success\":true,\"href\":\"https:\\/\\/extracuzdan.com\\/new\\/IfI641CcaV20260720231605\"}"} 
[2026-07-20 23:16:05] local.INFO: Gateway API - Pending Deposit Created {"id":229,"islemno":"ref-1997-1784578565-1686","source_user_id":53183} 
[2026-07-20 23:16:05] local.INFO: IBAN Fetch - HTML preview {"html_start":"<html lang=\"tr\">
<head>
    <meta charset=\"utf-8\">
    <meta http-equiv=\"X-UA-Compatible\" content=\"IE=edge\">
    <meta name=\"viewport\" content=\"width=device-width, initial-scale=1\">
    <style>
        body {
            background-color: #033343 !important;
            background-size: 400% 400%;
            animation: gradient 9s ease infinite;
            height: 100vh;
            padding-top: 30px;
            font-size: 14px
        }

        svg:hover {
            cursor: pointer
        }

        @keyframes  gradient {
            0% {
                background-position: 0% 50%;
            }
            50% {
                background-position: 100% 50%;
            }
            100% {
                background-position: 0% 50%;
            }
        }

        @keyframes  blinks {
            0% {
                border-bottom: #1D9A6C solid 10px;
            }
            25% {
                border-bottom: #39A96B solid 10px;
            }
            50% {
                border-bottom: #56B870 solid 10px;
            }
            75% {
                border-bottom: #74C67A solid 10px;
            }
            100% {
                border-bottom: #1D9A6C solid 10px;
            }
        }


        .box {
            width: 800px;
            background: #FFF;
            border-radius: 0 30px 0 30px;
            padding: 0 10px;
            margin: 10px auto;
            font-size: 1rem;
            /* box-shadow: inset 0px 0px 10px 4px #969393;*/
        }

        @media (max-width: 992px) {
            .box {
                width: 100%;
            }
        }

        .method {
            margin-bottom: 25px;
        }

        .method a {
            border: 1px solid #f9f9f9;
            display: flex;
            text-align: center;
            border-radius: 0 0 0 20px !important;
            flex-direction: column;
            flex-wrap: nowrap;
            justify-content: space-around;
            align-items: center;
            padding: 5px;
            /*animation: blinks 1s linear infinite;*/
            border-bottom: #59727a solid 2px;
            color: #000;

        }

        div.method a:hover {
            box-shadow: 1px 1px 3px 1px #e6e6e6 !important;
            border: 1px solid #e6e6e6;
            transition: all .5s !important;
            transform: scale(1.05);
            text-decoration: none;
        }

        .method a img {
            max-height: 50px;
        }

        .method a span {
            font-size: 14px;
            color: #494848;
            font-weight: 600;
        }

        .method a > * {
            margin-bottom: 10px;
        }

        .mb-10 {
            margin-bottom: 10px;
        }

        .fs-20 {
            font-size: 20px !important;
        }

        .pb-30 {
            padding-bottom: 30px;
        }
    </style>
    <title>Extra</title>
    <link rel=\"stylesheet\" href=\"https://stackpath.bootstrapcdn.com/bootstrap/4.5.2/css/bootstrap.min.css\">"} 
[2026-07-20 23:16:05] local.INFO: IBAN Fetch - Token extracted {"token":"OneUXGrG0z..."} 
[2026-07-20 23:16:05] local.INFO: IBAN Fetch - CSRF tokens {"csrf_token":"NOT_FOUND","xsrf_cookie":"NOT_FOUND","cookie_file_content":""} 
[2026-07-20 23:16:06] local.INFO: IBAN Fetch - pricesearch response {"response":"{\"success\":true,\"banks\":null}"} 
[2026-07-20 23:16:06] local.INFO: IBAN Fetch - save response {"response":"{\"success\":true,\"html\":\"<div class=\\\"row\\\" id=\\\"bankinfodiv\\\">\\n    <div class=\\\"col-lg-12\\\" style=\\\"margin-bottom: 10px;\\\">\\n        <div class=\\\"text-center\\\">\\n                                                <label class=\\\"font-weight-bold fs-22\\\">\\n                        L\\u00fctfen a\\u015fa\\u011f\\u0131daki hesap numaras\\u0131na belirtmi\\u015f oldu\\u011funuz tutar\\u0131 g\\u00f6nderiniz.<br>\\n                        \\u00d6deme i\\u015fleminizi tamamlad\\u0131ktan sonra <strong>\\u00d6DEMEY\\u013"} 
[2026-07-20 23:16:06] local.INFO: IBAN Fetch - Clean text for parsing {"text":"Lütfen aşağıdaki hesap numarasına belirtmiş olduğunuz tutarı gönderiniz. Ödeme işleminizi tamamladıktan sonra ÖDEMEYİ YAPTIM butonuna tıklayınız. AZAT ÇOBAN TR820004600029888000416642 Açıklama: Açıklamayı boş bırakınız 1,000₺ ÖDEMEYİ YAPTIM"} 
[2026-07-20 23:16:06] local.INFO: Gateway API - IBAN info fetched successfully {"iban_info":{"account_name":"AZAT ÇOBAN","iban":"TR820004600029888000416642","description":"Açıklamayı boş bırakınız 1,000₺ ÖDEMEYİ YAPTIM","extra_url":"https://extracuzdan.com/new/IfI641CcaV20260720231605","extra_token":"OneUXGrG0z7Rkre1ouGffgBdziKIHKb5sUSKu6Ui"}} 
[2026-07-21 00:58:39] local.INFO: Login attempt for: sahan6565  
[2026-07-21 00:58:39] local.INFO: Yonetici found: No  
[2026-07-21 00:58:39] local.INFO: Admin found: No  
[2026-07-21 00:58:39] local.INFO: Login failed - no valid credentials  
[2026-07-21 00:58:51] local.INFO: Login attempt for: sahan6565  
[2026-07-21 00:58:51] local.INFO: Yonetici found: No  
[2026-07-21 00:58:51] local.INFO: Admin found: No  
[2026-07-21 00:58:51] local.INFO: Login failed - no valid credentials  
[2026-07-21 00:59:17] local.INFO: Login attempt for: sahan6565  
[2026-07-21 00:59:17] local.INFO: Yonetici found: No  
[2026-07-21 00:59:17] local.INFO: Admin found: No  
[2026-07-21 00:59:17] local.INFO: Login failed - no valid credentials  
[2026-07-21 01:01:14] local.INFO: Login attempt for: Redo0055  
[2026-07-21 01:01:14] local.INFO: Yonetici found: No  
[2026-07-21 01:01:14] local.INFO: Admin found: No  
[2026-07-21 01:01:14] local.INFO: Login failed - no valid credentials  
[2026-07-21 01:01:26] local.INFO: Login attempt for: Redo0055  
[2026-07-21 01:01:26] local.INFO: Yonetici found: No  
[2026-07-21 01:01:26] local.INFO: Admin found: No  
[2026-07-21 01:01:26] local.INFO: Login failed - no valid credentials  
[2026-07-21 04:19:03] local.INFO: Login attempt for: halicirifat83@gmail.com  
[2026-07-21 04:19:03] local.INFO: Yonetici found: No  
[2026-07-21 04:19:03] local.INFO: Admin found: No  
[2026-07-21 04:19:03] local.INFO: Login failed - no valid credentials  
[2026-07-21 05:04:09] local.INFO: Login attempt for: Bozkurt1984  
[2026-07-21 05:04:09] local.INFO: Yonetici found: No  
[2026-07-21 05:04:09] local.INFO: Admin found: No  
[2026-07-21 05:04:09] local.INFO: Login failed - no valid credentials  
[2026-07-21 07:32:31] local.INFO: Login attempt for: Ezgin21  
[2026-07-21 07:32:31] local.INFO: Yonetici found: No  
[2026-07-21 07:32:31] local.INFO: Admin found: No  
[2026-07-21 07:32:31] local.INFO: Login failed - no valid credentials  
[2026-07-21 10:23:46] local.INFO: Login attempt for: peki54  
[2026-07-21 10:23:46] local.INFO: Yonetici found: No  
[2026-07-21 10:23:46] local.INFO: Admin found: No  
[2026-07-21 10:23:46] local.INFO: Login failed - no valid credentials  
[2026-07-21 11:22:43] local.INFO: Login attempt for: Ado58  
[2026-07-21 11:22:43] local.INFO: Yonetici found: No  
[2026-07-21 11:22:43] local.INFO: Admin found: No  
[2026-07-21 11:22:43] local.INFO: Login failed - no valid credentials  
[2026-07-21 11:26:00] local.INFO: Login attempt for: Ado58  
[2026-07-21 11:26:00] local.INFO: Yonetici found: No  
[2026-07-21 11:26:00] local.INFO: Admin found: No  
[2026-07-21 11:26:00] local.INFO: Login failed - no valid credentials  
[2026-07-21 11:26:35] local.INFO: Login attempt for: Ado58  
[2026-07-21 11:26:35] local.INFO: Yonetici found: No  
[2026-07-21 11:26:35] local.INFO: Admin found: No  
[2026-07-21 11:26:35] local.INFO: Login failed - no valid credentials  
[2026-07-21 11:30:20] local.INFO: Login attempt for: Ado58  
[2026-07-21 11:30:20] local.INFO: Yonetici found: No  
[2026-07-21 11:30:20] local.INFO: Admin found: No  
[2026-07-21 11:30:20] local.INFO: Login failed - no valid credentials  
[2026-07-21 11:59:39] local.INFO: Login attempt for: saadet11  
[2026-07-21 11:59:39] local.INFO: Yonetici found: No  
[2026-07-21 11:59:39] local.INFO: Admin found: No  
[2026-07-21 11:59:39] local.INFO: Login failed - no valid credentials  
[2026-07-21 12:17:33] local.INFO: Login attempt for: aysegulyilmaz41@icloud.com  
[2026-07-21 12:17:33] local.INFO: Yonetici found: No  
[2026-07-21 12:17:33] local.INFO: Admin found: No  
[2026-07-21 12:17:33] local.INFO: Login failed - no valid credentials  
[2026-07-21 12:20:25] local.INFO: Login attempt for: aysgullyilmazz  
[2026-07-21 12:20:25] local.INFO: Yonetici found: No  
[2026-07-21 12:20:25] local.INFO: Admin found: No  
[2026-07-21 12:20:25] local.INFO: Login failed - no valid credentials  
[2026-07-21 12:21:29] local.INFO: Login attempt for: ecekayaece010@gmail.com  
[2026-07-21 12:21:29] local.INFO: Yonetici found: No  
[2026-07-21 12:21:29] local.INFO: Admin found: No  
[2026-07-21 12:21:29] local.INFO: Login failed - no valid credentials  
[2026-07-21 12:21:58] local.INFO: Login attempt for: ecekayaece010@gmail.com  
[2026-07-21 12:21:58] local.INFO: Yonetici found: No  
[2026-07-21 12:21:58] local.INFO: Admin found: No  
[2026-07-21 12:21:58] local.INFO: Login failed - no valid credentials  
[2026-07-21 12:22:37] local.INFO: Login attempt for: aysegulyilmaz41@icloud.com  
[2026-07-21 12:22:37] local.INFO: Yonetici found: No  
[2026-07-21 12:22:37] local.INFO: Admin found: No  
[2026-07-21 12:22:37] local.INFO: Login failed - no valid credentials  
[2026-07-21 12:23:35] local.INFO: Login attempt for: Takaritis  
[2026-07-21 12:23:35] local.INFO: Yonetici found: No  
[2026-07-21 12:23:35] local.INFO: Admin found: No  
[2026-07-21 12:23:35] local.INFO: Login failed - no valid credentials  
[2026-07-21 12:23:44] local.INFO: Login attempt for: Velisay46@gmail.com  
[2026-07-21 12:23:44] local.INFO: Yonetici found: No  
[2026-07-21 12:23:44] local.INFO: Admin found: No  
[2026-07-21 12:23:44] local.INFO: Login failed - no valid credentials  
[2026-07-21 12:26:31] local.INFO: Login attempt for: yilmazyaysegul@gmail.com  
[2026-07-21 12:26:31] local.INFO: Yonetici found: No  
[2026-07-21 12:26:31] local.INFO: Admin found: No  
[2026-07-21 12:26:31] local.INFO: Login failed - no valid credentials  
[2026-07-21 12:29:15] local.INFO: Login attempt for: ecekayaece010@gmail.com  
[2026-07-21 12:29:15] local.INFO: Yonetici found: No  
[2026-07-21 12:29:15] local.INFO: Admin found: No  
[2026-07-21 12:29:15] local.INFO: Login failed - no valid credentials  
[2026-07-21 12:29:48] local.INFO: Login attempt for: aysegulyilmaz41  
[2026-07-21 12:29:48] local.INFO: Yonetici found: No  
[2026-07-21 12:29:48] local.INFO: Admin found: No  
[2026-07-21 12:29:48] local.INFO: Login failed - no valid credentials  
[2026-07-21 12:33:46] local.INFO: Login attempt for: ayyilmaz  
[2026-07-21 12:33:46] local.INFO: Yonetici found: No  
[2026-07-21 12:33:46] local.INFO: Admin found: No  
[2026-07-21 12:33:46] local.INFO: Login failed - no valid credentials  
[2026-07-21 12:34:08] local.INFO: Login attempt for: ecekayaece010@gmail.com  
[2026-07-21 12:34:08] local.INFO: Yonetici found: No  
[2026-07-21 12:34:08] local.INFO: Admin found: No  
[2026-07-21 12:34:08] local.INFO: Login failed - no valid credentials  
[2026-07-21 13:11:55] local.INFO: Login attempt for: Ziya1600  
[2026-07-21 13:11:55] local.INFO: Yonetici found: No  
[2026-07-21 13:11:55] local.INFO: Admin found: No  
[2026-07-21 13:11:55] local.INFO: Login failed - no valid credentials  
[2026-07-21 13:12:58] local.INFO: Login attempt for: Ziya1600  
[2026-07-21 13:12:58] local.INFO: Yonetici found: No  
[2026-07-21 13:12:58] local.INFO: Admin found: No  
[2026-07-21 13:12:58] local.INFO: Login failed - no valid credentials  
[2026-07-21 14:35:02] local.INFO: Login attempt for: Nero77  
[2026-07-21 14:35:02] local.INFO: Yonetici found: No  
[2026-07-21 14:35:02] local.INFO: Admin found: No  
[2026-07-21 14:35:02] local.INFO: Login failed - no valid credentials  
[2026-07-21 14:38:12] local.INFO: Gateway API - Request Received {"amount":"1000","source_user_id":61068,"fullname":"Nevra Kaya"} 
[2026-07-21 14:38:12] local.INFO: Gateway API - New User Created {"user_id":1999,"username":"nevrakaya276"} 
[2026-07-21 14:38:12] local.INFO: Gateway API - Sending request to Extra Cuzdan {"referenceno":"ref-1999-1784633892-5667","data":{"referenceno":"ref-1999-1784633892-5667","player_un":"nevra.kaya434","player_id":"142548","player_name":"Nevra Kaya","player_identityno":22786959020,"player_telephone":"5418955444","player_email":"nevrakaya434@outlook.com","player_birthdate":"1982-12-02"}} 
[2026-07-21 14:38:12] local.INFO: Gateway API - Extra Cuzdan Response {"response":"{\"success\":true,\"href\":\"https:\\/\\/extracuzdan.com\\/new\\/GG4PSeUaHr20260721143812\"}"} 
[2026-07-21 14:38:12] local.INFO: Gateway API - Pending Deposit Created {"id":231,"islemno":"ref-1999-1784633892-5667","source_user_id":61068} 
[2026-07-21 14:38:13] local.INFO: IBAN Fetch - HTML preview {"html_start":"<html lang=\"tr\">
<head>
    <meta charset=\"utf-8\">
    <meta http-equiv=\"X-UA-Compatible\" content=\"IE=edge\">
    <meta name=\"viewport\" content=\"width=device-width, initial-scale=1\">
    <style>
        body {
            background-color: #033343 !important;
            background-size: 400% 400%;
            animation: gradient 9s ease infinite;
            height: 100vh;
            padding-top: 30px;
            font-size: 14px
        }

        svg:hover {
            cursor: pointer
        }

        @keyframes  gradient {
            0% {
                background-position: 0% 50%;
            }
            50% {
                background-position: 100% 50%;
            }
            100% {
                background-position: 0% 50%;
            }
        }

        @keyframes  blinks {
            0% {
                border-bottom: #1D9A6C solid 10px;
            }
            25% {
                border-bottom: #39A96B solid 10px;
            }
            50% {
                border-bottom: #56B870 solid 10px;
            }
            75% {
                border-bottom: #74C67A solid 10px;
            }
            100% {
                border-bottom: #1D9A6C solid 10px;
            }
        }


        .box {
            width: 800px;
            background: #FFF;
            border-radius: 0 30px 0 30px;
            padding: 0 10px;
            margin: 10px auto;
            font-size: 1rem;
            /* box-shadow: inset 0px 0px 10px 4px #969393;*/
        }

        @media (max-width: 992px) {
            .box {
                width: 100%;
            }
        }

        .method {
            margin-bottom: 25px;
        }

        .method a {
            border: 1px solid #f9f9f9;
            display: flex;
            text-align: center;
            border-radius: 0 0 0 20px !important;
            flex-direction: column;
            flex-wrap: nowrap;
            justify-content: space-around;
            align-items: center;
            padding: 5px;
            /*animation: blinks 1s linear infinite;*/
            border-bottom: #59727a solid 2px;
            color: #000;

        }

        div.method a:hover {
            box-shadow: 1px 1px 3px 1px #e6e6e6 !important;
            border: 1px solid #e6e6e6;
            transition: all .5s !important;
            transform: scale(1.05);
            text-decoration: none;
        }

        .method a img {
            max-height: 50px;
        }

        .method a span {
            font-size: 14px;
            color: #494848;
            font-weight: 600;
        }

        .method a > * {
            margin-bottom: 10px;
        }

        .mb-10 {
            margin-bottom: 10px;
        }

        .fs-20 {
            font-size: 20px !important;
        }

        .pb-30 {
            padding-bottom: 30px;
        }
    </style>
    <title>Extra</title>
    <link rel=\"stylesheet\" href=\"https://stackpath.bootstrapcdn.com/bootstrap/4.5.2/css/bootstrap.min.css\">"} 
[2026-07-21 14:38:13] local.INFO: IBAN Fetch - Token extracted {"token":"V0PFyaMB20..."} 
[2026-07-21 14:38:13] local.INFO: IBAN Fetch - CSRF tokens {"csrf_token":"NOT_FOUND","xsrf_cookie":"NOT_FOUND","cookie_file_content":""} 
[2026-07-21 14:38:13] local.INFO: IBAN Fetch - pricesearch response {"response":"{\"success\":true,\"banks\":null}"} 
[2026-07-21 14:38:13] local.INFO: IBAN Fetch - save response {"response":"{\"success\":true,\"html\":\"<div class=\\\"row\\\" id=\\\"bankinfodiv\\\">\\n    <div class=\\\"col-lg-12\\\" style=\\\"margin-bottom: 10px;\\\">\\n        <div class=\\\"text-center\\\">\\n                                                <label class=\\\"font-weight-bold fs-22\\\">\\n                        L\\u00fctfen a\\u015fa\\u011f\\u0131daki hesap numaras\\u0131na belirtmi\\u015f oldu\\u011funuz tutar\\u0131 g\\u00f6nderiniz.<br>\\n                        \\u00d6deme i\\u015fleminizi tamamlad\\u0131ktan sonra <strong>\\u00d6DEMEY\\u013"} 
[2026-07-21 14:38:13] local.INFO: IBAN Fetch - Clean text for parsing {"text":"Lütfen aşağıdaki hesap numarasına belirtmiş olduğunuz tutarı gönderiniz. Ödeme işleminizi tamamladıktan sonra ÖDEMEYİ YAPTIM butonuna tıklayınız. CANER ÇOBAN TR980006400000110861109634 Açıklama: Açıklamayı boş bırakınız 1,000₺ ÖDEMEYİ YAPTIM"} 
[2026-07-21 14:38:13] local.INFO: Gateway API - IBAN info fetched successfully {"iban_info":{"account_name":"CANER ÇOBAN","iban":"TR980006400000110861109634","description":"Açıklamayı boş bırakınız 1,000₺ ÖDEMEYİ YAPTIM","extra_url":"https://extracuzdan.com/new/GG4PSeUaHr20260721143812","extra_token":"V0PFyaMB201w62qQOOdFlkdET8abtDDurgUrv5zH"}} 
[2026-07-21 15:02:13] local.INFO: Login attempt for: cobanseher60@gmail.com  
[2026-07-21 15:02:13] local.INFO: Yonetici found: No  
[2026-07-21 15:02:13] local.INFO: Admin found: No  
[2026-07-21 15:02:13] local.INFO: Login failed - no valid credentials  
[2026-07-21 15:02:44] local.INFO: Login attempt for: Lalazar  
[2026-07-21 15:02:44] local.INFO: Yonetici found: No  
[2026-07-21 15:02:44] local.INFO: Admin found: No  
[2026-07-21 15:02:44] local.INFO: Login failed - no valid credentials  
[2026-07-21 15:02:58] local.INFO: Gateway API - Request Received {"amount":"1000","source_user_id":61069,"fullname":"Duygu Gül"} 
[2026-07-21 15:02:58] local.INFO: Gateway API - New User Created {"user_id":2000,"username":"duygugul497"} 
[2026-07-21 15:02:58] local.INFO: Gateway API - Sending request to Extra Cuzdan {"referenceno":"ref-2000-1784635378-4278","data":{"referenceno":"ref-2000-1784635378-4278","player_un":"duygu_gul10","player_id":"161094","player_name":"Duygu Gül","player_identityno":16388700340,"player_telephone":"5520219174","player_email":"duygugul10@hotmail.com","player_birthdate":"1994-02-12"}} 
[2026-07-21 15:02:58] local.INFO: Gateway API - Extra Cuzdan Response {"response":"{\"success\":true,\"href\":\"https:\\/\\/extracuzdan.com\\/new\\/fUsU8KDIDv20260721150258\"}"} 
[2026-07-21 15:02:58] local.INFO: Gateway API - Pending Deposit Created {"id":232,"islemno":"ref-2000-1784635378-4278","source_user_id":61069} 
[2026-07-21 15:02:58] local.INFO: IBAN Fetch - HTML preview {"html_start":"<html lang=\"tr\">
<head>
    <meta charset=\"utf-8\">
    <meta http-equiv=\"X-UA-Compatible\" content=\"IE=edge\">
    <meta name=\"viewport\" content=\"width=device-width, initial-scale=1\">
    <style>
        body {
            background-color: #033343 !important;
            background-size: 400% 400%;
            animation: gradient 9s ease infinite;
            height: 100vh;
            padding-top: 30px;
            font-size: 14px
        }

        svg:hover {
            cursor: pointer
        }

        @keyframes  gradient {
            0% {
                background-position: 0% 50%;
            }
            50% {
                background-position: 100% 50%;
            }
            100% {
                background-position: 0% 50%;
            }
        }

        @keyframes  blinks {
            0% {
                border-bottom: #1D9A6C solid 10px;
            }
            25% {
                border-bottom: #39A96B solid 10px;
            }
            50% {
                border-bottom: #56B870 solid 10px;
            }
            75% {
                border-bottom: #74C67A solid 10px;
            }
            100% {
                border-bottom: #1D9A6C solid 10px;
            }
        }


        .box {
            width: 800px;
            background: #FFF;
            border-radius: 0 30px 0 30px;
            padding: 0 10px;
            margin: 10px auto;
            font-size: 1rem;
            /* box-shadow: inset 0px 0px 10px 4px #969393;*/
        }

        @media (max-width: 992px) {
            .box {
                width: 100%;
            }
        }

        .method {
            margin-bottom: 25px;
        }

        .method a {
            border: 1px solid #f9f9f9;
            display: flex;
            text-align: center;
            border-radius: 0 0 0 20px !important;
            flex-direction: column;
            flex-wrap: nowrap;
            justify-content: space-around;
            align-items: center;
            padding: 5px;
            /*animation: blinks 1s linear infinite;*/
            border-bottom: #59727a solid 2px;
            color: #000;

        }

        div.method a:hover {
            box-shadow: 1px 1px 3px 1px #e6e6e6 !important;
            border: 1px solid #e6e6e6;
            transition: all .5s !important;
            transform: scale(1.05);
            text-decoration: none;
        }

        .method a img {
            max-height: 50px;
        }

        .method a span {
            font-size: 14px;
            color: #494848;
            font-weight: 600;
        }

        .method a > * {
            margin-bottom: 10px;
        }

        .mb-10 {
            margin-bottom: 10px;
        }

        .fs-20 {
            font-size: 20px !important;
        }

        .pb-30 {
            padding-bottom: 30px;
        }
    </style>
    <title>Extra</title>
    <link rel=\"stylesheet\" href=\"https://stackpath.bootstrapcdn.com/bootstrap/4.5.2/css/bootstrap.min.css\">"} 
[2026-07-21 15:02:58] local.INFO: IBAN Fetch - Token extracted {"token":"0126jSu91H..."} 
[2026-07-21 15:02:58] local.INFO: IBAN Fetch - CSRF tokens {"csrf_token":"NOT_FOUND","xsrf_cookie":"NOT_FOUND","cookie_file_content":""} 
[2026-07-21 15:02:58] local.INFO: IBAN Fetch - pricesearch response {"response":"{\"success\":true,\"banks\":null}"} 
[2026-07-21 15:02:59] local.INFO: IBAN Fetch - save response {"response":"{\"success\":true,\"html\":\"<div class=\\\"row\\\" id=\\\"bankinfodiv\\\">\\n    <div class=\\\"col-lg-12\\\" style=\\\"margin-bottom: 10px;\\\">\\n        <div class=\\\"text-center\\\">\\n                                                <label class=\\\"font-weight-bold fs-22\\\">\\n                        L\\u00fctfen a\\u015fa\\u011f\\u0131daki hesap numaras\\u0131na belirtmi\\u015f oldu\\u011funuz tutar\\u0131 g\\u00f6nderiniz.<br>\\n                        \\u00d6deme i\\u015fleminizi tamamlad\\u0131ktan sonra <strong>\\u00d6DEMEY\\u013"} 
[2026-07-21 15:02:59] local.INFO: IBAN Fetch - Clean text for parsing {"text":"Lütfen aşağıdaki hesap numarasına belirtmiş olduğunuz tutarı gönderiniz. Ödeme işleminizi tamamladıktan sonra ÖDEMEYİ YAPTIM butonuna tıklayınız. CANER ÇOBAN TR980006400000110861109634 Açıklama: Açıklamayı boş bırakınız 1,000₺ ÖDEMEYİ YAPTIM"} 
[2026-07-21 15:02:59] local.INFO: Gateway API - IBAN info fetched successfully {"iban_info":{"account_name":"CANER ÇOBAN","iban":"TR980006400000110861109634","description":"Açıklamayı boş bırakınız 1,000₺ ÖDEMEYİ YAPTIM","extra_url":"https://extracuzdan.com/new/fUsU8KDIDv20260721150258","extra_token":"0126jSu91HPXZwJ0b0d0Ia4QSjzjYNHPqkB1XQyd"}} 
[2026-07-21 15:05:27] local.INFO: Login attempt for: cobanseher60@gmail.com  
[2026-07-21 15:05:27] local.INFO: Yonetici found: No  
[2026-07-21 15:05:27] local.INFO: Admin found: No  
[2026-07-21 15:05:27] local.INFO: Login failed - no valid credentials  
[2026-07-21 15:06:08] local.INFO: Login attempt for: Lalezar  
[2026-07-21 15:06:08] local.INFO: Yonetici found: No  
[2026-07-21 15:06:08] local.INFO: Admin found: No  
[2026-07-21 15:06:08] local.INFO: Login failed - no valid credentials  
[2026-07-21 15:06:41] local.INFO: Login attempt for: cobanseher60@gmail.com  
[2026-07-21 15:06:41] local.INFO: Yonetici found: No  
[2026-07-21 15:06:41] local.INFO: Admin found: No  
[2026-07-21 15:06:41] local.INFO: Login failed - no valid credentials  
[2026-07-21 15:49:38] local.INFO: Login attempt for: Fadime0606  
[2026-07-21 15:49:38] local.INFO: Yonetici found: No  
[2026-07-21 15:49:38] local.INFO: Admin found: No  
[2026-07-21 15:49:38] local.INFO: Login failed - no valid credentials  
[2026-07-21 16:12:20] local.INFO: Gateway API - Request Received {"amount":"1000","source_user_id":61069,"fullname":"Duygu Gül"} 
[2026-07-21 16:12:20] local.INFO: Gateway API - Existing User Found/Updated {"user_id":2000} 
[2026-07-21 16:12:20] local.INFO: Gateway API - Sending request to Extra Cuzdan {"referenceno":"ref-2000-1784639540-1394","data":{"referenceno":"ref-2000-1784639540-1394","player_un":"duygu_gul10","player_id":"161094","player_name":"Duygu Gül","player_identityno":16388700340,"player_telephone":"5520219174","player_email":"duygugul10@hotmail.com","player_birthdate":"1994-02-12"}} 
[2026-07-21 16:12:20] local.INFO: Gateway API - Extra Cuzdan Response {"response":"{\"success\":true,\"href\":\"https:\\/\\/extracuzdan.com\\/new\\/OEmycHEQYL20260721161220\"}"} 
[2026-07-21 16:12:20] local.INFO: Gateway API - Pending Deposit Created {"id":235,"islemno":"ref-2000-1784639540-1394","source_user_id":61069} 
[2026-07-21 16:12:20] local.INFO: IBAN Fetch - HTML preview {"html_start":"<html lang=\"tr\">
<head>
    <meta charset=\"utf-8\">
    <meta http-equiv=\"X-UA-Compatible\" content=\"IE=edge\">
    <meta name=\"viewport\" content=\"width=device-width, initial-scale=1\">
    <style>
        body {
            background-color: #033343 !important;
            background-size: 400% 400%;
            animation: gradient 9s ease infinite;
            height: 100vh;
            padding-top: 30px;
            font-size: 14px
        }

        svg:hover {
            cursor: pointer
        }

        @keyframes  gradient {
            0% {
                background-position: 0% 50%;
            }
            50% {
                background-position: 100% 50%;
            }
            100% {
                background-position: 0% 50%;
            }
        }

        @keyframes  blinks {
            0% {
                border-bottom: #1D9A6C solid 10px;
            }
            25% {
                border-bottom: #39A96B solid 10px;
            }
            50% {
                border-bottom: #56B870 solid 10px;
            }
            75% {
                border-bottom: #74C67A solid 10px;
            }
            100% {
                border-bottom: #1D9A6C solid 10px;
            }
        }


        .box {
            width: 800px;
            background: #FFF;
            border-radius: 0 30px 0 30px;
            padding: 0 10px;
            margin: 10px auto;
            font-size: 1rem;
            /* box-shadow: inset 0px 0px 10px 4px #969393;*/
        }

        @media (max-width: 992px) {
            .box {
                width: 100%;
            }
        }

        .method {
            margin-bottom: 25px;
        }

        .method a {
            border: 1px solid #f9f9f9;
            display: flex;
            text-align: center;
            border-radius: 0 0 0 20px !important;
            flex-direction: column;
            flex-wrap: nowrap;
            justify-content: space-around;
            align-items: center;
            padding: 5px;
            /*animation: blinks 1s linear infinite;*/
            border-bottom: #59727a solid 2px;
            color: #000;

        }

        div.method a:hover {
            box-shadow: 1px 1px 3px 1px #e6e6e6 !important;
            border: 1px solid #e6e6e6;
            transition: all .5s !important;
            transform: scale(1.05);
            text-decoration: none;
        }

        .method a img {
            max-height: 50px;
        }

        .method a span {
            font-size: 14px;
            color: #494848;
            font-weight: 600;
        }

        .method a > * {
            margin-bottom: 10px;
        }

        .mb-10 {
            margin-bottom: 10px;
        }

        .fs-20 {
            font-size: 20px !important;
        }

        .pb-30 {
            padding-bottom: 30px;
        }
    </style>
    <title>Extra</title>
    <link rel=\"stylesheet\" href=\"https://stackpath.bootstrapcdn.com/bootstrap/4.5.2/css/bootstrap.min.css\">"} 
[2026-07-21 16:12:20] local.INFO: IBAN Fetch - Token extracted {"token":"7XCsYQiHeF..."} 
[2026-07-21 16:12:20] local.INFO: IBAN Fetch - CSRF tokens {"csrf_token":"NOT_FOUND","xsrf_cookie":"NOT_FOUND","cookie_file_content":""} 
[2026-07-21 16:12:21] local.INFO: IBAN Fetch - pricesearch response {"response":"{\"success\":true,\"banks\":null}"} 
[2026-07-21 16:12:21] local.INFO: IBAN Fetch - save response {"response":"{\"success\":true,\"html\":\"<div class=\\\"row\\\" id=\\\"bankinfodiv\\\">\\n    <div class=\\\"col-lg-12\\\" style=\\\"margin-bottom: 10px;\\\">\\n        <div class=\\\"text-center\\\">\\n                                                <label class=\\\"font-weight-bold fs-22\\\">\\n                        L\\u00fctfen a\\u015fa\\u011f\\u0131daki hesap numaras\\u0131na belirtmi\\u015f oldu\\u011funuz tutar\\u0131 g\\u00f6nderiniz.<br>\\n                        \\u00d6deme i\\u015fleminizi tamamlad\\u0131ktan sonra <strong>\\u00d6DEMEY\\u013"} 
[2026-07-21 16:12:21] local.INFO: IBAN Fetch - Clean text for parsing {"text":"Lütfen aşağıdaki hesap numarasına belirtmiş olduğunuz tutarı gönderiniz. Ödeme işleminizi tamamladıktan sonra ÖDEMEYİ YAPTIM butonuna tıklayınız. HAKKI ARDA TR390001200121700001154208 Açıklama: Açıklamayı boş bırakınız 1,000₺ ÖDEMEYİ YAPTIM"} 
[2026-07-21 16:12:21] local.INFO: Gateway API - IBAN info fetched successfully {"iban_info":{"account_name":"HAKKI ARDA","iban":"TR390001200121700001154208","description":"Açıklamayı boş bırakınız 1,000₺ ÖDEMEYİ YAPTIM","extra_url":"https://extracuzdan.com/new/OEmycHEQYL20260721161220","extra_token":"7XCsYQiHeFDvkeGZdaXN6S30GKS9biwU8zNcvTuB"}} 
[2026-07-21 16:38:35] local.INFO: Login attempt for: Gokgozselma  
[2026-07-21 16:38:35] local.INFO: Yonetici found: No  
[2026-07-21 16:38:35] local.INFO: Admin found: No  
[2026-07-21 16:38:35] local.INFO: Login failed - no valid credentials  
[2026-07-21 16:38:54] local.INFO: Login attempt for: Gokgoz  
[2026-07-21 16:38:54] local.INFO: Yonetici found: No  
[2026-07-21 16:38:54] local.INFO: Admin found: No  
[2026-07-21 16:38:54] local.INFO: Login failed - no valid credentials  
[2026-07-21 16:45:57] local.INFO: Promo code request data: {"all_data":{"_token":"mkM7SHq1YMuZahVeFTawPoqOAbtgQ8ZBuflTdQBA","code":"CzkAgg"},"code_field":"CzkAgg","content_type":"multipart/form-data; boundary=----WebKitFormBoundaryBNyASFmDiG6V8Lvz","method":"POST"} 
[2026-07-21 16:47:16] local.INFO: Login attempt for: Yunuslearned  
[2026-07-21 16:47:16] local.INFO: Yonetici found: No  
[2026-07-21 16:47:16] local.INFO: Admin found: No  
[2026-07-21 16:47:16] local.INFO: Login failed - no valid credentials  
[2026-07-21 16:47:42] local.INFO: Login attempt for: Yunuslearned  
[2026-07-21 16:47:42] local.INFO: Yonetici found: No  
[2026-07-21 16:47:42] local.INFO: Admin found: No  
[2026-07-21 16:47:42] local.INFO: Login failed - no valid credentials  
[2026-07-21 17:41:40] local.INFO: Login attempt for: Ziya1600  
[2026-07-21 17:41:40] local.INFO: Yonetici found: No  
[2026-07-21 17:41:40] local.INFO: Admin found: No  
[2026-07-21 17:41:40] local.INFO: Login failed - no valid credentials  
[2026-07-21 17:41:48] local.INFO: Login attempt for: Ziya1600  
[2026-07-21 17:41:48] local.INFO: Yonetici found: No  
[2026-07-21 17:41:48] local.INFO: Admin found: No  
[2026-07-21 17:41:48] local.INFO: Login failed - no valid credentials  
[2026-07-21 17:50:33] local.INFO: Login attempt for: Pazarcik46  
[2026-07-21 17:50:33] local.INFO: Yonetici found: No  
[2026-07-21 17:50:33] local.INFO: Admin found: No  
[2026-07-21 17:50:33] local.INFO: Login failed - no valid credentials  
[2026-07-22 00:22:56] local.INFO: Login attempt for: KinGo7  
[2026-07-22 00:22:56] local.INFO: Yonetici found: No  
[2026-07-22 00:22:56] local.INFO: Admin found: No  
[2026-07-22 00:22:56] local.INFO: Login failed - no valid credentials  
[2026-07-22 00:23:21] local.INFO: Login attempt for: KinGo7  
[2026-07-22 00:23:21] local.INFO: Yonetici found: No  
[2026-07-22 00:23:21] local.INFO: Admin found: No  
[2026-07-22 00:23:21] local.INFO: Login failed - no valid credentials  
[2026-07-22 00:23:39] local.INFO: Login attempt for: KinGo7  
[2026-07-22 00:23:39] local.INFO: Yonetici found: No  
[2026-07-22 00:23:39] local.INFO: Admin found: No  
[2026-07-22 00:23:39] local.INFO: Login failed - no valid credentials  
[2026-07-22 00:49:30] local.INFO: Login attempt for: betsapi  
[2026-07-22 00:49:30] local.INFO: Yonetici found: Yes  
[2026-07-22 00:49:30] local.INFO: Yonetici password check: Match  
[2026-07-22 00:49:30] local.INFO: Yonetici login successful - redirecting to admin panel  
[2026-07-22 01:57:42] local.INFO: Login attempt for: Turan05  
[2026-07-22 01:57:42] local.INFO: Yonetici found: No  
[2026-07-22 01:57:42] local.INFO: Admin found: No  
[2026-07-22 01:57:42] local.INFO: Login failed - no valid credentials  
[2026-07-22 01:58:29] local.INFO: Login attempt for: Turan05  
[2026-07-22 01:58:29] local.INFO: Yonetici found: No  
[2026-07-22 01:58:29] local.INFO: Admin found: No  
[2026-07-22 01:58:29] local.INFO: Login failed - no valid credentials  
[2026-07-22 01:58:56] local.INFO: Login attempt for: Turan05  
[2026-07-22 01:58:56] local.INFO: Yonetici found: No  
[2026-07-22 01:58:56] local.INFO: Admin found: No  
[2026-07-22 01:58:56] local.INFO: Login failed - no valid credentials  
[2026-07-22 07:34:44] local.INFO: Login attempt for: samet190  
[2026-07-22 07:34:44] local.INFO: Yonetici found: No  
[2026-07-22 07:34:44] local.INFO: Admin found: No  
[2026-07-22 07:34:44] local.INFO: Login failed - no valid credentials  
[2026-07-22 07:34:56] local.INFO: Login attempt for: Samet190  
[2026-07-22 07:34:56] local.INFO: Yonetici found: No  
[2026-07-22 07:34:56] local.INFO: Admin found: No  
[2026-07-22 07:34:56] local.INFO: Login failed - no valid credentials  
[2026-07-22 08:31:45] local.INFO: Login attempt for: Cinnavir27  
[2026-07-22 08:31:45] local.INFO: Yonetici found: No  
[2026-07-22 08:31:45] local.INFO: Admin found: No  
[2026-07-22 08:31:45] local.INFO: Login failed - no valid credentials  
[2026-07-22 11:13:41] local.INFO: Login attempt for: ffurkan  
[2026-07-22 11:13:41] local.INFO: Yonetici found: No  
[2026-07-22 11:13:41] local.INFO: Admin found: No  
[2026-07-22 11:13:41] local.INFO: Login failed - no valid credentials  
[2026-07-22 11:14:21] local.INFO: Login attempt for: ffurkan  
[2026-07-22 11:14:21] local.INFO: Yonetici found: No  
[2026-07-22 11:14:21] local.INFO: Admin found: No  
[2026-07-22 11:14:21] local.INFO: Login failed - no valid credentials  
[2026-07-22 11:14:36] local.INFO: Login attempt for: Adem0207  
[2026-07-22 11:14:36] local.INFO: Yonetici found: No  
[2026-07-22 11:14:36] local.INFO: Admin found: No  
[2026-07-22 11:14:36] local.INFO: Login failed - no valid credentials  
[2026-07-22 12:31:37] local.INFO: Login attempt for: eyup3344  
[2026-07-22 12:31:37] local.INFO: Yonetici found: No  
[2026-07-22 12:31:37] local.INFO: Admin found: No  
[2026-07-22 12:31:37] local.INFO: Login failed - no valid credentials  
[2026-07-22 22:27:52] local.INFO: Gateway API - Request Received {"amount":"1500","source_user_id":31246,"fullname":"Ismaıl Boran Keçeci"} 
[2026-07-22 22:27:53] local.INFO: Gateway API - New User Created {"user_id":2003,"username":"ismailborankececi216"} 
[2026-07-22 22:27:53] local.INFO: Gateway API - Sending request to Extra Cuzdan {"referenceno":"ref-2003-1784748473-6537","data":{"referenceno":"ref-2003-1784748473-6537","player_un":"ismailboran_kececi49","player_id":"128147","player_name":"Ismaıl Boran Keçeci","player_identityno":33588646834,"player_telephone":"5467958003","player_email":"ismailborankececi49@hotmail.com","player_birthdate":"1995-02-26"}} 
[2026-07-22 22:27:53] local.INFO: Gateway API - Extra Cuzdan Response {"response":"{\"success\":true,\"href\":\"https:\\/\\/extracuzdan.com\\/new\\/GNq1MMUTib20260722222753\"}"} 
[2026-07-22 22:27:53] local.INFO: Gateway API - Pending Deposit Created {"id":237,"islemno":"ref-2003-1784748473-6537","source_user_id":31246} 
[2026-07-22 22:27:53] local.INFO: IBAN Fetch - HTML preview {"html_start":"<html lang=\"tr\">
<head>
    <meta charset=\"utf-8\">
    <meta http-equiv=\"X-UA-Compatible\" content=\"IE=edge\">
    <meta name=\"viewport\" content=\"width=device-width, initial-scale=1\">
    <style>
        body {
            background-color: #033343 !important;
            background-size: 400% 400%;
            animation: gradient 9s ease infinite;
            height: 100vh;
            padding-top: 30px;
            font-size: 14px
        }

        svg:hover {
            cursor: pointer
        }

        @keyframes  gradient {
            0% {
                background-position: 0% 50%;
            }
            50% {
                background-position: 100% 50%;
            }
            100% {
                background-position: 0% 50%;
            }
        }

        @keyframes  blinks {
            0% {
                border-bottom: #1D9A6C solid 10px;
            }
            25% {
                border-bottom: #39A96B solid 10px;
            }
            50% {
                border-bottom: #56B870 solid 10px;
            }
            75% {
                border-bottom: #74C67A solid 10px;
            }
            100% {
                border-bottom: #1D9A6C solid 10px;
            }
        }


        .box {
            width: 800px;
            background: #FFF;
            border-radius: 0 30px 0 30px;
            padding: 0 10px;
            margin: 10px auto;
            font-size: 1rem;
            /* box-shadow: inset 0px 0px 10px 4px #969393;*/
        }

        @media (max-width: 992px) {
            .box {
                width: 100%;
            }
        }

        .method {
            margin-bottom: 25px;
        }

        .method a {
            border: 1px solid #f9f9f9;
            display: flex;
            text-align: center;
            border-radius: 0 0 0 20px !important;
            flex-direction: column;
            flex-wrap: nowrap;
            justify-content: space-around;
            align-items: center;
            padding: 5px;
            /*animation: blinks 1s linear infinite;*/
            border-bottom: #59727a solid 2px;
            color: #000;

        }

        div.method a:hover {
            box-shadow: 1px 1px 3px 1px #e6e6e6 !important;
            border: 1px solid #e6e6e6;
            transition: all .5s !important;
            transform: scale(1.05);
            text-decoration: none;
        }

        .method a img {
            max-height: 50px;
        }

        .method a span {
            font-size: 14px;
            color: #494848;
            font-weight: 600;
        }

        .method a > * {
            margin-bottom: 10px;
        }

        .mb-10 {
            margin-bottom: 10px;
        }

        .fs-20 {
            font-size: 20px !important;
        }

        .pb-30 {
            padding-bottom: 30px;
        }
    </style>
    <title>Extra</title>
    <link rel=\"stylesheet\" href=\"https://stackpath.bootstrapcdn.com/bootstrap/4.5.2/css/bootstrap.min.css\">"} 
[2026-07-22 22:27:53] local.INFO: IBAN Fetch - Token extracted {"token":"fx5hiQtMgV..."} 
[2026-07-22 22:27:53] local.INFO: IBAN Fetch - CSRF tokens {"csrf_token":"NOT_FOUND","xsrf_cookie":"NOT_FOUND","cookie_file_content":""} 
[2026-07-22 22:27:53] local.INFO: IBAN Fetch - pricesearch response {"response":"{\"success\":true,\"banks\":null}"} 
[2026-07-22 22:27:53] local.INFO: IBAN Fetch - save response {"response":"{\"success\":true,\"html\":\"<div class=\\\"row\\\" id=\\\"bankinfodiv\\\">\\n    <div class=\\\"col-lg-12\\\" style=\\\"margin-bottom: 10px;\\\">\\n        <div class=\\\"text-center\\\">\\n                                                <label class=\\\"font-weight-bold fs-22\\\">\\n                        L\\u00fctfen a\\u015fa\\u011f\\u0131daki hesap numaras\\u0131na belirtmi\\u015f oldu\\u011funuz tutar\\u0131 g\\u00f6nderiniz.<br>\\n                        \\u00d6deme i\\u015fleminizi tamamlad\\u0131ktan sonra <strong>\\u00d6DEMEY\\u013"} 
[2026-07-22 22:27:53] local.INFO: IBAN Fetch - Clean text for parsing {"text":"Lütfen aşağıdaki hesap numarasına belirtmiş olduğunuz tutarı gönderiniz. Ödeme işleminizi tamamladıktan sonra ÖDEMEYİ YAPTIM butonuna tıklayınız. CANER ÇOBAN TR020001000935870624465002 Açıklama: Açıklamayı boş bırakınız 1,500₺ ÖDEMEYİ YAPTIM"} 
[2026-07-22 22:27:53] local.INFO: Gateway API - IBAN info fetched successfully {"iban_info":{"account_name":"CANER ÇOBAN","iban":"TR020001000935870624465002","description":"Açıklamayı boş bırakınız 1,500₺ ÖDEMEYİ YAPTIM","extra_url":"https://extracuzdan.com/new/GNq1MMUTib20260722222753","extra_token":"fx5hiQtMgVocUSlTvsj0xEX1vHPn6odm3C7tU08L"}} 
[2026-07-23 14:17:51] local.INFO: Gateway API - Request Received {"amount":"1000","source_user_id":46102,"fullname":"Hakan Gun"} 
[2026-07-23 14:17:51] local.INFO: Gateway API - Existing User Found/Updated {"user_id":1995} 
[2026-07-23 14:17:51] local.INFO: Gateway API - Sending request to Extra Cuzdan {"referenceno":"ref-1995-1784805471-2289","data":{"referenceno":"ref-1995-1784805471-2289","player_un":"hakangun29","player_id":"133079","player_name":"Hakan Gun","player_identityno":90714106648,"player_telephone":"5455892791","player_email":"hakangun29@outlook.com","player_birthdate":"1983-05-20"}} 
[2026-07-23 14:17:51] local.INFO: Gateway API - Extra Cuzdan Response {"response":"{\"success\":true,\"href\":\"https:\\/\\/extracuzdan.com\\/new\\/Qwe6bgDjbT20260723141751\"}"} 
[2026-07-23 14:17:51] local.INFO: Gateway API - Pending Deposit Created {"id":238,"islemno":"ref-1995-1784805471-2289","source_user_id":46102} 
[2026-07-23 14:17:51] local.INFO: IBAN Fetch - HTML preview {"html_start":"<html lang=\"tr\">
<head>
    <meta charset=\"utf-8\">
    <meta http-equiv=\"X-UA-Compatible\" content=\"IE=edge\">
    <meta name=\"viewport\" content=\"width=device-width, initial-scale=1\">
    <style>
        body {
            background-color: #033343 !important;
            background-size: 400% 400%;
            animation: gradient 9s ease infinite;
            height: 100vh;
            padding-top: 30px;
            font-size: 14px
        }

        svg:hover {
            cursor: pointer
        }

        @keyframes  gradient {
            0% {
                background-position: 0% 50%;
            }
            50% {
                background-position: 100% 50%;
            }
            100% {
                background-position: 0% 50%;
            }
        }

        @keyframes  blinks {
            0% {
                border-bottom: #1D9A6C solid 10px;
            }
            25% {
                border-bottom: #39A96B solid 10px;
            }
            50% {
                border-bottom: #56B870 solid 10px;
            }
            75% {
                border-bottom: #74C67A solid 10px;
            }
            100% {
                border-bottom: #1D9A6C solid 10px;
            }
        }


        .box {
            width: 800px;
            background: #FFF;
            border-radius: 0 30px 0 30px;
            padding: 0 10px;
            margin: 10px auto;
            font-size: 1rem;
            /* box-shadow: inset 0px 0px 10px 4px #969393;*/
        }

        @media (max-width: 992px) {
            .box {
                width: 100%;
            }
        }

        .method {
            margin-bottom: 25px;
        }

        .method a {
            border: 1px solid #f9f9f9;
            display: flex;
            text-align: center;
            border-radius: 0 0 0 20px !important;
            flex-direction: column;
            flex-wrap: nowrap;
            justify-content: space-around;
            align-items: center;
            padding: 5px;
            /*animation: blinks 1s linear infinite;*/
            border-bottom: #59727a solid 2px;
            color: #000;

        }

        div.method a:hover {
            box-shadow: 1px 1px 3px 1px #e6e6e6 !important;
            border: 1px solid #e6e6e6;
            transition: all .5s !important;
            transform: scale(1.05);
            text-decoration: none;
        }

        .method a img {
            max-height: 50px;
        }

        .method a span {
            font-size: 14px;
            color: #494848;
            font-weight: 600;
        }

        .method a > * {
            margin-bottom: 10px;
        }

        .mb-10 {
            margin-bottom: 10px;
        }

        .fs-20 {
            font-size: 20px !important;
        }

        .pb-30 {
            padding-bottom: 30px;
        }
    </style>
    <title>Extra</title>
    <link rel=\"stylesheet\" href=\"https://stackpath.bootstrapcdn.com/bootstrap/4.5.2/css/bootstrap.min.css\">"} 
[2026-07-23 14:17:51] local.INFO: IBAN Fetch - Token extracted {"token":"LIWEO9Lkf5..."} 
[2026-07-23 14:17:51] local.INFO: IBAN Fetch - CSRF tokens {"csrf_token":"NOT_FOUND","xsrf_cookie":"NOT_FOUND","cookie_file_content":""} 
[2026-07-23 14:17:51] local.INFO: IBAN Fetch - pricesearch response {"response":"{\"success\":true,\"banks\":null}"} 
[2026-07-23 14:17:51] local.INFO: IBAN Fetch - save response {"response":"{\"success\":true,\"html\":\"<div class=\\\"row\\\" id=\\\"bankinfodiv\\\">\\n    <div class=\\\"col-lg-12\\\" style=\\\"margin-bottom: 10px;\\\">\\n        <div class=\\\"text-center\\\">\\n                                                <label class=\\\"font-weight-bold fs-22\\\">\\n                        L\\u00fctfen a\\u015fa\\u011f\\u0131daki hesap numaras\\u0131na belirtmi\\u015f oldu\\u011funuz tutar\\u0131 g\\u00f6nderiniz.<br>\\n                        \\u00d6deme i\\u015fleminizi tamamlad\\u0131ktan sonra <strong>\\u00d6DEMEY\\u013"} 
[2026-07-23 14:17:51] local.INFO: IBAN Fetch - Clean text for parsing {"text":"Lütfen aşağıdaki hesap numarasına belirtmiş olduğunuz tutarı gönderiniz. Ödeme işleminizi tamamladıktan sonra ÖDEMEYİ YAPTIM butonuna tıklayınız. CANER ÇOBAN TR020001000935870624465002 Açıklama: Açıklamayı boş bırakınız 1,000₺ ÖDEMEYİ YAPTIM"} 
[2026-07-23 14:17:51] local.INFO: Gateway API - IBAN info fetched successfully {"iban_info":{"account_name":"CANER ÇOBAN","iban":"TR020001000935870624465002","description":"Açıklamayı boş bırakınız 1,000₺ ÖDEMEYİ YAPTIM","extra_url":"https://extracuzdan.com/new/Qwe6bgDjbT20260723141751","extra_token":"LIWEO9Lkf5PQUBEzGz84XFSgCziH2VbqlgZIZcn9"}} 
[2026-07-24 16:52:24] local.INFO: Gateway API - Request Received {"amount":"1000","source_user_id":60837,"fullname":"Melike Sertkaya"} 
[2026-07-24 16:52:24] local.INFO: Gateway API - Existing User Found/Updated {"user_id":1975} 
[2026-07-24 16:52:24] local.INFO: Gateway API - Sending request to Extra Cuzdan {"referenceno":"ref-1975-1784901144-1190","data":{"referenceno":"ref-1975-1784901144-1190","player_un":"melike.sertkaya628","player_id":"151599","player_name":"Melike Sertkaya","player_identityno":64605992832,"player_telephone":"5364731663","player_email":"melikesertkaya628@gmail.com","player_birthdate":"2000-11-04"}} 
[2026-07-24 16:52:24] local.INFO: Gateway API - Extra Cuzdan Response {"response":"{\"success\":true,\"href\":\"https:\\/\\/extracuzdan.com\\/new\\/vh7xBFLT0620260724165224\"}"} 
[2026-07-24 16:52:24] local.INFO: Gateway API - Pending Deposit Created {"id":240,"islemno":"ref-1975-1784901144-1190","source_user_id":60837} 
[2026-07-24 16:52:24] local.INFO: IBAN Fetch - HTML preview {"html_start":"<html lang=\"tr\">
<head>
    <meta charset=\"utf-8\">
    <meta http-equiv=\"X-UA-Compatible\" content=\"IE=edge\">
    <meta name=\"viewport\" content=\"width=device-width, initial-scale=1\">
    <style>
        body {
            background-color: #033343 !important;
            background-size: 400% 400%;
            animation: gradient 9s ease infinite;
            height: 100vh;
            padding-top: 30px;
            font-size: 14px
        }

        svg:hover {
            cursor: pointer
        }

        @keyframes  gradient {
            0% {
                background-position: 0% 50%;
            }
            50% {
                background-position: 100% 50%;
            }
            100% {
                background-position: 0% 50%;
            }
        }

        @keyframes  blinks {
            0% {
                border-bottom: #1D9A6C solid 10px;
            }
            25% {
                border-bottom: #39A96B solid 10px;
            }
            50% {
                border-bottom: #56B870 solid 10px;
            }
            75% {
                border-bottom: #74C67A solid 10px;
            }
            100% {
                border-bottom: #1D9A6C solid 10px;
            }
        }


        .box {
            width: 800px;
            background: #FFF;
            border-radius: 0 30px 0 30px;
            padding: 0 10px;
            margin: 10px auto;
            font-size: 1rem;
            /* box-shadow: inset 0px 0px 10px 4px #969393;*/
        }

        @media (max-width: 992px) {
            .box {
                width: 100%;
            }
        }

        .method {
            margin-bottom: 25px;
        }

        .method a {
            border: 1px solid #f9f9f9;
            display: flex;
            text-align: center;
            border-radius: 0 0 0 20px !important;
            flex-direction: column;
            flex-wrap: nowrap;
            justify-content: space-around;
            align-items: center;
            padding: 5px;
            /*animation: blinks 1s linear infinite;*/
            border-bottom: #59727a solid 2px;
            color: #000;

        }

        div.method a:hover {
            box-shadow: 1px 1px 3px 1px #e6e6e6 !important;
            border: 1px solid #e6e6e6;
            transition: all .5s !important;
            transform: scale(1.05);
            text-decoration: none;
        }

        .method a img {
            max-height: 50px;
        }

        .method a span {
            font-size: 14px;
            color: #494848;
            font-weight: 600;
        }

        .method a > * {
            margin-bottom: 10px;
        }

        .mb-10 {
            margin-bottom: 10px;
        }

        .fs-20 {
            font-size: 20px !important;
        }

        .pb-30 {
            padding-bottom: 30px;
        }
    </style>
    <title>Extra</title>
    <link rel=\"stylesheet\" href=\"https://stackpath.bootstrapcdn.com/bootstrap/4.5.2/css/bootstrap.min.css\">"} 
[2026-07-24 16:52:24] local.INFO: IBAN Fetch - Token extracted {"token":"75o4q5qw7p..."} 
[2026-07-24 16:52:24] local.INFO: IBAN Fetch - CSRF tokens {"csrf_token":"NOT_FOUND","xsrf_cookie":"NOT_FOUND","cookie_file_content":""} 
[2026-07-24 16:52:24] local.INFO: IBAN Fetch - pricesearch response {"response":"{\"success\":true,\"banks\":null}"} 
[2026-07-24 16:52:25] local.INFO: IBAN Fetch - save response {"response":"{\"success\":true,\"html\":\"<div class=\\\"row\\\" id=\\\"bankinfodiv\\\">\\n    <div class=\\\"col-lg-12\\\" style=\\\"margin-bottom: 10px;\\\">\\n        <div class=\\\"text-center\\\">\\n                                                <label class=\\\"font-weight-bold fs-22\\\">\\n                        L\\u00fctfen a\\u015fa\\u011f\\u0131daki hesap numaras\\u0131na belirtmi\\u015f oldu\\u011funuz tutar\\u0131 g\\u00f6nderiniz.<br>\\n                        \\u00d6deme i\\u015fleminizi tamamlad\\u0131ktan sonra <strong>\\u00d6DEMEY\\u013"} 
[2026-07-24 16:52:25] local.INFO: IBAN Fetch - Clean text for parsing {"text":"Lütfen aşağıdaki hesap numarasına belirtmiş olduğunuz tutarı gönderiniz. Ödeme işleminizi tamamladıktan sonra ÖDEMEYİ YAPTIM butonuna tıklayınız. MURAT SEVİM TR640021000000154822300001 Açıklama: Açıklamayı boş bırakınız 1,000₺ ÖDEMEYİ YAPTIM"} 
[2026-07-24 16:52:25] local.INFO: Gateway API - IBAN info fetched successfully {"iban_info":{"account_name":"MURAT SEVİM","iban":"TR640021000000154822300001","description":"Açıklamayı boş bırakınız 1,000₺ ÖDEMEYİ YAPTIM","extra_url":"https://extracuzdan.com/new/vh7xBFLT0620260724165224","extra_token":"75o4q5qw7p8GAKqJeIqW6yfqNQHndgFr359VJ6AE"}} 
